{
"type": "FeatureCollection",
"name": "tulyehualco_rural",
"crs": { "type": "name", "properties": { "name": "urn:ogc:def:crs:OGC:1.3:CRS84" } },
"features": [
{ "type": "Feature", "properties": { "index": 0, "EDICION": "2025", "VERSION": "1", "TIPO_GEO": "ar", "CVEGEO": "090130902", "CVE_ENT": "09", "CVE_MUN": "013", "CVE_AGEB": "0902" }, "geometry": { "type": "MultiPolygon", "coordinates": [ [ [ [ -99.112730889961838, 19.225315120828661 ], [ -99.112967112479296, 19.224936495139918 ], [ -99.113175369680278, 19.224299549624568 ], [ -99.113284592230229, 19.224127850154201 ], [ -99.11334761929588, 19.224054421004123 ], [ -99.113410679901506, 19.224008030438945 ], [ -99.113469538606694, 19.22400402081135 ], [ -99.113551629251461, 19.223983421197801 ], [ -99.113675119385263, 19.223901461296716 ], [ -99.11374551870864, 19.223844321081973 ], [ -99.113773338692297, 19.223780260491985 ], [ -99.113802650281841, 19.223749600957561 ], [ -99.113878918573121, 19.223716150023286 ], [ -99.11393896866538, 19.223708569892722 ], [ -99.114040178690132, 19.223767249690486 ], [ -99.114125660354219, 19.223788619622638 ], [ -99.114254888969995, 19.223796909976368 ], [ -99.114464684797497, 19.22376654841586 ], [ -99.114569219485261, 19.223727720498378 ], [ -99.114627149119201, 19.223693181205253 ], [ -99.114699979599422, 19.223638580282529 ], [ -99.114762819951835, 19.223576080351073 ], [ -99.114832478899004, 19.223469750960291 ], [ -99.114897316208584, 19.223308186293533 ], [ -99.115003918983746, 19.222962740378367 ], [ -99.11502107902615, 19.22277746120804 ], [ -99.115048600115998, 19.222735940859142 ], [ -99.115091628759728, 19.222693800016991 ], [ -99.115261599084192, 19.222644851284478 ], [ -99.115343489970186, 19.222583911125604 ], [ -99.115399679855201, 19.222496741086811 ], [ -99.11554868043001, 19.22239548082176 ], [ -99.115674968653153, 19.22227872011911 ], [ -99.115732109858286, 19.222141830185656 ], [ -99.115736948572504, 19.222094830097149 ], [ -99.115725509570524, 19.22204771107241 ], [ -99.115679319716122, 19.221967200677522 ], [ -99.115677340016248, 19.221937370802923 ], [ -99.115708999993132, 19.221919089780116 ], [ -99.115861828677396, 19.221900770052354 ], [ -99.115964918968672, 19.221913950116409 ], [ -99.116458890340866, 19.221865520112907 ], [ -99.116614170088241, 19.22189608024653 ], [ -99.116623289198557, 19.221826579604343 ], [ -99.116600319365034, 19.221702770809841 ], [ -99.116655546906074, 19.221481725363844 ], [ -99.116758799147547, 19.221253880135183 ], [ -99.116750349203983, 19.22118872061187 ], [ -99.116307979669358, 19.22084151493922 ], [ -99.115690229093957, 19.220610400639107 ], [ -99.11563970869247, 19.220535259759313 ], [ -99.112803769688881, 19.219575570069807 ], [ -99.111443801117929, 19.219024882454121 ], [ -99.111424766362035, 19.219019961187037 ], [ -99.111298912353163, 19.218835664665608 ], [ -99.110874805504054, 19.218214613734354 ], [ -99.110011518604381, 19.2208794204135 ], [ -99.109977980321304, 19.220927229813046 ], [ -99.109936029829427, 19.220949161190152 ], [ -99.109637457889306, 19.220842912539727 ], [ -99.109568782371838, 19.220909596369061 ], [ -99.109488037302668, 19.220940821187334 ], [ -99.109426846069141, 19.220948917613814 ], [ -99.109360631763195, 19.220936464568158 ], [ -99.109286370200124, 19.220807506823309 ], [ -99.109306668363459, 19.220764675137683 ], [ -99.109333961256155, 19.22068696151732 ], [ -99.108995713252384, 19.220311544599827 ], [ -99.108761465785307, 19.220093248701993 ], [ -99.108726610379307, 19.220267537194211 ], [ -99.108678712553271, 19.220375017682919 ], [ -99.108605360297602, 19.220307058136871 ], [ -99.108487751279725, 19.220227701702299 ], [ -99.108470336270116, 19.220262030657437 ], [ -99.108101478529562, 19.220228608336253 ], [ -99.107965923958233, 19.220239308426187 ], [ -99.107974720193326, 19.220276726030214 ], [ -99.107714751511281, 19.220418678840758 ], [ -99.106430730343732, 19.219750575702719 ], [ -99.106421199391008, 19.219685134885779 ], [ -99.106421180294461, 19.219685091033025 ], [ -99.106421264071642, 19.219684694010883 ], [ -99.106485270428024, 19.219407152207364 ], [ -99.106533113152892, 19.21931598167485 ], [ -99.106533119620735, 19.219315856774653 ], [ -99.106526443333763, 19.219046740223387 ], [ -99.106406681784804, 19.218798449701428 ], [ -99.106288215792844, 19.218701908866379 ], [ -99.106106221156267, 19.218650182510395 ], [ -99.105912534835824, 19.218556047935458 ], [ -99.105885216880765, 19.218516000284911 ], [ -99.106038828873565, 19.217949199847389 ], [ -99.106041017648025, 19.217496819970009 ], [ -99.10597881399022, 19.217342183249038 ], [ -99.105576413087604, 19.216897091124011 ], [ -99.105444902939269, 19.216281155604918 ], [ -99.105393678029799, 19.216227031013791 ], [ -99.105154478020154, 19.216117984012914 ], [ -99.104764709680879, 19.215826920698646 ], [ -99.104310198970737, 19.215224220691915 ], [ -99.104277109069429, 19.215124387853123 ], [ -99.104179180326994, 19.215047420812017 ], [ -99.104143049738269, 19.214980180716967 ], [ -99.104040049835262, 19.214617970199289 ], [ -99.103970689711886, 19.214054649882605 ], [ -99.103981520461346, 19.213975480467333 ], [ -99.103567722518292, 19.212769349040347 ], [ -99.103525769251689, 19.212667370324443 ], [ -99.103466569177399, 19.211704490819837 ], [ -99.103407490231874, 19.211556460451494 ], [ -99.103310749451978, 19.211423050777334 ], [ -99.103181049832116, 19.211300519741577 ], [ -99.103053539561159, 19.211195859997634 ], [ -99.102891749346597, 19.211101779815689 ], [ -99.102576769585355, 19.211100060189295 ], [ -99.102364579729482, 19.210849739787296 ], [ -99.102161200029798, 19.21078908054394 ], [ -99.102048919601785, 19.210737649634762 ], [ -99.101722059821796, 19.210694430767862 ], [ -99.101475798597647, 19.210583479826898 ], [ -99.100693090133404, 19.210286742461104 ], [ -99.100540228854257, 19.210194539955452 ], [ -99.100391798869225, 19.210074718067428 ], [ -99.099884860014981, 19.209570598900402 ], [ -99.099827460131536, 19.209478399722034 ], [ -99.099746549452334, 19.209231912752021 ], [ -99.099674286174206, 19.209113290954935 ], [ -99.099401857086917, 19.208873460935525 ], [ -99.099326780425784, 19.208752181216472 ], [ -99.099273890442362, 19.208591351364849 ], [ -99.099251249502089, 19.208234829889193 ], [ -99.099212509680967, 19.208147279827081 ], [ -99.099269419647555, 19.208105150060984 ], [ -99.099305859851043, 19.208069419813246 ], [ -99.099369139683844, 19.207990849643171 ], [ -99.09983065983198, 19.20749560119949 ], [ -99.099920538741117, 19.207385630367181 ], [ -99.099976020173173, 19.207267049750435 ], [ -99.100012970315717, 19.207144000048533 ], [ -99.100026110233713, 19.206993350354658 ], [ -99.100044750038961, 19.206519550900477 ], [ -99.100057919687799, 19.206414091138516 ], [ -99.100084310255042, 19.206321181065064 ], [ -99.100123950056826, 19.2062458510986 ], [ -99.100182088872501, 19.206170490578749 ], [ -99.100256120099004, 19.206115230552186 ], [ -99.100375119165022, 19.206072481334353 ], [ -99.100606340096931, 19.205998030169244 ], [ -99.100635564095739, 19.205984532842056 ], [ -99.100698879517509, 19.205955290666537 ], [ -99.100802000364439, 19.205894981251241 ], [ -99.100886118882315, 19.205824651097945 ], [ -99.100984418643435, 19.205721650806549 ], [ -99.101002279284458, 19.205700799842454 ], [ -99.101147594183004, 19.205531206713978 ], [ -99.101590020176275, 19.205014859608973 ], [ -99.101693088750267, 19.204891780309381 ], [ -99.101745939236281, 19.204808890754741 ], [ -99.101763659549192, 19.204762798873503 ], [ -99.101780428932727, 19.204719180116978 ], [ -99.101814749673068, 19.204621630614074 ], [ -99.101854310627687, 19.204430430579375 ], [ -99.10187084959118, 19.204200849805435 ], [ -99.101899711196381, 19.203823420775816 ], [ -99.101933180389622, 19.203434250405913 ], [ -99.101963600170549, 19.20264608970805 ], [ -99.102022430300067, 19.20228052131997 ], [ -99.10207006031915, 19.201846400105318 ], [ -99.102086450425602, 19.201572321242491 ], [ -99.102117580297062, 19.201051799911465 ], [ -99.10217033920668, 19.200827969734362 ], [ -99.102246939529337, 19.200661971305863 ], [ -99.102417180323968, 19.200693220767967 ], [ -99.103241819990373, 19.200621120939243 ], [ -99.104672571099726, 19.200705404634135 ], [ -99.10557546006271, 19.200597690663137 ], [ -99.105583087413393, 19.200677377734749 ], [ -99.105639629115828, 19.201054600821955 ], [ -99.10567171036196, 19.201121450209538 ], [ -99.105912193200396, 19.20122535742475 ], [ -99.106940059921754, 19.202611549866578 ], [ -99.107079148013455, 19.202711962714133 ], [ -99.107457568582205, 19.202906350757701 ], [ -99.108341709017893, 19.203476920197605 ], [ -99.108512369606871, 19.203549540374183 ], [ -99.108635909980535, 19.203556150385367 ], [ -99.108791769520053, 19.203514521192535 ], [ -99.108858149016811, 19.203517800232692 ], [ -99.108960538748022, 19.203434880626034 ], [ -99.109602029314473, 19.203755119970403 ], [ -99.109955290054145, 19.203130770610318 ], [ -99.110027579348142, 19.203096400295145 ], [ -99.11008737001012, 19.20303553971554 ], [ -99.110121509416956, 19.202962510258896 ], [ -99.110137979542401, 19.202793051576791 ], [ -99.110146248589842, 19.202650480452235 ], [ -99.110104019631819, 19.202542490352943 ], [ -99.110002079272277, 19.202414230506506 ], [ -99.110001860075116, 19.202113219604186 ], [ -99.110045948847414, 19.202071309991627 ], [ -99.110280459926614, 19.202051650722741 ], [ -99.110606088731529, 19.2017247201751 ], [ -99.110550219332794, 19.201487880084279 ], [ -99.110306688884222, 19.201371200570154 ], [ -99.110017828597591, 19.201160680304572 ], [ -99.109659140319323, 19.20090888078558 ], [ -99.109890519631719, 19.200538520765992 ], [ -99.110069279201014, 19.200124279874544 ], [ -99.110146219528275, 19.200007680357452 ], [ -99.110438089881001, 19.19973529161355 ], [ -99.109788078004527, 19.199473309552353 ], [ -99.108082578562062, 19.198827020575624 ], [ -99.108078090420463, 19.198791830829162 ], [ -99.107890548575227, 19.198666550261581 ], [ -99.106287470808368, 19.197847259459774 ], [ -99.105991618078534, 19.197845082338318 ], [ -99.106042566834432, 19.197917009532773 ], [ -99.106061847920301, 19.197959567466324 ], [ -99.106076928542564, 19.198009712820376 ], [ -99.106085198518585, 19.19804972591248 ], [ -99.106086080506358, 19.19805399353811 ], [ -99.106084655439702, 19.198121082585235 ], [ -99.105282577992071, 19.198060830567197 ], [ -99.105276625800087, 19.198060383024789 ], [ -99.10527768012075, 19.19805801969131 ], [ -99.10528136901803, 19.198052251592483 ], [ -99.105291394171076, 19.198036574337412 ], [ -99.105505594576414, 19.1977016260624 ], [ -99.105505778023797, 19.197701339676605 ], [ -99.105517616986063, 19.19768282624403 ], [ -99.105517972077223, 19.197682270459065 ], [ -99.105533087574443, 19.197658636017707 ], [ -99.105736399754761, 19.197340709934512 ], [ -99.105745302608099, 19.19732444220822 ], [ -99.105745451432469, 19.197324169653552 ], [ -99.105773277057096, 19.197273325048123 ], [ -99.105791835732049, 19.197239413400762 ], [ -99.105802954875656, 19.19721909509439 ], [ -99.105803143365719, 19.197218750824398 ], [ -99.105811601752578, 19.197203295363725 ], [ -99.105980264282437, 19.196895101404685 ], [ -99.105985473632259, 19.196885581928377 ], [ -99.105991724176647, 19.196874136438591 ], [ -99.106299573201468, 19.196311633395513 ], [ -99.106308246756527, 19.196295784340013 ], [ -99.106316085979699, 19.196281460305713 ], [ -99.106509630841984, 19.195927795338857 ], [ -99.106519382691332, 19.195909976584751 ], [ -99.106529169302831, 19.195892092362634 ], [ -99.106714994957173, 19.195552529880477 ], [ -99.106732878590307, 19.195519850026759 ], [ -99.106743489492231, 19.195500461422395 ], [ -99.106928060115337, 19.195163191303788 ], [ -99.106948061653839, 19.195126641066924 ], [ -99.108099514873786, 19.19302252131882 ], [ -99.108437567401339, 19.192404764064623 ], [ -99.108628165936921, 19.19205646203417 ], [ -99.108817228888711, 19.191710964298945 ], [ -99.109016765234955, 19.191346326143563 ], [ -99.109118014050821, 19.191161299902742 ], [ -99.110276339975215, 19.189044490086374 ], [ -99.111484089973473, 19.186834139547138 ], [ -99.11166244982914, 19.186513290198729 ], [ -99.112330629921246, 19.185295480095764 ], [ -99.112660619603943, 19.184692660217376 ], [ -99.113418350432468, 19.183302289889099 ], [ -99.11865414007039, 19.173742659729321 ], [ -99.119130140362216, 19.172872950045978 ], [ -99.1302443202446, 19.152544169968149 ], [ -99.131050740142626, 19.152668680453786 ], [ -99.131403319772573, 19.152653479884908 ], [ -99.131658149896921, 19.152634509888834 ], [ -99.132141569838595, 19.15292140022466 ], [ -99.132508849831197, 19.153026350219797 ], [ -99.132581630050979, 19.153121140340208 ], [ -99.132600259763691, 19.1532196601305 ], [ -99.132611540406458, 19.153381629773289 ], [ -99.132467849891043, 19.153989650336161 ], [ -99.132555049865601, 19.154298349961014 ], [ -99.132795349795018, 19.154880780077161 ], [ -99.132836619993753, 19.155825020054831 ], [ -99.132795290437031, 19.156623689561641 ], [ -99.132894830222, 19.157727519926205 ], [ -99.13282471037428, 19.158583680051045 ], [ -99.132724979645218, 19.159338659616079 ], [ -99.132694889724462, 19.160134429747444 ], [ -99.132523289892418, 19.160848030249312 ], [ -99.132398660193275, 19.161283769980169 ], [ -99.132248649527909, 19.161609080320538 ], [ -99.131976350165772, 19.162126630052285 ], [ -99.131814649597843, 19.1626089402735 ], [ -99.131650340450065, 19.163185549601483 ], [ -99.13106845032307, 19.164055490197288 ], [ -99.130641429531607, 19.164900419789493 ], [ -99.130471020018248, 19.165408889607406 ], [ -99.130314769747045, 19.165906060329316 ], [ -99.130217520323782, 19.166579429844887 ], [ -99.130202279724841, 19.167264030045349 ], [ -99.130174219747872, 19.168220480135055 ], [ -99.130313479867553, 19.168859059546758 ], [ -99.130520830015342, 19.17040211964072 ], [ -99.130514540250957, 19.170572769864897 ], [ -99.130477939649722, 19.170721520308938 ], [ -99.130519659538734, 19.170837720161384 ], [ -99.130533020201497, 19.171047510122133 ], [ -99.130543179738339, 19.171393649616242 ], [ -99.130508889851257, 19.171643950437591 ], [ -99.130477400426514, 19.171800740446368 ], [ -99.130461849908997, 19.171855289950887 ], [ -99.130409689969255, 19.171909820061479 ], [ -99.13034191997005, 19.171959430428796 ], [ -99.13024435008208, 19.17200808999144 ], [ -99.130071480066931, 19.172083549570218 ], [ -99.129997149527327, 19.172137510272346 ], [ -99.129962780207336, 19.172195850064842 ], [ -99.12995054983837, 19.172246020063938 ], [ -99.129949399759198, 19.172360279835722 ], [ -99.130033879938495, 19.172446379674906 ], [ -99.130072999784659, 19.172515020429461 ], [ -99.130196720042349, 19.172670719882237 ], [ -99.130468880047786, 19.172971019989944 ], [ -99.130794979669815, 19.173420399667563 ], [ -99.130911919904477, 19.173603320398851 ], [ -99.131106349696296, 19.173842650074825 ], [ -99.131382779583205, 19.174037520205705 ], [ -99.131567179879241, 19.174293029634974 ], [ -99.13175157004045, 19.174548509721784 ], [ -99.131950180116462, 19.174864539883952 ], [ -99.13206374008746, 19.175120089601027 ], [ -99.132132719871151, 19.175501449987873 ], [ -99.132161179617697, 19.175836950053974 ], [ -99.132249449612587, 19.176214950301521 ], [ -99.132310920258064, 19.17639491036719 ], [ -99.132414310247199, 19.176537020283153 ], [ -99.132502199949499, 19.176669339751534 ], [ -99.13250485958406, 19.176772289568049 ], [ -99.132438510467651, 19.176973619625667 ], [ -99.132325629633257, 19.177217079704057 ], [ -99.132295659675833, 19.177467650439976 ], [ -99.132295860208032, 19.177703880307746 ], [ -99.132326219675861, 19.177961570303221 ], [ -99.132401820149838, 19.178212059982457 ], [ -99.132394550157457, 19.178532219770656 ], [ -99.132243120452245, 19.178756310196754 ], [ -99.132157910222674, 19.179007060134058 ], [ -99.132072709790606, 19.179272549706067 ], [ -99.131979799872269, 19.179619149874906 ], [ -99.131863660059096, 19.180054249850262 ], [ -99.131623229530121, 19.180393580340347 ], [ -99.131475880000806, 19.180629630250575 ], [ -99.131286829896936, 19.181253289596896 ], [ -99.131048450190107, 19.181807449880456 ], [ -99.130800179881533, 19.182102550133461 ], [ -99.130497519918933, 19.182309220075258 ], [ -99.130334649800972, 19.182552650336913 ], [ -99.130257310026366, 19.182950849805263 ], [ -99.130242089735489, 19.183356380078429 ], [ -99.13019576972566, 19.183702950057654 ], [ -99.13010123034509, 19.183933750196942 ], [ -99.129971309618384, 19.184116650413138 ], [ -99.129867600398072, 19.184152170187929 ], [ -99.129772170139447, 19.184164060294975 ], [ -99.129680920227642, 19.184223229787857 ], [ -99.129593860445439, 19.184317850120998 ], [ -99.129515139773048, 19.18446762995821 ], [ -99.129429540324765, 19.184547139879644 ], [ -99.1291156602244, 19.184608089902035 ], [ -99.128970459894276, 19.184651540350092 ], [ -99.128862680366936, 19.184789510022831 ], [ -99.128738380243277, 19.185029939779106 ], [ -99.128373660457996, 19.18560938039623 ], [ -99.127860030150615, 19.18604531981422 ], [ -99.127485910387449, 19.186407349844643 ], [ -99.1273858200598, 19.186714259778629 ], [ -99.127251519979438, 19.186999829786583 ], [ -99.127076120195753, 19.187266179856579 ], [ -99.1271212498702, 19.187564400420175 ], [ -99.127267970381411, 19.187862539962591 ], [ -99.127412399643248, 19.188108430370665 ], [ -99.12756965955154, 19.188291279803938 ], [ -99.127735090411917, 19.188474490251146 ], [ -99.128161950381283, 19.188810850192596 ], [ -99.128728430149081, 19.18914525036238 ], [ -99.129347630390058, 19.189811169856799 ], [ -99.129935140357802, 19.190297510166459 ], [ -99.129995950123771, 19.190490309587918 ], [ -99.130003000399356, 19.190733429945855 ], [ -99.130149400229513, 19.190902169906863 ], [ -99.130477179873822, 19.191083089718383 ], [ -99.130672719880394, 19.191314909993288 ], [ -99.130657969880787, 19.191646739702517 ], [ -99.130658309601245, 19.192067249877425 ], [ -99.130598279752775, 19.19229172035142 ], [ -99.130654280268658, 19.192450770096976 ], [ -99.130641549686857, 19.192695579556734 ], [ -99.130775000353736, 19.192940309811547 ], [ -99.130616140290229, 19.193164850422963 ], [ -99.130577689807978, 19.193385219846895 ], [ -99.130472000299278, 19.193662659983541 ], [ -99.130468279573833, 19.193760180012379 ], [ -99.130491149948185, 19.194012540068297 ], [ -99.13027937967226, 19.194334120342852 ], [ -99.130236199705237, 19.194366169665084 ], [ -99.13010379982714, 19.194468030418054 ], [ -99.130078260466917, 19.194513739727999 ], [ -99.130092799603574, 19.194567220384247 ], [ -99.13012338010131, 19.194680230255898 ], [ -99.130021579646908, 19.194910749592676 ], [ -99.129943569038318, 19.195357080379935 ], [ -99.1297941777662, 19.195308078154941 ], [ -99.129528841694622, 19.195221042542165 ], [ -99.129238135838335, 19.195675972262315 ], [ -99.129017170636601, 19.195629351272714 ], [ -99.12902871209036, 19.195536601021892 ], [ -99.128457885077609, 19.195452719415272 ], [ -99.128502019514201, 19.195364472170855 ], [ -99.128155860498538, 19.195224565696883 ], [ -99.128136686587013, 19.195126947821439 ], [ -99.127319921163703, 19.194765979489361 ], [ -99.127265304649939, 19.194994605707635 ], [ -99.127334834757988, 19.195515417186975 ], [ -99.127227170024398, 19.195762230917516 ], [ -99.127150109566969, 19.195790921274906 ], [ -99.127093659624151, 19.19584934019133 ], [ -99.126982770107347, 19.196053880887707 ], [ -99.126905649483362, 19.196145281301781 ], [ -99.126742999022539, 19.196295369549919 ], [ -99.126567540221473, 19.19639938023974 ], [ -99.126186318714332, 19.195986550640111 ], [ -99.126113279718126, 19.195932799977168 ], [ -99.126035970247798, 19.195891279755539 ], [ -99.125968978874155, 19.195872600960296 ], [ -99.125888836339541, 19.195856355119993 ], [ -99.125682290092783, 19.195849030072083 ], [ -99.125636768616445, 19.195836510923179 ], [ -99.125593430298181, 19.195811449765049 ], [ -99.125558888813984, 19.195782169539665 ], [ -99.125163919758279, 19.195158090430041 ], [ -99.125004029887393, 19.194979221156959 ], [ -99.124880799583934, 19.194940820881456 ], [ -99.124734459671345, 19.194808061087716 ], [ -99.124666178746779, 19.194771450276665 ], [ -99.124642629885983, 19.194751580044006 ], [ -99.124625618950219, 19.194724459977795 ], [ -99.124584919017437, 19.194556340541968 ], [ -99.124428168985517, 19.194430180376006 ], [ -99.124368530277223, 19.194364293652743 ], [ -99.124313082439784, 19.194337709568625 ], [ -99.124313059302736, 19.194107910315292 ], [ -99.124146979403591, 19.19394042966244 ], [ -99.124019579226115, 19.194096551229869 ], [ -99.123571459462468, 19.194282150018129 ], [ -99.123432658614433, 19.194318280939505 ], [ -99.123256198953882, 19.194326939659131 ], [ -99.123079750259564, 19.194327310811932 ], [ -99.12280184952867, 19.194288819786507 ], [ -99.122840679875608, 19.194056625673898 ], [ -99.122859658965069, 19.193729539818495 ], [ -99.122818319235947, 19.193324710463173 ], [ -99.122510286545676, 19.192711063464877 ], [ -99.122281979198945, 19.192308310204918 ], [ -99.122255340893176, 19.192261481530753 ], [ -99.122122649706654, 19.192028220990906 ], [ -99.121661288988122, 19.19157032129332 ], [ -99.121603079342691, 19.191393540272699 ], [ -99.121494831968306, 19.190770910525863 ], [ -99.121266849071461, 19.189935029618805 ], [ -99.121029049940503, 19.189457340181136 ], [ -99.120945509581162, 19.18909446028777 ], [ -99.120363228717849, 19.189056200882462 ], [ -99.120235599039191, 19.189119429935761 ], [ -99.119996919680332, 19.189088420483209 ], [ -99.119968019233966, 19.190113710481032 ], [ -99.119999800319164, 19.190179629706169 ], [ -99.120085228929142, 19.190267510663229 ], [ -99.120135420113485, 19.190387400087616 ], [ -99.120147720323487, 19.190544750075439 ], [ -99.120050339436602, 19.190913859841043 ], [ -99.120028509211195, 19.191145650262875 ], [ -99.119976139722098, 19.191329080515715 ], [ -99.119987279504613, 19.191561079812548 ], [ -99.119909171853251, 19.191750308052562 ], [ -99.119868979120795, 19.191854950952738 ], [ -99.119847139756658, 19.19201002089472 ], [ -99.119855720354565, 19.192076649924996 ], [ -99.11979656864699, 19.193216319542817 ], [ -99.119779829210714, 19.193232250907474 ], [ -99.119057849687294, 19.1931158602148 ], [ -99.119043450260534, 19.193020540214654 ], [ -99.118968649268638, 19.19290449077052 ], [ -99.11894956990713, 19.192852779578654 ], [ -99.118944739706066, 19.192739310516707 ], [ -99.118925620411474, 19.192690481277072 ], [ -99.118888940319522, 19.192640510536535 ], [ -99.118459249910742, 19.19183632010704 ], [ -99.118408289372368, 19.191688200580913 ], [ -99.118401490998451, 19.19158179302682 ], [ -99.118379769380226, 19.191373890668423 ], [ -99.118361648957105, 19.191292549980414 ], [ -99.118257370335385, 19.191164970274638 ], [ -99.117923659625006, 19.190984250077744 ], [ -99.117753658709077, 19.190964350759742 ], [ -99.117326820041939, 19.190527080517647 ], [ -99.117165019403672, 19.190452861171732 ], [ -99.117132350326656, 19.190415541171753 ], [ -99.117129248663332, 19.190365830986298 ], [ -99.117254079289822, 19.190174630455218 ], [ -99.117266309809779, 19.190104831301031 ], [ -99.116970600073586, 19.189576521258243 ], [ -99.116928489817525, 19.189529550217799 ], [ -99.116886378613231, 19.189501370135307 ], [ -99.11655962002115, 19.189424049753558 ], [ -99.115576999268413, 19.189365920023995 ], [ -99.115493689538198, 19.18932548119907 ], [ -99.115427140453562, 19.189276219925379 ], [ -99.115259860283956, 19.189070110584804 ], [ -99.115025489032092, 19.188710149592083 ], [ -99.114879369816435, 19.190374801102656 ], [ -99.114673243183077, 19.191302868952217 ], [ -99.114671585414172, 19.191313070772583 ], [ -99.114525818581171, 19.192209951246479 ], [ -99.114476019995209, 19.192942000973005 ], [ -99.114408532622008, 19.193481189250331 ], [ -99.114408449955675, 19.193481850820579 ], [ -99.114219649943934, 19.194014971235674 ], [ -99.114151348989694, 19.194074709670925 ], [ -99.113987697744747, 19.19457064910922 ], [ -99.113988446544937, 19.194576713326452 ], [ -99.114049648948765, 19.195072230609103 ], [ -99.113998648597999, 19.195572660103004 ], [ -99.113957658668653, 19.195628780611436 ], [ -99.113787379239156, 19.196449089665101 ], [ -99.11375896827289, 19.19706847879743 ], [ -99.113753612176993, 19.197185370447965 ], [ -99.11387882880824, 19.19750555137859 ], [ -99.113864754821492, 19.19765604651618 ], [ -99.113774694583228, 19.19793439832404 ], [ -99.113701710021928, 19.198336909040826 ], [ -99.113947490294763, 19.198543970585753 ], [ -99.114017613354605, 19.198650771105591 ], [ -99.114017660115522, 19.198697180154358 ], [ -99.1139661509539, 19.199008912705633 ], [ -99.113971199441522, 19.199111983095712 ], [ -99.114011598460095, 19.199329949761832 ], [ -99.113994678052975, 19.199396400185872 ], [ -99.113837709416728, 19.19973258293351 ], [ -99.113867661091021, 19.199908322983813 ], [ -99.113861858683222, 19.20003844968662 ], [ -99.114211659148808, 19.200249551181511 ], [ -99.114355848769577, 19.200389720680317 ], [ -99.114522260411718, 19.20047922104213 ], [ -99.114759769086334, 19.200549651076631 ], [ -99.115052139325272, 19.200602890721679 ], [ -99.115532679394207, 19.20077040047638 ], [ -99.117442579743582, 19.201656620267197 ], [ -99.117561978807714, 19.201669510926209 ], [ -99.117600586479895, 19.201700311303252 ], [ -99.117627110339498, 19.201745711353954 ], [ -99.117651219231632, 19.201770221140237 ], [ -99.117690289559349, 19.201788711195139 ], [ -99.117800709848595, 19.201797540050833 ], [ -99.117841479728582, 19.201810971068497 ], [ -99.118111028621968, 19.201962121009252 ], [ -99.118245399316876, 19.20201054033037 ], [ -99.118385199036439, 19.202103090649743 ], [ -99.118586148585933, 19.202166540316185 ], [ -99.118622519618583, 19.202190120791226 ], [ -99.118651279258131, 19.202222800301467 ], [ -99.11868957868451, 19.202317250375799 ], [ -99.118745139825307, 19.202353550711116 ], [ -99.118902309625327, 19.202395479556824 ], [ -99.118937199051913, 19.20241796990366 ], [ -99.119005600311127, 19.202506631061738 ], [ -99.119181368728704, 19.20258727989405 ], [ -99.119435338565964, 19.202778850987251 ], [ -99.11953035027021, 19.202815340409984 ], [ -99.119633968863582, 19.202836420683763 ], [ -99.120131319622843, 19.202860079719791 ], [ -99.120283979248285, 19.20291836956422 ], [ -99.120368309172051, 19.20296938002949 ], [ -99.120473620262274, 19.203062799754516 ], [ -99.120879449006964, 19.203630829893147 ], [ -99.120939678950677, 19.20389903035451 ], [ -99.121035548582825, 19.203989740260795 ], [ -99.121063739673076, 19.20405491958774 ], [ -99.121111629946881, 19.204141962052763 ], [ -99.121228310092832, 19.204248799758087 ], [ -99.121279478711244, 19.204345199802898 ], [ -99.121280738685343, 19.204536309568255 ], [ -99.12131677859162, 19.204675800026962 ], [ -99.121379000401589, 19.204765221222594 ], [ -99.12147200010169, 19.204862000451147 ], [ -99.121586260166097, 19.204941430149109 ], [ -99.122220843086112, 19.205547386335297 ], [ -99.122182934863147, 19.205815268604812 ], [ -99.122234618933959, 19.206003076586668 ], [ -99.12241384523476, 19.206311609516067 ], [ -99.122052527007938, 19.206272661912127 ], [ -99.121349488761084, 19.206211340889254 ], [ -99.120269519081674, 19.206028199819364 ], [ -99.120088230248399, 19.206872569889956 ], [ -99.119871139592775, 19.206808400917058 ], [ -99.119613088739982, 19.206698599708567 ], [ -99.119440979469232, 19.206698819612338 ], [ -99.119231279163401, 19.206682221235141 ], [ -99.119180139022447, 19.206710770370638 ], [ -99.119051459493946, 19.20686775024884 ], [ -99.118980570421812, 19.20706491065296 ], [ -99.118990400024643, 19.207166750339315 ], [ -99.119057350083338, 19.207300339669207 ], [ -99.1190519385854, 19.207406249769395 ], [ -99.118933607700598, 19.207763861411834 ], [ -99.118668769314283, 19.208368369754886 ], [ -99.118486980320995, 19.208878150931668 ], [ -99.118487020095074, 19.208939660916151 ], [ -99.118521980221274, 19.209050860808599 ], [ -99.119284407371055, 19.21040228089463 ], [ -99.119494019834804, 19.210638799584721 ], [ -99.119531460072835, 19.210714489593915 ], [ -99.119559289318346, 19.210876691290061 ], [ -99.119949019912994, 19.211588031153536 ], [ -99.11997177877511, 19.212028170697106 ], [ -99.119927419671896, 19.212394380705291 ], [ -99.119875720431438, 19.212663090534555 ], [ -99.119753620153077, 19.212929230480452 ], [ -99.1197656795445, 19.213161920056589 ], [ -99.120214629587608, 19.213333800117709 ], [ -99.120218349713312, 19.213960291202518 ], [ -99.120802510772734, 19.214186984257037 ], [ -99.120389540326826, 19.214950220319331 ], [ -99.120252660162365, 19.215146280208035 ], [ -99.120099579265201, 19.215290149879877 ], [ -99.119999176791723, 19.21529991045551 ], [ -99.119920878750975, 19.215287030423241 ], [ -99.119856198645863, 19.215251539963209 ], [ -99.119813619340675, 19.215196650430784 ], [ -99.11979653858171, 19.215144970740397 ], [ -99.119747939588535, 19.214579940172595 ], [ -99.119716339955616, 19.214516720517569 ], [ -99.119633279647914, 19.214480660034504 ], [ -99.119459108634445, 19.214489971128508 ], [ -99.119384849918845, 19.214550920745403 ], [ -99.119354228779528, 19.214611371307754 ], [ -99.119326600198548, 19.214997620833788 ], [ -99.119279890244513, 19.215249109899112 ], [ -99.119106998843847, 19.215491979648935 ], [ -99.118704118775895, 19.215775170886502 ], [ -99.11842988905687, 19.215944519834053 ], [ -99.117469691255451, 19.216419166151312 ], [ -99.117251919543364, 19.216525140651086 ], [ -99.117152749554307, 19.216613200357962 ], [ -99.117077548596072, 19.216702120021846 ], [ -99.11661485019718, 19.216968380038612 ], [ -99.116298618692213, 19.217094281033123 ], [ -99.11620000042609, 19.217102709734426 ], [ -99.115622179669941, 19.21706781958369 ], [ -99.115426185608371, 19.217063694894122 ], [ -99.115225330624199, 19.217081724027665 ], [ -99.11379030891635, 19.217800690198747 ], [ -99.11367676884521, 19.217914193551511 ], [ -99.113362769799124, 19.218339200257141 ], [ -99.113420779364404, 19.218463091175877 ], [ -99.113480179183597, 19.21848546114245 ], [ -99.113956488731574, 19.218545661283219 ], [ -99.114155140215189, 19.218543970678944 ], [ -99.114645619306316, 19.218493459945936 ], [ -99.114746829943186, 19.218452520291493 ], [ -99.115139108740678, 19.218431290962819 ], [ -99.115172819772567, 19.218416910584537 ], [ -99.115197259273003, 19.218390350724789 ], [ -99.115211199829616, 19.218358321103803 ], [ -99.115248939526779, 19.218147980265954 ], [ -99.115413089533291, 19.218188740183813 ], [ -99.115640097789381, 19.218202191015592 ], [ -99.116151248903108, 19.21848236989873 ], [ -99.116357318789994, 19.218481550143157 ], [ -99.116811150270166, 19.218424920068152 ], [ -99.11696398043685, 19.218824380348984 ], [ -99.117051766003996, 19.219170996162607 ], [ -99.117505155953964, 19.220052291201068 ], [ -99.117479113373264, 19.220732419966065 ], [ -99.11759917869955, 19.220954939978736 ], [ -99.117612479977325, 19.221016569980769 ], [ -99.117609919117271, 19.221141110467325 ], [ -99.117843199885385, 19.221466510000582 ], [ -99.117826461595897, 19.221905476116198 ], [ -99.117813570423536, 19.222243569557929 ], [ -99.117787278828061, 19.22229509042975 ], [ -99.117596969984206, 19.222453231205691 ], [ -99.11723355250551, 19.222673614327284 ], [ -99.117165476564409, 19.222714896939724 ], [ -99.116818489943469, 19.222785170303833 ], [ -99.116717998994318, 19.222832720848821 ], [ -99.116587779341955, 19.222985370983952 ], [ -99.116504651573976, 19.223266101352156 ], [ -99.116484999952007, 19.223494970386561 ], [ -99.116451370447933, 19.223549059821288 ], [ -99.116350180289672, 19.223658801114588 ], [ -99.116229992222145, 19.223733812158631 ], [ -99.115900220285781, 19.223893509706659 ], [ -99.115689718821102, 19.223995310497546 ], [ -99.115565719957871, 19.224078829652633 ], [ -99.115514939902937, 19.224134528205578 ], [ -99.115493220075692, 19.224182140815095 ], [ -99.115489479269101, 19.224262050751527 ], [ -99.115499939153764, 19.22433028039249 ], [ -99.115636749916348, 19.224441481173219 ], [ -99.11566819939793, 19.224519379994881 ], [ -99.115704949888652, 19.224945460094414 ], [ -99.115805314584023, 19.225333102950035 ], [ -99.115983798624981, 19.225969939997018 ], [ -99.116076419592488, 19.226175889752266 ], [ -99.116171082832935, 19.226287549824843 ], [ -99.115931445602783, 19.226165133073838 ], [ -99.115534492711106, 19.226388662344867 ], [ -99.115479352648975, 19.226406998531221 ], [ -99.115413484892485, 19.226465857089078 ], [ -99.115134304949478, 19.22649169342651 ], [ -99.115101922323603, 19.226504051844852 ], [ -99.115074905112209, 19.226521475742739 ], [ -99.115046529957255, 19.226628864584356 ], [ -99.114578583040554, 19.22662107007454 ], [ -99.113853144287319, 19.226496774802424 ], [ -99.113542703782883, 19.226474249149227 ], [ -99.113210806162229, 19.226390939910715 ], [ -99.113051264531435, 19.226244583058211 ], [ -99.113043316014654, 19.226119021835522 ], [ -99.112528209760626, 19.225930326465811 ], [ -99.11271476938839, 19.225430949836223 ], [ -99.112692739083982, 19.225422689964766 ], [ -99.112730889961838, 19.225315120828661 ] ] ], [ [ [ -99.031502255440429, 19.24579724787003 ], [ -99.031386168924158, 19.245784087835883 ], [ -99.031570178357825, 19.245417229167032 ], [ -99.031580548116324, 19.245276349196352 ], [ -99.03155594004032, 19.245207508753634 ], [ -99.031595417080354, 19.244814797752049 ], [ -99.031559179830964, 19.244649459797255 ], [ -99.031284401540688, 19.244622798474406 ], [ -99.031271805785934, 19.244532665645153 ], [ -99.03100480577271, 19.244542330073074 ], [ -99.030824194941246, 19.244265477055471 ], [ -99.030354707804335, 19.244132134625413 ], [ -99.030291520194766, 19.244033934336983 ], [ -99.030122613416054, 19.24400400605013 ], [ -99.030249053078109, 19.243754800398481 ], [ -99.030342840034024, 19.243474113766247 ], [ -99.030363535592016, 19.243339371632462 ], [ -99.03033582954582, 19.243145964801535 ], [ -99.030401954668406, 19.242728441761994 ], [ -99.030513975293644, 19.242446610050486 ], [ -99.030505722600665, 19.242377116465207 ], [ -99.030412529364426, 19.242210355815065 ], [ -99.030508939523884, 19.241861439142699 ], [ -99.030510558278621, 19.24172270163811 ], [ -99.030488054914656, 19.241652757490616 ], [ -99.030436401855795, 19.241572096359057 ], [ -99.030452121956984, 19.241485726159802 ], [ -99.030532790342775, 19.24127709047459 ], [ -99.030546820055065, 19.241265537606804 ], [ -99.030573188517792, 19.241248588440115 ], [ -99.030823537401261, 19.241205122378116 ], [ -99.030915244240106, 19.241178301565839 ], [ -99.030992382045241, 19.241130276341089 ], [ -99.031233698459431, 19.24067110361036 ], [ -99.032137150466511, 19.240281216741362 ], [ -99.032285447591875, 19.240156253001189 ], [ -99.032532248566284, 19.239808800876407 ], [ -99.032107048279101, 19.239664506007934 ], [ -99.031891018207119, 19.239561287251604 ], [ -99.03152991050203, 19.239456429784806 ], [ -99.031560136711548, 19.239362589533119 ], [ -99.031519286318584, 19.239334584485881 ], [ -99.031502636437125, 19.239301372812939 ], [ -99.031525029130478, 19.239129469529168 ], [ -99.031276013961886, 19.239091012988755 ], [ -99.031220355082169, 19.239004580265263 ], [ -99.031133961854437, 19.238966590531152 ], [ -99.031046704329412, 19.238958976530917 ], [ -99.030974299826823, 19.238923032127879 ], [ -99.030882876408597, 19.238933245975833 ], [ -99.030816450311022, 19.238980196949971 ], [ -99.030776224168335, 19.238984126100657 ], [ -99.030742730247198, 19.238981936223666 ], [ -99.030714559924064, 19.238974360662088 ], [ -99.030674257856234, 19.238948431864586 ], [ -99.030630475504466, 19.238949395447413 ], [ -99.030612990981851, 19.238952992673443 ], [ -99.030596540473638, 19.238976627468602 ], [ -99.030571986637582, 19.23900049246453 ], [ -99.030551385611361, 19.239014469168062 ], [ -99.030523291162169, 19.239023364389276 ], [ -99.030497190501222, 19.239026562008632 ], [ -99.030463600794391, 19.239012927364939 ], [ -99.030350546918584, 19.238946516945106 ], [ -99.030256107354006, 19.238872820496276 ], [ -99.030229338293026, 19.238849627546333 ], [ -99.030165494430406, 19.238811564396791 ], [ -99.030122107416943, 19.238795098673268 ], [ -99.030026657929511, 19.238792749892145 ], [ -99.02997791448901, 19.23880076042979 ], [ -99.029931643684591, 19.238835706143156 ], [ -99.029900235702058, 19.238842667882057 ], [ -99.029823221270789, 19.238846146653724 ], [ -99.029794302107334, 19.238861891204728 ], [ -99.029772287186404, 19.238864679837395 ], [ -99.029717456901224, 19.238867582087764 ], [ -99.029679125865286, 19.238847858059362 ], [ -99.029660059581374, 19.238836507618757 ], [ -99.029637798225338, 19.238835112896719 ], [ -99.029619051588227, 19.238838935232636 ], [ -99.029599704497841, 19.238845797170999 ], [ -99.0295655279496, 19.238867037339791 ], [ -99.029554312088919, 19.238872651326499 ], [ -99.029511276128616, 19.238884615464688 ], [ -99.029482540310553, 19.238882241688501 ], [ -99.029417027475802, 19.238868928190499 ], [ -99.029398827022277, 19.238870711866884 ], [ -99.029380964962698, 19.238879547280536 ], [ -99.029369764096344, 19.238889546604472 ], [ -99.029359234870427, 19.238896129014943 ], [ -99.029343139299542, 19.238902605522181 ], [ -99.029305562033585, 19.238901766464561 ], [ -99.029175937789773, 19.238890918635089 ], [ -99.029134283408524, 19.238873125901719 ], [ -99.029125481535118, 19.238860689038436 ], [ -99.029115426972069, 19.23884323544641 ], [ -99.029105754495859, 19.238816223791048 ], [ -99.029091182791618, 19.238796043027818 ], [ -99.029066997740159, 19.238768792900267 ], [ -99.028996334238343, 19.238724077266433 ], [ -99.028969992944553, 19.238713556621757 ], [ -99.028945789590807, 19.238707174991667 ], [ -99.028901041774802, 19.238703163234838 ], [ -99.028867140196283, 19.238707946578064 ], [ -99.028793755785344, 19.238742577604771 ], [ -99.028703448395447, 19.238813478070618 ], [ -99.028620916869457, 19.238906936992905 ], [ -99.028571939776626, 19.238967450814513 ], [ -99.028486428375132, 19.238933146221864 ], [ -99.028429646442063, 19.238940506994034 ], [ -99.028367687167076, 19.238995249480379 ], [ -99.028317967907029, 19.239073596890822 ], [ -99.028279197467782, 19.239121147301269 ], [ -99.028223516868735, 19.239170446843097 ], [ -99.0281755976564, 19.239202748494911 ], [ -99.028066519433878, 19.23929987941154 ], [ -99.028053548690565, 19.239330308620765 ], [ -99.028046936762166, 19.239454797495249 ], [ -99.0280396772893, 19.239510078482986 ], [ -99.028032398328605, 19.239533116215917 ], [ -99.028021478319488, 19.239552706502824 ], [ -99.028008138764591, 19.239561917088668 ], [ -99.027948076603764, 19.239576908717588 ], [ -99.02793588908979, 19.239600117996645 ], [ -99.027927018045105, 19.239646457618601 ], [ -99.027921139927543, 19.239659676472979 ], [ -99.027908148355877, 19.239664916543166 ], [ -99.027851035146909, 19.239677126772058 ], [ -99.027800879887494, 19.239724286268903 ], [ -99.027772477500335, 19.239730317392223 ], [ -99.027726338293363, 19.239734538843866 ], [ -99.027687339698062, 19.239733867101936 ], [ -99.027639478295598, 19.239725477468905 ], [ -99.027588160773263, 19.239713122145474 ], [ -99.027521826493455, 19.239688747450824 ], [ -99.027162571337357, 19.240012907255544 ], [ -99.027281447561492, 19.240148258551503 ], [ -99.027294148196944, 19.240180738845034 ], [ -99.027297105830371, 19.240220655860728 ], [ -99.027080777541954, 19.240494026971007 ], [ -99.027040419655918, 19.240542247148401 ], [ -99.026955740264825, 19.24058708671366 ], [ -99.026754619572969, 19.240648780658244 ], [ -99.026658048134337, 19.240628117233648 ], [ -99.026612676934349, 19.240609027465155 ], [ -99.026569017836309, 19.240568227273002 ], [ -99.026511887522787, 19.240539427253186 ], [ -99.026465817350129, 19.240522907602525 ], [ -99.02641242770143, 19.240519732382765 ], [ -99.026340847380737, 19.240539376286144 ], [ -99.026268889026085, 19.240540071761199 ], [ -99.02614337734677, 19.240516167071249 ], [ -99.026069947797311, 19.240489966788388 ], [ -99.025924708613161, 19.24045590658319 ], [ -99.025848028121459, 19.240429017008566 ], [ -99.025782197412198, 19.240397916206447 ], [ -99.025720428487361, 19.240359906470307 ], [ -99.025683776239092, 19.240328046812039 ], [ -99.025578828771231, 19.240215546265809 ], [ -99.025509518468752, 19.240166276626312 ], [ -99.025298057642431, 19.24007528603175 ], [ -99.025240499210355, 19.240068467656851 ], [ -99.025170746281489, 19.240096859144799 ], [ -99.025007072086922, 19.240322166572088 ], [ -99.024843379751488, 19.240231596553453 ], [ -99.024712507401063, 19.240155136390957 ], [ -99.02386957676022, 19.239809876191831 ], [ -99.02373285454496, 19.239794692587051 ], [ -99.023660740470362, 19.239801569943083 ], [ -99.023593683721472, 19.239881696000882 ], [ -99.023511318142809, 19.240105036887332 ], [ -99.023477680190467, 19.240217240232909 ], [ -99.022118797416027, 19.239793457155447 ], [ -99.021732478097206, 19.239647227039789 ], [ -99.021314597806509, 19.239381146640383 ], [ -99.021171798460088, 19.239323907283815 ], [ -99.020555250700156, 19.23926104289874 ], [ -99.020346918593219, 19.239320425999491 ], [ -99.020156281025891, 19.239335577186377 ], [ -99.019994093117717, 19.239373153401459 ], [ -99.019906907450519, 19.239369676626147 ], [ -99.01981133760205, 19.239281176063464 ], [ -99.019749917901194, 19.239249797305298 ], [ -99.019452716740091, 19.239151418071479 ], [ -99.019413197202383, 19.239219717114423 ], [ -99.01937359807981, 19.239266457100008 ], [ -99.019217713202551, 19.23940946641785 ], [ -99.018319219410529, 19.238818117108799 ], [ -99.017848709978622, 19.238592562508089 ], [ -99.017752987527558, 19.23849613013407 ], [ -99.017861059003167, 19.238228597262019 ], [ -99.018204019343116, 19.237676337097053 ], [ -99.027904824290289, 19.226329307056407 ], [ -99.030193029963641, 19.223632850212503 ], [ -99.032874180561421, 19.22307715440472 ], [ -99.034061049561032, 19.222831150003937 ], [ -99.035208770393012, 19.222593249853009 ], [ -99.035786400373311, 19.222473509893533 ], [ -99.036283650352914, 19.222370429902611 ], [ -99.03641891012046, 19.222342399643818 ], [ -99.036731629887612, 19.22227757005647 ], [ -99.036939659581932, 19.222234400031024 ], [ -99.037596599525315, 19.222098050406743 ], [ -99.038040139932292, 19.222006000178023 ], [ -99.040105310442542, 19.221577350429069 ], [ -99.041124739110884, 19.221365743381288 ], [ -99.041786458794462, 19.221228393209039 ], [ -99.042168818955403, 19.221149023569698 ], [ -99.042468058904404, 19.22108690339083 ], [ -99.042785349394308, 19.221021073809251 ], [ -99.043022599170286, 19.220971853374461 ], [ -99.045438219053494, 19.220470703665924 ], [ -99.046643999438771, 19.220220533732718 ], [ -99.046663521386307, 19.220216484509947 ], [ -99.046823318361149, 19.220183337040758 ], [ -99.047662511369765, 19.220009231359231 ], [ -99.04783200519519, 19.219974066423173 ], [ -99.047867199611602, 19.21996676394534 ], [ -99.048265539245293, 19.219884113902136 ], [ -99.049143678951282, 19.219701933791239 ], [ -99.049484584799089, 19.219631205801356 ], [ -99.052352847031088, 19.219036066480438 ], [ -99.052354689315294, 19.21903568389153 ], [ -99.053097596563077, 19.218881532339047 ], [ -99.053839199312975, 19.218727643457463 ], [ -99.055983739049921, 19.218282613641904 ], [ -99.056353179066846, 19.218206114035144 ], [ -99.056716259391379, 19.218130933668071 ], [ -99.058163309408968, 19.217831304022983 ], [ -99.059189378964945, 19.217618824031081 ], [ -99.060157199214245, 19.217418413732673 ], [ -99.060543399537167, 19.217338423536617 ], [ -99.063207798939303, 19.216786643616388 ], [ -99.064330198807895, 19.216553763450818 ], [ -99.065803819243754, 19.216247973958637 ], [ -99.066308679607843, 19.216143223304094 ], [ -99.067325458910048, 19.215932223393622 ], [ -99.06777179937707, 19.215839593559878 ], [ -99.069071488963971, 19.215569883619875 ], [ -99.071064309637364, 19.215156303639457 ], [ -99.072307179277672, 19.214898344029223 ], [ -99.073586628802957, 19.214632773941251 ], [ -99.07579022916758, 19.214175373458396 ], [ -99.076753548991562, 19.213975423653107 ], [ -99.077721028913643, 19.213774573515011 ], [ -99.077819970080313, 19.213754049823976 ], [ -99.078127948957359, 19.213690105034111 ], [ -99.078533770342816, 19.213605879660655 ], [ -99.078704048942996, 19.213570520072626 ], [ -99.078834459479765, 19.213543450294683 ], [ -99.079371919199744, 19.213431860392394 ], [ -99.080058739618323, 19.213289280044116 ], [ -99.080355629782005, 19.213227650285077 ], [ -99.080895688637014, 19.213115520969794 ], [ -99.081351799247898, 19.213019820777244 ], [ -99.081966079600249, 19.212890920033114 ], [ -99.08205925083422, 19.212871367421485 ], [ -99.082509029747484, 19.21277698007529 ], [ -99.08305105954139, 19.212663310322814 ], [ -99.083472680871054, 19.212576849558285 ], [ -99.083642858244787, 19.212541950016263 ], [ -99.083770090051004, 19.2125158601199 ], [ -99.084209091967793, 19.212425837446851 ], [ -99.084409649792519, 19.212384710103425 ], [ -99.085744976737431, 19.2121108535177 ], [ -99.086313180266714, 19.211994320042788 ], [ -99.086500271132465, 19.211955950517233 ], [ -99.088228050040584, 19.211601600176181 ], [ -99.088423335303716, 19.211561547261645 ], [ -99.088504260311936, 19.211544949871307 ], [ -99.089032550094956, 19.211436580171451 ], [ -99.089289976942283, 19.211383784402859 ], [ -99.089290246107467, 19.211383728893356 ], [ -99.089392018694383, 19.211362856433936 ], [ -99.090694800161273, 19.211095650346369 ], [ -99.090872879864477, 19.211048229694313 ], [ -99.090873089165854, 19.211048163968702 ], [ -99.090873995451574, 19.211047881560244 ], [ -99.090953184183149, 19.211332866207233 ], [ -99.091014482631877, 19.211582117289794 ], [ -99.091143898802798, 19.211692779969614 ], [ -99.091201184500548, 19.211785989832713 ], [ -99.091316448513069, 19.21199911807313 ], [ -99.091394049066636, 19.212189539990412 ], [ -99.091497934366842, 19.212429298163396 ], [ -99.091579172538829, 19.212577561225853 ], [ -99.091678976262529, 19.212780980297811 ], [ -99.091752814539376, 19.212934594535522 ], [ -99.091996064014012, 19.213719987695782 ], [ -99.092018604030088, 19.213786517734476 ], [ -99.092111338008181, 19.213940378197339 ], [ -99.092163578512327, 19.214077368591976 ], [ -99.092206950889349, 19.214255862723686 ], [ -99.092369322715527, 19.214744502816046 ], [ -99.092498018251092, 19.21525757703909 ], [ -99.09253398682219, 19.215559852724549 ], [ -99.092533982732519, 19.215871935851137 ], [ -99.092523250986602, 19.215940874629524 ], [ -99.092360209924763, 19.216132530625085 ], [ -99.09237630202972, 19.216216110173917 ], [ -99.092159040749237, 19.216480773911297 ], [ -99.092016280878127, 19.21681480963727 ], [ -99.091916219119327, 19.216951312666591 ], [ -99.091697042133717, 19.217163467019656 ], [ -99.091636767071577, 19.217309676590343 ], [ -99.091584899985975, 19.217458733461289 ], [ -99.091515372254051, 19.217648072065806 ], [ -99.091418600261804, 19.217917296265853 ], [ -99.091416442774999, 19.217955986845045 ], [ -99.091623242516619, 19.21804981298574 ], [ -99.09183800519331, 19.218147251258994 ], [ -99.092047962976878, 19.218238811128803 ], [ -99.092275414372665, 19.218351084822917 ], [ -99.091852610039766, 19.219177340041764 ], [ -99.091809510926893, 19.219202744938553 ], [ -99.091749737502738, 19.219198375367974 ], [ -99.090722749410261, 19.218742662596476 ], [ -99.090344596808563, 19.218686016794788 ], [ -99.090450105179571, 19.218994961754525 ], [ -99.090709865973992, 19.219755576232618 ], [ -99.090824979532059, 19.220392508209837 ], [ -99.090870218972142, 19.220486180920371 ], [ -99.091021507980571, 19.22064158021405 ], [ -99.091054848773283, 19.220713197740206 ], [ -99.09108082792045, 19.220850148288452 ], [ -99.091082746378632, 19.220966378494207 ], [ -99.091037311140184, 19.221281753912383 ], [ -99.091057417602372, 19.221352055565422 ], [ -99.091373890548397, 19.221506426629297 ], [ -99.091558217935543, 19.221694778300407 ], [ -99.091635352161219, 19.22181650381971 ], [ -99.091652120070123, 19.222006026580896 ], [ -99.091747946454248, 19.222258167962064 ], [ -99.0916882490273, 19.222531781836224 ], [ -99.09162236718187, 19.222714765811386 ], [ -99.091549689407543, 19.222824017210645 ], [ -99.091307420207229, 19.223123880357669 ], [ -99.091306862788372, 19.223124168590235 ], [ -99.091201645759242, 19.223179147213344 ], [ -99.090928000395323, 19.223436598030169 ], [ -99.090889136892471, 19.223515476492882 ], [ -99.090828337802392, 19.223563197804939 ], [ -99.09064150995026, 19.223975415476428 ], [ -99.090607139493017, 19.223995517218516 ], [ -99.090556879023467, 19.224006846331751 ], [ -99.089952340240572, 19.224045692362377 ], [ -99.089656936145616, 19.223853997327549 ], [ -99.089495308761244, 19.223716076977752 ], [ -99.089255448674763, 19.223625377044552 ], [ -99.089193277913211, 19.223594746649596 ], [ -99.089139825929465, 19.223546416627286 ], [ -99.08851097912769, 19.222825766312759 ], [ -99.088368489243209, 19.222588645153206 ], [ -99.088409457853487, 19.222356720370897 ], [ -99.088731519036926, 19.222192114107131 ], [ -99.088813658076688, 19.221820227041068 ], [ -99.088806197578236, 19.22177677836039 ], [ -99.088783249716727, 19.221742417841291 ], [ -99.088740708064734, 19.221707847058706 ], [ -99.088522018521132, 19.221650287326401 ], [ -99.088476421773635, 19.221648308059088 ], [ -99.088406786098446, 19.221720089127675 ], [ -99.088332977167795, 19.221903000215111 ], [ -99.088251850567318, 19.221958857200587 ], [ -99.087901080334106, 19.222109480181985 ], [ -99.087089979110786, 19.222258076094086 ], [ -99.087013576158157, 19.222259542610161 ], [ -99.08693168773317, 19.222252247520579 ], [ -99.086849449094927, 19.222236086975318 ], [ -99.086585579272835, 19.222141946123767 ], [ -99.086303147864427, 19.222121479444731 ], [ -99.086241081615754, 19.222133287698373 ], [ -99.086090736492153, 19.222200377051987 ], [ -99.086054890382371, 19.222237508803438 ], [ -99.086015890503987, 19.22242313744982 ], [ -99.086012676771091, 19.222509746739515 ], [ -99.085986628562949, 19.222568535684921 ], [ -99.085944288205312, 19.222614945219441 ], [ -99.08579111800222, 19.222698546516988 ], [ -99.085649937519705, 19.222612418451178 ], [ -99.085206969706562, 19.222703018214343 ], [ -99.084936418288322, 19.222533016473903 ], [ -99.084374223562861, 19.222429311021731 ], [ -99.083979949155079, 19.222562837017879 ], [ -99.083437913727622, 19.223107054196113 ], [ -99.083432301051104, 19.223272977365415 ], [ -99.083432298973122, 19.2232730298721 ], [ -99.083431293551854, 19.223272948840652 ], [ -99.083188822941608, 19.223253601717801 ], [ -99.082944007028175, 19.223102474031382 ], [ -99.082630413627356, 19.222840313610682 ], [ -99.082270254371778, 19.222370953955963 ], [ -99.082269888801591, 19.222370477593252 ], [ -99.082269249681332, 19.222370928195556 ], [ -99.082080980222571, 19.22250419621416 ], [ -99.081830039663984, 19.222681821494316 ], [ -99.082183380750621, 19.22319241762936 ], [ -99.082743615219144, 19.223564220862762 ], [ -99.082992703354407, 19.224075314943708 ], [ -99.083237647843688, 19.224148186574698 ], [ -99.083250066363121, 19.224314653116942 ], [ -99.083405459726833, 19.224309522430126 ], [ -99.083405454691814, 19.224309579409603 ], [ -99.083313113520703, 19.225563356821709 ], [ -99.083390686871113, 19.226289512827282 ], [ -99.083517027662509, 19.226315840820728 ], [ -99.083414370280906, 19.226805630573278 ], [ -99.083457179546315, 19.226814441158087 ], [ -99.083351577454877, 19.227355135871537 ], [ -99.083269178189724, 19.227628036221716 ], [ -99.083143544652316, 19.227818363358196 ], [ -99.082997139343746, 19.227999961269511 ], [ -99.082943140520186, 19.228197066707182 ], [ -99.08331632153218, 19.22834735932279 ], [ -99.083781503039404, 19.228674842375494 ], [ -99.08390222730003, 19.228561681191778 ], [ -99.083902679835063, 19.228561259590162 ], [ -99.084387871409731, 19.228953201345067 ], [ -99.084803489709515, 19.229226286410881 ], [ -99.084960386017997, 19.228843886250331 ], [ -99.085568328824422, 19.229085936326015 ], [ -99.086119274626583, 19.229269344712584 ], [ -99.086301727170849, 19.229357338511633 ], [ -99.086624713973762, 19.229395170892346 ], [ -99.086592430002511, 19.229557228483458 ], [ -99.086801661079193, 19.229585365386971 ], [ -99.086802430479011, 19.229585469020705 ], [ -99.086802667827371, 19.229585386626194 ], [ -99.087132656715369, 19.229469895353233 ], [ -99.087442837658017, 19.229430147580185 ], [ -99.087442920520317, 19.22943028688865 ], [ -99.087475006520421, 19.229484235852087 ], [ -99.087579599333836, 19.229538957584364 ], [ -99.087912186413988, 19.229619501193007 ], [ -99.088528418917065, 19.229671170487318 ], [ -99.088905936437484, 19.229806413892305 ], [ -99.08904286687968, 19.229888028146672 ], [ -99.0892797848025, 19.230039392239345 ], [ -99.089378497440364, 19.230118896769749 ], [ -99.089485251076695, 19.230239895508902 ], [ -99.089548701937233, 19.230359005708284 ], [ -99.089647623384394, 19.230685659085449 ], [ -99.089597976604665, 19.231116995451472 ], [ -99.089522026708138, 19.231333164790286 ], [ -99.089450401828429, 19.231412041735769 ], [ -99.089534935356298, 19.231485208227841 ], [ -99.08921619523268, 19.231917667104955 ], [ -99.089216107843669, 19.231917784104464 ], [ -99.089215187552171, 19.231917644052206 ], [ -99.087878870693416, 19.231715722594544 ], [ -99.087802136557457, 19.231703345179014 ], [ -99.087966508034981, 19.232915857539684 ], [ -99.088090287363229, 19.233093246864698 ], [ -99.088098057106251, 19.233372948876703 ], [ -99.087828184474148, 19.234015802601022 ], [ -99.087666985581222, 19.234141302927963 ], [ -99.087506259405515, 19.234512772449285 ], [ -99.087265113480527, 19.234846006843824 ], [ -99.087121738410346, 19.23500401241521 ], [ -99.086984443314037, 19.235209755942385 ], [ -99.086854199852709, 19.235259078241469 ], [ -99.086853606561561, 19.235259257051627 ], [ -99.086853188295407, 19.235259056910476 ], [ -99.086446851123327, 19.235069227286047 ], [ -99.086125352720813, 19.234916249968421 ], [ -99.085419048723111, 19.23465460809329 ], [ -99.085628318525735, 19.234205324456656 ], [ -99.084724422212645, 19.233840359995675 ], [ -99.084586465746185, 19.234033125418495 ], [ -99.084586324924786, 19.234033287589458 ], [ -99.084585457136214, 19.234033100505112 ], [ -99.084436465733262, 19.233948644191948 ], [ -99.084356844902985, 19.233967165157868 ], [ -99.084184090629464, 19.233626756683094 ], [ -99.083935485575338, 19.233362193007103 ], [ -99.083848752025332, 19.233298890407557 ], [ -99.083822150811699, 19.233302063952749 ], [ -99.083811641459292, 19.233320428314205 ], [ -99.083828616612934, 19.233393889558609 ], [ -99.084092750147832, 19.233745715763163 ], [ -99.084199686678573, 19.23394256825171 ], [ -99.084448079628984, 19.234302670656177 ], [ -99.084635770263944, 19.234495581270252 ], [ -99.084879791051335, 19.234680893640718 ], [ -99.085109727212284, 19.234801628227018 ], [ -99.08530747852258, 19.234891974747722 ], [ -99.085179060138358, 19.235104440166584 ], [ -99.085182068412252, 19.235166221670415 ], [ -99.085190767449873, 19.235198620290294 ], [ -99.085143734643381, 19.235213214650251 ], [ -99.08505282161255, 19.235371245552408 ], [ -99.085032845749495, 19.235434435150804 ], [ -99.085031644382397, 19.235472297837148 ], [ -99.085090555322523, 19.23553998223456 ], [ -99.085111909621503, 19.235578540440653 ], [ -99.085106352760477, 19.235605007723379 ], [ -99.085084503649114, 19.235645283960118 ], [ -99.085015282855608, 19.235840328610788 ], [ -99.084997074575881, 19.235874449162125 ], [ -99.084995257167805, 19.235899558090054 ], [ -99.08501538896904, 19.236029960403943 ], [ -99.085029995459934, 19.236066488488174 ], [ -99.085024350562264, 19.23609648836284 ], [ -99.08503100645261, 19.236121268039767 ], [ -99.085034888017702, 19.236191802974762 ], [ -99.08502933432041, 19.236225073438419 ], [ -99.085019569492232, 19.23625615706635 ], [ -99.084914349974028, 19.23643344055299 ], [ -99.084892860789168, 19.236495619804941 ], [ -99.084874028488755, 19.236528808737518 ], [ -99.084771324826789, 19.236666650313911 ], [ -99.084753428643637, 19.236678738601796 ], [ -99.084739701092388, 19.236688002767565 ], [ -99.084717104640021, 19.236718305893589 ], [ -99.084432936768962, 19.23684333038964 ], [ -99.084335383754677, 19.236870771641694 ], [ -99.084232865168786, 19.236842953676604 ], [ -99.084104227280662, 19.237186565320538 ], [ -99.084231644580711, 19.237234554229065 ], [ -99.084159370482951, 19.2374032624565 ], [ -99.084102792148812, 19.23753532736955 ], [ -99.084286411187804, 19.237820909856193 ], [ -99.084402294646367, 19.237823339904661 ], [ -99.084438620511335, 19.237813470273611 ], [ -99.08450850320925, 19.237772875869435 ], [ -99.084594099381036, 19.23770969582063 ], [ -99.084630669257919, 19.23769354868967 ], [ -99.08466624961477, 19.237694175055825 ], [ -99.08470522627502, 19.237705557734646 ], [ -99.084737579449921, 19.237720727309469 ], [ -99.084639532530559, 19.237841316374329 ], [ -99.084575556776699, 19.237946003561941 ], [ -99.084555535565698, 19.238117877421175 ], [ -99.084524833139341, 19.238239749727949 ], [ -99.084502669241544, 19.238302636302532 ], [ -99.084485165683006, 19.238339773884004 ], [ -99.084382268099361, 19.238505173979377 ], [ -99.084301642004476, 19.238695784961116 ], [ -99.084180396310217, 19.238781482608417 ], [ -99.084152625753845, 19.239001904227251 ], [ -99.08420847885202, 19.23898296585158 ], [ -99.084306020401414, 19.238900389060042 ], [ -99.084516602984024, 19.23890284672698 ], [ -99.084556654602437, 19.238919460596076 ], [ -99.084566054701057, 19.23893920891722 ], [ -99.084482250911705, 19.239004799191957 ], [ -99.084449733230244, 19.239055320155266 ], [ -99.084435360521155, 19.239200186836261 ], [ -99.084391418445136, 19.239266970877093 ], [ -99.084284545861394, 19.239343184131108 ], [ -99.08415084998019, 19.239467504116142 ], [ -99.084082486552347, 19.239557029882459 ], [ -99.083976430674298, 19.239643417669775 ], [ -99.083877600088641, 19.23969621649379 ], [ -99.083756276875164, 19.239740306320904 ], [ -99.083556886721226, 19.239746260379803 ], [ -99.083412545999806, 19.239712961678574 ], [ -99.082923598723426, 19.239776059377288 ], [ -99.082709289062393, 19.23974861438132 ], [ -99.082438481287994, 19.239673878671091 ], [ -99.082294247373284, 19.239670029493595 ], [ -99.082138650153482, 19.239723260359618 ], [ -99.082020369399757, 19.239748905327801 ], [ -99.081742553766205, 19.239765043067472 ], [ -99.081041625340077, 19.23971617084845 ], [ -99.080874579779362, 19.239744366530019 ], [ -99.080754245695019, 19.23980153667053 ], [ -99.080364189395851, 19.240112402473049 ], [ -99.079587481260063, 19.240466689505126 ], [ -99.07980157948181, 19.240865105949801 ], [ -99.080107016387075, 19.24129536703655 ], [ -99.080208118497197, 19.241517797250896 ], [ -99.080247277384743, 19.241711517050966 ], [ -99.080246996767727, 19.241804657452803 ], [ -99.080159419930993, 19.241979769650808 ], [ -99.079702415857781, 19.24242408846937 ], [ -99.079476309277055, 19.24258959809389 ], [ -99.079353906850201, 19.242654644900401 ], [ -99.079250169482393, 19.242696046396468 ], [ -99.079146447087737, 19.242725626614718 ], [ -99.078887768191137, 19.242771396051893 ], [ -99.078763859303351, 19.242771457514024 ], [ -99.078634999650831, 19.242760050049313 ], [ -99.078516288700982, 19.242738088248011 ], [ -99.078387646836859, 19.242708614596811 ], [ -99.078117338169065, 19.242613776443044 ], [ -99.077456907875543, 19.24236981580238 ], [ -99.077352423496464, 19.242351193475084 ], [ -99.076936950098528, 19.242277149789231 ], [ -99.07657066722156, 19.242021767428465 ], [ -99.076275849726585, 19.241714769901673 ], [ -99.075976934542098, 19.241488426175557 ], [ -99.075838750394581, 19.241354030154898 ], [ -99.075792969749713, 19.241301489690109 ], [ -99.075621318892402, 19.241117845654443 ], [ -99.075486770211583, 19.240875119660942 ], [ -99.075432332602375, 19.240778285629833 ], [ -99.075554177650318, 19.240729969680725 ], [ -99.075479551110746, 19.24050058744383 ], [ -99.075350579138686, 19.240464047102886 ], [ -99.075093630184384, 19.240087770239114 ], [ -99.075090033515622, 19.239866683140971 ], [ -99.075371348879202, 19.239976364397076 ], [ -99.075636221771333, 19.239952729702683 ], [ -99.075801346958684, 19.240049415303012 ], [ -99.07584940350749, 19.240014987685271 ], [ -99.075861241520897, 19.239953248490941 ], [ -99.075906391098769, 19.239931106971774 ], [ -99.075938556032867, 19.239887312465996 ], [ -99.075938583604795, 19.239887272230106 ], [ -99.076279781178201, 19.23990009069405 ], [ -99.076290082038156, 19.239751712821125 ], [ -99.076200421931816, 19.239601248761478 ], [ -99.076185093606952, 19.239466510890903 ], [ -99.076104337942013, 19.239399766744871 ], [ -99.076083935370619, 19.239295680180252 ], [ -99.075981580626731, 19.23916233455256 ], [ -99.075837214102947, 19.238788769935063 ], [ -99.075721552040406, 19.238785497752389 ], [ -99.075720545381529, 19.238785469194042 ], [ -99.075759208497161, 19.238455121490365 ], [ -99.075830014763255, 19.238140969654953 ], [ -99.076128897704081, 19.237521725249007 ], [ -99.076407680077111, 19.2370768298792 ], [ -99.076488162074142, 19.236932913661246 ], [ -99.076948412436678, 19.236153760587325 ], [ -99.077103539998419, 19.235932618376367 ], [ -99.077294734870563, 19.235734479877969 ], [ -99.077395228707218, 19.235534230224886 ], [ -99.077684450872283, 19.234322007940726 ], [ -99.077652029405371, 19.234222647158553 ], [ -99.07764499881452, 19.234063089106574 ], [ -99.077739287330544, 19.233415495927016 ], [ -99.077030415703888, 19.233482549284542 ], [ -99.076952909050831, 19.233567677715605 ], [ -99.076872937166542, 19.233604026916197 ], [ -99.076757578226335, 19.233619856913378 ], [ -99.076576858093716, 19.233570967334725 ], [ -99.075465600281632, 19.233866690218015 ], [ -99.075284800736398, 19.233990348235881 ], [ -99.075177377771155, 19.234018227366743 ], [ -99.074411548843912, 19.234037446693502 ], [ -99.07399884792072, 19.233980026697633 ], [ -99.073839143003582, 19.233895654763575 ], [ -99.073335412931883, 19.233973490822681 ], [ -99.072756244694261, 19.233926817890911 ], [ -99.072414648851009, 19.233862761448307 ], [ -99.072249835176791, 19.233841944676247 ], [ -99.07202393919512, 19.233858381615928 ], [ -99.072023259013562, 19.233858430937676 ], [ -99.072022929537951, 19.233858361128242 ], [ -99.071815403911557, 19.233814688109739 ], [ -99.071644985626136, 19.233711931842329 ], [ -99.071465935564646, 19.233670705110438 ], [ -99.071316913541324, 19.233674737880207 ], [ -99.071233750165064, 19.233676987711789 ], [ -99.071007075004331, 19.233714539372496 ], [ -99.070632825831566, 19.233908317762385 ], [ -99.070402644476346, 19.234121587554153 ], [ -99.070196850352033, 19.234312261033129 ], [ -99.070139814427165, 19.234326363062173 ], [ -99.070037211407609, 19.234440143254623 ], [ -99.069785787528673, 19.234217345915699 ], [ -99.069429877090329, 19.234820275282345 ], [ -99.068784939296648, 19.235088225955042 ], [ -99.06822156814026, 19.235248657259302 ], [ -99.068123148809875, 19.23530608860839 ], [ -99.067927798701362, 19.235601475006938 ], [ -99.067758879955917, 19.235707738113664 ], [ -99.067224655432398, 19.235924505044188 ], [ -99.065936067354585, 19.236720106628972 ], [ -99.065350128627529, 19.237081871775171 ], [ -99.065205089952897, 19.237171416959015 ], [ -99.065138429940461, 19.237151828146938 ], [ -99.065007051569324, 19.237144143481775 ], [ -99.06492393390144, 19.237275852289113 ], [ -99.064779267690028, 19.237425505460479 ], [ -99.064595498549494, 19.237546768047476 ], [ -99.064276124123722, 19.238118496617485 ], [ -99.064127071299339, 19.238162480850317 ], [ -99.064020739800299, 19.238217517213929 ], [ -99.063936834347558, 19.23832759686363 ], [ -99.063873620896544, 19.238461652069621 ], [ -99.063810255233662, 19.238648647239224 ], [ -99.063810230574177, 19.238648729205519 ], [ -99.063809249551284, 19.238648617714482 ], [ -99.063615048290302, 19.238627815187197 ], [ -99.063347465049631, 19.238552018795517 ], [ -99.063346725610316, 19.238551806904788 ], [ -99.063346462150321, 19.238551992945801 ], [ -99.063213760090775, 19.238644171851252 ], [ -99.063130213867723, 19.238979571866597 ], [ -99.063467375234936, 19.239064127647421 ], [ -99.063479191701518, 19.239200304453828 ], [ -99.063951307555755, 19.239169123388077 ], [ -99.06412636227283, 19.239202384820096 ], [ -99.0640956165239, 19.239349565356576 ], [ -99.064057267319384, 19.239396257722294 ], [ -99.064019060373738, 19.239622247414381 ], [ -99.064026376928268, 19.239762016917616 ], [ -99.063878798998203, 19.240034537366412 ], [ -99.063791230413855, 19.24045213757438 ], [ -99.063847908667626, 19.240673056420448 ], [ -99.063980345840363, 19.240802319860819 ], [ -99.063986458443736, 19.241065114670832 ], [ -99.064363709946434, 19.241054749087809 ], [ -99.064595046844559, 19.241856307258338 ], [ -99.0646344872155, 19.242208117239034 ], [ -99.064628107644026, 19.242376616537005 ], [ -99.064538057037822, 19.242602216165832 ], [ -99.0644193671544, 19.242811816136182 ], [ -99.064295880838984, 19.242890018506852 ], [ -99.064012885378844, 19.242989196929965 ], [ -99.063729917920469, 19.243332537859921 ], [ -99.063308090102865, 19.244136196384499 ], [ -99.063568248108098, 19.244208966715956 ], [ -99.063736318658684, 19.244218177036952 ], [ -99.063880971357975, 19.244259676575453 ], [ -99.063953447817553, 19.244334308394343 ], [ -99.064201947657239, 19.244754797526952 ], [ -99.064210908851138, 19.244907329207543 ], [ -99.064311766198898, 19.24505197799283 ], [ -99.06421565012954, 19.245276567830096 ], [ -99.064192340514396, 19.245409685169207 ], [ -99.06425665618687, 19.245559415611194 ], [ -99.064360710177922, 19.245590478148838 ], [ -99.064418744837241, 19.245696916143906 ], [ -99.064267969691286, 19.245869545810017 ], [ -99.064134545520886, 19.245937705050128 ], [ -99.064096521158234, 19.245856399052442 ], [ -99.063956887680845, 19.245900630267318 ], [ -99.063923679640752, 19.246051904527327 ], [ -99.06374987792961, 19.246152546795241 ], [ -99.063426847709906, 19.246260245300839 ], [ -99.063363997732893, 19.245988677764363 ], [ -99.062847401073398, 19.246436367030462 ], [ -99.062714447950526, 19.246423575278719 ], [ -99.0627276595376, 19.246281948913619 ], [ -99.062597178498947, 19.246207617530604 ], [ -99.062330918104436, 19.246188216413593 ], [ -99.062118178269841, 19.246122714928081 ], [ -99.062148948468916, 19.245835576868618 ], [ -99.062204397773982, 19.24551324603026 ], [ -99.062371228453955, 19.244819540060764 ], [ -99.061948858223971, 19.244814871117306 ], [ -99.061948816289515, 19.24481486939526 ], [ -99.061727019609734, 19.244767407316026 ], [ -99.061233900993273, 19.244772184447058 ], [ -99.060742597398971, 19.244776969934808 ], [ -99.060714249291195, 19.24492973502629 ], [ -99.06014054602457, 19.244886045808343 ], [ -99.060079970280427, 19.244706546266656 ], [ -99.060086619445869, 19.244459136970949 ], [ -99.060343054772005, 19.243966888368643 ], [ -99.059675680266736, 19.243254540733325 ], [ -99.057434459841289, 19.240862217495359 ], [ -99.05735637927063, 19.240820907696737 ], [ -99.05730666221703, 19.24081849087468 ], [ -99.057224896440488, 19.240829033040804 ], [ -99.05715096835705, 19.2408191472021 ], [ -99.057084018145247, 19.240801566771434 ], [ -99.057019547997641, 19.240776217672792 ], [ -99.056976148834508, 19.24075581654726 ], [ -99.05692095642884, 19.24074519592854 ], [ -99.056877244600827, 19.240750257291594 ], [ -99.056833378525653, 19.240742857206577 ], [ -99.056796146182364, 19.24071839504925 ], [ -99.056629467890033, 19.240509418977627 ], [ -99.056454197513361, 19.240345778251683 ], [ -99.056396028637948, 19.240387619399115 ], [ -99.056342948629322, 19.240478848035089 ], [ -99.056267568237402, 19.240657937141449 ], [ -99.056100858701114, 19.24089701846448 ], [ -99.055938748124476, 19.241166197966859 ], [ -99.055834248853643, 19.241405827248588 ], [ -99.055777632059232, 19.241498776195183 ], [ -99.055776980246534, 19.241499849781185 ], [ -99.055776622641545, 19.241498742014329 ], [ -99.055754859647422, 19.241431196410833 ], [ -99.055713548211571, 19.240914476862905 ], [ -99.055492939892076, 19.240439857198442 ], [ -99.055517400048473, 19.240080250374593 ], [ -99.055125060406908, 19.23998276985451 ], [ -99.054977110991587, 19.240315125231202 ], [ -99.054425332521816, 19.240147394354224 ], [ -99.054396772354494, 19.240230200132569 ], [ -99.053766056194291, 19.240069896124076 ], [ -99.053724701179888, 19.240088287258487 ], [ -99.053341299616818, 19.240039873394682 ], [ -99.052673963992532, 19.239729283796851 ], [ -99.052349574726549, 19.239677384328736 ], [ -99.051840751512657, 19.239496213160489 ], [ -99.051396841661017, 19.239564177266423 ], [ -99.051353177804174, 19.239719435737992 ], [ -99.051197763727757, 19.23981771844587 ], [ -99.051109808429203, 19.239839976926206 ], [ -99.050918586844176, 19.239839443623456 ], [ -99.050745993190986, 19.239865303392715 ], [ -99.05008588700737, 19.24034411048958 ], [ -99.050008227472858, 19.240461398956054 ], [ -99.049960678138888, 19.240558145964712 ], [ -99.049889720324458, 19.24060681970186 ], [ -99.049455719735533, 19.240592909828347 ], [ -99.049046624875245, 19.240677616457035 ], [ -99.048909836412633, 19.240771178351388 ], [ -99.048452889621103, 19.2411975023591 ], [ -99.048130998513443, 19.241447657020739 ], [ -99.047863755860703, 19.241592897165663 ], [ -99.047119380280193, 19.241997430412564 ], [ -99.046313857451295, 19.242446769124367 ], [ -99.046219149261134, 19.242531427031082 ], [ -99.045801376038327, 19.242651909333095 ], [ -99.045616304198603, 19.242829155535226 ], [ -99.045491158101058, 19.242904514328146 ], [ -99.044735208238663, 19.243373698373489 ], [ -99.044509958508598, 19.243461504262022 ], [ -99.044275999527656, 19.243592118453719 ], [ -99.043994655953497, 19.243681258978167 ], [ -99.04362428595681, 19.24403701676308 ], [ -99.043515186954068, 19.244074626940094 ], [ -99.043381562168193, 19.244133024363727 ], [ -99.043229821219072, 19.244279371781012 ], [ -99.042996307358933, 19.244357989876448 ], [ -99.04294322821066, 19.244392188535112 ], [ -99.042849633262421, 19.244534633429133 ], [ -99.042755828126943, 19.244635435876987 ], [ -99.042594109245783, 19.244691497541886 ], [ -99.042498154767387, 19.244700615067039 ], [ -99.042370166946355, 19.24468290870783 ], [ -99.042296595949409, 19.244693028123198 ], [ -99.042249937383161, 19.244726998994143 ], [ -99.042192377275001, 19.244811146627878 ], [ -99.041901487931995, 19.244982458014945 ], [ -99.041661936507992, 19.245072547327631 ], [ -99.041057379214237, 19.245479709286023 ], [ -99.039041768275169, 19.246611142027803 ], [ -99.03862337592679, 19.246937551204962 ], [ -99.038593689085886, 19.246110660468396 ], [ -99.038428826972364, 19.246092116949086 ], [ -99.038359450080691, 19.24550598859393 ], [ -99.038369817812963, 19.245367949484436 ], [ -99.038296080525456, 19.245228376542588 ], [ -99.038266470494221, 19.245046278656606 ], [ -99.038344729249658, 19.244729975177776 ], [ -99.037065108766186, 19.244772849837588 ], [ -99.036698859321618, 19.244804600285885 ], [ -99.035401029871366, 19.244973569633995 ], [ -99.035127170193334, 19.245177826144648 ], [ -99.034821228207704, 19.245214340533003 ], [ -99.034804515791549, 19.24543140019923 ], [ -99.034323956783879, 19.24529993464483 ], [ -99.033966780761702, 19.245249504118174 ], [ -99.033933185432872, 19.245283611333932 ], [ -99.033944312798241, 19.245425749079747 ], [ -99.03391413729787, 19.245682760208222 ], [ -99.033886943943216, 19.245914351179294 ], [ -99.033875173942661, 19.245944603567153 ], [ -99.033710909978481, 19.246109829073088 ], [ -99.033384489441161, 19.246895020816901 ], [ -99.033167975525345, 19.246811210472838 ], [ -99.032859136895894, 19.246813618933928 ], [ -99.032414976169548, 19.246722609167076 ], [ -99.032304727795719, 19.246585946623156 ], [ -99.032253384467111, 19.246576652842784 ], [ -99.032007256639375, 19.246532098758916 ], [ -99.031174715898672, 19.246187768892998 ], [ -99.031203509834498, 19.245969743702481 ], [ -99.031420349787169, 19.246015767197555 ], [ -99.031502255440429, 19.24579724787003 ] ] ], [ [ [ -99.138968179276347, 19.253454170795074 ], [ -99.138945779100638, 19.253245350798327 ], [ -99.138924290404447, 19.253207980444252 ], [ -99.13887388999251, 19.253140251069027 ], [ -99.138777849721976, 19.253057001293111 ], [ -99.138536689864083, 19.252994979606463 ], [ -99.13845475029521, 19.252979510482241 ], [ -99.13835290888747, 19.252966249857003 ], [ -99.138209229699569, 19.252937080415091 ], [ -99.13813194047367, 19.252907139768958 ], [ -99.138065200000241, 19.252872751230417 ], [ -99.137973879085337, 19.252830607027708 ], [ -99.137895418585316, 19.252780690226242 ], [ -99.137790048637768, 19.252737429772118 ], [ -99.137678119237179, 19.252707250811287 ], [ -99.137466260301593, 19.252687421013082 ], [ -99.137349200096523, 19.252659721210403 ], [ -99.137264879391424, 19.252608690938608 ], [ -99.13719110893858, 19.252577649597715 ], [ -99.137002118820021, 19.252518220057691 ], [ -99.136901308908463, 19.25245782050791 ], [ -99.136475998924325, 19.252309181272643 ], [ -99.136309750255506, 19.252301619623655 ], [ -99.136071110223682, 19.252280381164645 ], [ -99.135871708844746, 19.252239769751998 ], [ -99.13567227909769, 19.252158419986205 ], [ -99.135442139966813, 19.252018851016111 ], [ -99.135188968558921, 19.25183406095103 ], [ -99.135069200412161, 19.25163911053027 ], [ -99.134928048961086, 19.251560619633146 ], [ -99.134805199144566, 19.251354020987506 ], [ -99.134663289075718, 19.251168690482743 ], [ -99.134580013558917, 19.250950820092303 ], [ -99.134546488981513, 19.250863109771526 ], [ -99.134368368929131, 19.250566320418486 ], [ -99.134322319033103, 19.250525600437651 ], [ -99.134319219888582, 19.250479031092379 ], [ -99.134377460051866, 19.250423679851632 ], [ -99.134374338602726, 19.250374180079639 ], [ -99.134315939469431, 19.250214120905827 ], [ -99.134202459091242, 19.250228769740641 ], [ -99.134060569491766, 19.250197689684871 ], [ -99.133796708940423, 19.250090179573597 ], [ -99.133551290447073, 19.250008851047745 ], [ -99.133416879734099, 19.249974520303294 ], [ -99.133597309862921, 19.249604680450783 ], [ -99.133787749770647, 19.248933799854576 ], [ -99.134081342918535, 19.248056213223144 ], [ -99.134096819687684, 19.248009950398917 ], [ -99.13415544926869, 19.247731770849381 ], [ -99.134177714720181, 19.247609221304888 ], [ -99.133927539272364, 19.247551975308621 ], [ -99.133855773420919, 19.24758009691157 ], [ -99.133696877225489, 19.247538966911559 ], [ -99.133588780848953, 19.247458528622229 ], [ -99.133468111069476, 19.247867584860156 ], [ -99.133434029195357, 19.247909260647088 ], [ -99.133324430377343, 19.247842821199679 ], [ -99.133245509932124, 19.247768020148467 ], [ -99.133199429823463, 19.247668249952564 ], [ -99.133166488915123, 19.247595490639682 ], [ -99.133148920074447, 19.247533119662069 ], [ -99.133151049044827, 19.247462430551661 ], [ -99.133195460412281, 19.247355150091728 ], [ -99.133475629500666, 19.247051369971565 ], [ -99.134122539841997, 19.246410000168542 ], [ -99.134388976114138, 19.246831682276422 ], [ -99.135573686456709, 19.246889643758003 ], [ -99.135713582770535, 19.246807341439652 ], [ -99.135735927900015, 19.246668500779915 ], [ -99.13557341552125, 19.246466785848597 ], [ -99.135631372238123, 19.246351145783841 ], [ -99.136273089842234, 19.246013938138958 ], [ -99.136548356989607, 19.245993989459379 ], [ -99.136809781754479, 19.246055095539976 ], [ -99.137256136940167, 19.246381935916983 ], [ -99.137477034191605, 19.246167052192963 ], [ -99.137165473632422, 19.245819555055132 ], [ -99.136977883432351, 19.245695518518293 ], [ -99.136525095135511, 19.245393183218418 ], [ -99.13585391920445, 19.245178476819067 ], [ -99.135745256470315, 19.245197030467796 ], [ -99.135387861954271, 19.245217050228067 ], [ -99.135256038298365, 19.245201604169825 ], [ -99.13508204445894, 19.245152397663677 ], [ -99.134851392784554, 19.245109067491711 ], [ -99.134696717181043, 19.245083359942814 ], [ -99.134583958955048, 19.245044663946931 ], [ -99.134398779319511, 19.244956826499049 ], [ -99.134300221771511, 19.244908931253555 ], [ -99.13414839763216, 19.244816085874753 ], [ -99.134050459021225, 19.244760363541193 ], [ -99.133866529867277, 19.244793547680835 ], [ -99.133780104986528, 19.244798739135511 ], [ -99.133700413718543, 19.244841456084227 ], [ -99.133458713399506, 19.245139620512244 ], [ -99.133373278313428, 19.245212346303159 ], [ -99.133247172714633, 19.245117625446579 ], [ -99.132993186501466, 19.245375420316069 ], [ -99.132783860008104, 19.245200290682384 ], [ -99.132638343609173, 19.245374914101362 ], [ -99.132582457205729, 19.245489438003915 ], [ -99.132611319607051, 19.245289830599901 ], [ -99.132591829977272, 19.245207079986898 ], [ -99.132553442110819, 19.245160020069825 ], [ -99.132497029421287, 19.245130090861803 ], [ -99.132424829059133, 19.245115149567187 ], [ -99.132266950146345, 19.245117420182076 ], [ -99.132087488761286, 19.245225680926676 ], [ -99.13189064978441, 19.245217489748914 ], [ -99.131779648789148, 19.245249750981017 ], [ -99.131740659017382, 19.245250581279464 ], [ -99.131712678683286, 19.24523612092721 ], [ -99.131629400279067, 19.245119110293299 ], [ -99.131272230258219, 19.244795980180026 ], [ -99.130515149031993, 19.244354220360062 ], [ -99.130270749906771, 19.244235050054822 ], [ -99.130183179409514, 19.244217749874426 ], [ -99.130091749234722, 19.244199557256355 ], [ -99.130036878663489, 19.244179510070119 ], [ -99.129994520351644, 19.244145741126836 ], [ -99.129949249267284, 19.24409095024642 ], [ -99.129902970133571, 19.243984139659823 ], [ -99.129851369802722, 19.243679449998318 ], [ -99.130414429975446, 19.243839850415913 ], [ -99.130412170213205, 19.243885850159348 ], [ -99.130430659695222, 19.243929660372618 ], [ -99.13066385984331, 19.244065309616353 ], [ -99.130788539595585, 19.244117779723588 ], [ -99.130883179979449, 19.24413744989906 ], [ -99.131136219741137, 19.244124430076017 ], [ -99.131214689782709, 19.244135319908203 ], [ -99.131387859911797, 19.244229400055712 ], [ -99.131768780312697, 19.244362749823953 ], [ -99.13204346038502, 19.244408569970144 ], [ -99.132306550346442, 19.24437988959113 ], [ -99.132612379702309, 19.244364910060845 ], [ -99.132862213268197, 19.244279859582299 ], [ -99.133129829784039, 19.244146048665105 ], [ -99.133408942227334, 19.243968399739302 ], [ -99.133637261071826, 19.243762309021637 ], [ -99.133785200092987, 19.243581570254467 ], [ -99.133969581190982, 19.243272570248262 ], [ -99.134006417841931, 19.242859250074723 ], [ -99.134142181332976, 19.242357491261636 ], [ -99.134199825966576, 19.242287350813552 ], [ -99.134220232905292, 19.242217726624318 ], [ -99.134217887573612, 19.242173921725115 ], [ -99.134192473375862, 19.242132313575492 ], [ -99.134130117658614, 19.242092926939453 ], [ -99.134085999675506, 19.242090048284567 ], [ -99.133931630313498, 19.242079919811435 ], [ -99.133920050417629, 19.242022980284386 ], [ -99.133871520743369, 19.241959499290097 ], [ -99.134030739584574, 19.24152894983914 ], [ -99.134052480179932, 19.241392860263119 ], [ -99.13405885968271, 19.24116284209758 ], [ -99.134081859609935, 19.241045459851232 ], [ -99.134130480443503, 19.240929519780462 ], [ -99.134217150239053, 19.240796649599584 ], [ -99.135163702684025, 19.239743419575593 ], [ -99.135493710116421, 19.239624979801892 ], [ -99.135603170153757, 19.239564539613621 ], [ -99.135683179705978, 19.239492949595494 ], [ -99.1358030732179, 19.23932058641639 ], [ -99.135963921136721, 19.239006411810486 ], [ -99.136106506617594, 19.238727907439383 ], [ -99.136108169221629, 19.23870286391093 ], [ -99.136105784900352, 19.238676130049079 ], [ -99.136095718982858, 19.238650769817351 ], [ -99.136058952263056, 19.238634970437449 ], [ -99.136007594702633, 19.238628962520774 ], [ -99.13592820456671, 19.238623860603504 ], [ -99.135997563134936, 19.238241879563986 ], [ -99.13599656293799, 19.238217410669591 ], [ -99.135984846952582, 19.238198490619286 ], [ -99.135932701953877, 19.238157949566645 ], [ -99.135716382693275, 19.238087685903402 ], [ -99.135535488220199, 19.238074171131153 ], [ -99.135527224700169, 19.23807355410392 ], [ -99.135415211747016, 19.238080053833929 ], [ -99.1353695048454, 19.238092284467601 ], [ -99.135355162273797, 19.238096121892923 ], [ -99.135170047456882, 19.238001639023771 ], [ -99.135137246745472, 19.237977285141149 ], [ -99.135116078195523, 19.237957826884589 ], [ -99.135096763956312, 19.237922222856 ], [ -99.135083435733421, 19.237907947046775 ], [ -99.135055373479815, 19.237892312607183 ], [ -99.13504428522468, 19.237879517105039 ], [ -99.135035664663349, 19.237857420440346 ], [ -99.135178640747242, 19.237287146728423 ], [ -99.135182903349033, 19.237270145211454 ], [ -99.13519261859922, 19.237231396545788 ], [ -99.135213622403484, 19.237147619773289 ], [ -99.135337935924397, 19.236651783338825 ], [ -99.135365663498732, 19.236593340561043 ], [ -99.135438342982056, 19.236413498626369 ], [ -99.135440360825172, 19.236390843751614 ], [ -99.135444492856493, 19.236344445023736 ], [ -99.135448253774811, 19.236302222198169 ], [ -99.135371376885018, 19.236249705730291 ], [ -99.135187502732535, 19.236208822107834 ], [ -99.134937304399998, 19.236189691685912 ], [ -99.134698012158125, 19.236140593038559 ], [ -99.134686271591903, 19.236138184069059 ], [ -99.134590082618502, 19.236139953426143 ], [ -99.134440597779658, 19.236083901243564 ], [ -99.134307358992061, 19.236051227335185 ], [ -99.134238101106689, 19.236034243660928 ], [ -99.134192002900804, 19.236022938900906 ], [ -99.134308926034748, 19.235751561255512 ], [ -99.134313840256979, 19.235743169066232 ], [ -99.134363898680007, 19.23565767908444 ], [ -99.134377235460079, 19.235651540498203 ], [ -99.134463894210541, 19.235611651315782 ], [ -99.134684990605606, 19.235509880817041 ], [ -99.134730812306458, 19.235472476175069 ], [ -99.134743535424874, 19.235462090427198 ], [ -99.134773442424915, 19.235408004413603 ], [ -99.134778981668248, 19.235360647653945 ], [ -99.13476542026531, 19.235321830612833 ], [ -99.134754701781546, 19.235291150732596 ], [ -99.133973349737389, 19.235154779911376 ], [ -99.133986200357242, 19.235076550095709 ], [ -99.133986508610292, 19.235074320880717 ], [ -99.133998919756195, 19.234984519634217 ], [ -99.134036230258616, 19.234851749974979 ], [ -99.134034580226, 19.23481801961659 ], [ -99.134040690224268, 19.234732849764306 ], [ -99.134063029614808, 19.234661090367208 ], [ -99.134085369872892, 19.234584030070423 ], [ -99.134093630299461, 19.234419320241479 ], [ -99.134197349988511, 19.234217600168819 ], [ -99.134245719753892, 19.234087179546666 ], [ -99.134249047033336, 19.234074740117659 ], [ -99.134286140457036, 19.233936080246593 ], [ -99.134303820217255, 19.233810280162967 ], [ -99.134311340406299, 19.233636220260504 ], [ -99.134303219713729, 19.233582539667815 ], [ -99.134285420268313, 19.23353500003142 ], [ -99.134251449835617, 19.233499750237389 ], [ -99.134181950137048, 19.233473740185008 ], [ -99.133706219748021, 19.233369849582353 ], [ -99.133639050167446, 19.233359259879116 ], [ -99.133549479959953, 19.233359340415891 ], [ -99.133467229723053, 19.233355819985047 ], [ -99.133444139717085, 19.233354740128089 ], [ -99.133398648091486, 19.233325808059238 ], [ -99.133349290826956, 19.233296824319609 ], [ -99.133296436487058, 19.233290067705799 ], [ -99.133243900427061, 19.233304171960867 ], [ -99.133200143181639, 19.233332825395749 ], [ -99.132910550212642, 19.233664430020454 ], [ -99.132865219572381, 19.23365898032753 ], [ -99.132800910084413, 19.233662859683267 ], [ -99.132722689704494, 19.233641659901185 ], [ -99.132579919847345, 19.233631119698611 ], [ -99.132462349985346, 19.23361793961341 ], [ -99.13242034960814, 19.23359140011911 ], [ -99.132422518767072, 19.233533807129284 ], [ -99.132423089671306, 19.233518649984617 ], [ -99.13246221990363, 19.233442620127878 ], [ -99.132456580092267, 19.233395769659101 ], [ -99.132448149590857, 19.23335819963388 ], [ -99.132448110186743, 19.233304480372976 ], [ -99.132473250257448, 19.233240710030266 ], [ -99.132501179930173, 19.233179580163718 ], [ -99.132579579727533, 19.233195459901058 ], [ -99.132616249788214, 19.233174350255236 ], [ -99.132616247855808, 19.233172946849496 ], [ -99.132616224398049, 19.23314723820631 ], [ -99.132616199931519, 19.233121939955392 ], [ -99.132584029757993, 19.233085970207114 ], [ -99.132541970274147, 19.233082769591661 ], [ -99.132507583213354, 19.233059860964655 ], [ -99.132483430063459, 19.23304377035976 ], [ -99.132481481359974, 19.233024201242973 ], [ -99.132475950123691, 19.23296865994681 ], [ -99.132489340253898, 19.232874620410005 ], [ -99.132559259770147, 19.232604369946664 ], [ -99.132677150252988, 19.232301419588271 ], [ -99.132771449719769, 19.232143200406103 ], [ -99.132796082928792, 19.232069553420239 ], [ -99.132799069721614, 19.232023586227392 ], [ -99.132796950490686, 19.231980398558278 ], [ -99.132787566586146, 19.231946660933549 ], [ -99.132741553812835, 19.231926611023837 ], [ -99.132684220379957, 19.231916892632896 ], [ -99.132596198901439, 19.231908511132509 ], [ -99.132565538674356, 19.231925018338444 ], [ -99.132527765158414, 19.231977446725288 ], [ -99.132423739145935, 19.232171751093002 ], [ -99.132196751328863, 19.232455800216577 ], [ -99.132189206168363, 19.23245514772676 ], [ -99.131949704945896, 19.232434447928213 ], [ -99.131826753493726, 19.23242382145153 ], [ -99.131783718919678, 19.232420101995295 ], [ -99.130530733249273, 19.232311799773772 ], [ -99.130533659632292, 19.232289744875533 ], [ -99.130539182446938, 19.23224812207485 ], [ -99.130549690732579, 19.232168922352159 ], [ -99.13026704778099, 19.232128983965335 ], [ -99.129368357094407, 19.232001996239049 ], [ -99.129267890990278, 19.23198779983796 ], [ -99.129402780760998, 19.231484647910005 ], [ -99.128934179639856, 19.231419770793785 ], [ -99.128778028973102, 19.231379079611269 ], [ -99.128461888836583, 19.231375201208429 ], [ -99.128371279674852, 19.23132517980082 ], [ -99.128279349576673, 19.231291580418016 ], [ -99.128210678643086, 19.231277170015233 ], [ -99.12813877985846, 19.231293260588441 ], [ -99.12787061907342, 19.231221650980093 ], [ -99.127723169332612, 19.231203400532543 ], [ -99.127655449735684, 19.231132889618454 ], [ -99.127810363212845, 19.231127420369138 ], [ -99.12786227927775, 19.231064860662631 ], [ -99.128075359472746, 19.231086370780687 ], [ -99.128111629945565, 19.231082320663862 ], [ -99.128176859878948, 19.231066221027966 ], [ -99.128278379895178, 19.231081060611913 ], [ -99.128439058671148, 19.231014979653484 ], [ -99.128396212001974, 19.230969254225556 ], [ -99.128385319591573, 19.230957630758201 ], [ -99.127908259234417, 19.230887749792451 ], [ -99.127347348756714, 19.230753681149707 ], [ -99.126735192148487, 19.230583979482404 ], [ -99.126303047792106, 19.230392760335832 ], [ -99.125985097862298, 19.230171983780682 ], [ -99.125858990921913, 19.230084418014258 ], [ -99.125742908099895, 19.230098660588421 ], [ -99.125839764215257, 19.230629385918942 ], [ -99.125576971426369, 19.230616962587749 ], [ -99.125146710176239, 19.230596619686327 ], [ -99.125083105706807, 19.230289818051805 ], [ -99.124615972856958, 19.230297539103514 ], [ -99.124609147172819, 19.229577072332916 ], [ -99.123877208755701, 19.229501994083936 ], [ -99.123739994879429, 19.229293066303878 ], [ -99.123475783862176, 19.229155751800871 ], [ -99.123322147748667, 19.229033131598566 ], [ -99.123254235079344, 19.228755551507113 ], [ -99.123253377093377, 19.228477970010371 ], [ -99.123286529036292, 19.228383736574287 ], [ -99.123549520207391, 19.228247579785933 ], [ -99.123709048824921, 19.228197891290911 ], [ -99.124316420235303, 19.228377720642548 ], [ -99.124397644132301, 19.228314727636118 ], [ -99.124396650028501, 19.227755511027976 ], [ -99.124369969747761, 19.227686090423568 ], [ -99.12437090484454, 19.227674279773282 ], [ -99.124371539410973, 19.227666268510436 ], [ -99.124382120226713, 19.227532689581334 ], [ -99.124406569081486, 19.227418119533564 ], [ -99.124391858977944, 19.227009659764505 ], [ -99.124338628586557, 19.226918430304927 ], [ -99.124238320229978, 19.226809769939852 ], [ -99.124078453420992, 19.226709683381245 ], [ -99.123799580393339, 19.226535090319469 ], [ -99.123650169158594, 19.226403170779019 ], [ -99.123457769335502, 19.226199437767686 ], [ -99.123296049515517, 19.226018971228765 ], [ -99.123115709985726, 19.225805849815828 ], [ -99.122713819674203, 19.225596710266345 ], [ -99.12264070996055, 19.225527421084212 ], [ -99.122452779787309, 19.225281089766266 ], [ -99.122373709021943, 19.225131230690959 ], [ -99.122316178842624, 19.225012030951667 ], [ -99.122269449301996, 19.224892819659196 ], [ -99.122240629897064, 19.2247599506412 ], [ -99.122229738474275, 19.224586212359899 ], [ -99.122253940280771, 19.224408636765709 ], [ -99.122296570509533, 19.224283964521018 ], [ -99.122827154211166, 19.224395938469844 ], [ -99.122928584225974, 19.224259713922425 ], [ -99.123067805547308, 19.224025304211633 ], [ -99.123270104221405, 19.223459183327936 ], [ -99.123460333619605, 19.223058948395725 ], [ -99.123543815466434, 19.223089251244321 ], [ -99.123665869650722, 19.222575592081977 ], [ -99.123671244459047, 19.222507681239161 ], [ -99.123851930195741, 19.222506121049886 ], [ -99.123869001737873, 19.222537484956796 ], [ -99.12392325824564, 19.222559691258017 ], [ -99.124008973955412, 19.222652222427193 ], [ -99.124090554868047, 19.222566292188173 ], [ -99.124133013398506, 19.222564118584625 ], [ -99.124137465367326, 19.222491390302402 ], [ -99.124167410888688, 19.222486505003022 ], [ -99.124261731770105, 19.222560131016955 ], [ -99.124222382364309, 19.222732712302207 ], [ -99.124170508994069, 19.222720767265553 ], [ -99.124110530410434, 19.222814818940794 ], [ -99.124010690961001, 19.223167542333414 ], [ -99.12444759980518, 19.223278302047088 ], [ -99.125365058639744, 19.223535450817423 ], [ -99.125532549393256, 19.223202250057025 ], [ -99.125690420222725, 19.222971547349019 ], [ -99.125850909015568, 19.222692319715506 ], [ -99.125904450267967, 19.222596200608915 ], [ -99.126146570006853, 19.222653769651572 ], [ -99.127311749172037, 19.22188297956005 ], [ -99.127047169526492, 19.221714280594998 ], [ -99.12709615225755, 19.221615737037382 ], [ -99.127058264335702, 19.221449509379017 ], [ -99.127333493968123, 19.220857557735979 ], [ -99.127471931231327, 19.220601187577422 ], [ -99.127642554183865, 19.220349879924406 ], [ -99.127734224532347, 19.220177063536013 ], [ -99.127770063122853, 19.220139352208957 ], [ -99.127804562669027, 19.220111773139408 ], [ -99.127838690122744, 19.220089537645222 ], [ -99.127869397169405, 19.220065329093707 ], [ -99.127917398178354, 19.220025776279641 ], [ -99.127962439245039, 19.219973266121016 ], [ -99.128017651716334, 19.219903699791058 ], [ -99.128066384696979, 19.219835485096596 ], [ -99.128123619235907, 19.219749709543137 ], [ -99.128197853097873, 19.219631977662836 ], [ -99.128698559863849, 19.219172329543579 ], [ -99.128912351038323, 19.218544373728186 ], [ -99.129271739226212, 19.218523518582316 ], [ -99.129338766764505, 19.218517858940317 ], [ -99.129386989915005, 19.218496411226095 ], [ -99.129472705232928, 19.218200240304164 ], [ -99.129472476712436, 19.218162567612044 ], [ -99.129441403545883, 19.218127426730611 ], [ -99.129389528952743, 19.218085642725477 ], [ -99.129505719917873, 19.217019370376136 ], [ -99.130259459081913, 19.21642557481383 ], [ -99.131900581778226, 19.215079092150656 ], [ -99.132704063065461, 19.214690339484317 ], [ -99.13284896753531, 19.214448805895383 ], [ -99.1340209186192, 19.212169372855676 ], [ -99.134060974312675, 19.211969374190677 ], [ -99.134111233222441, 19.211719005799367 ], [ -99.134123234232533, 19.211419627059609 ], [ -99.133900475351624, 19.211042493595325 ], [ -99.133898679772344, 19.211034735287495 ], [ -99.134445829166495, 19.211616136240441 ], [ -99.138315860333364, 19.215728249687313 ], [ -99.14624577903507, 19.218197374916741 ], [ -99.148068131136171, 19.21876472649539 ], [ -99.149543649430399, 19.219224079964082 ], [ -99.14959360211968, 19.219238652552271 ], [ -99.14960616968051, 19.219242318938981 ], [ -99.154394860020759, 19.2206392798359 ], [ -99.153519367884257, 19.221806251547473 ], [ -99.153481520055365, 19.221581569678921 ], [ -99.153424250098894, 19.221409859622732 ], [ -99.153284489897047, 19.221183979922476 ], [ -99.153217109785331, 19.220985170138981 ], [ -99.153057739975125, 19.220741219725753 ], [ -99.152934420037852, 19.22058087958456 ], [ -99.152841570222208, 19.220503289854872 ], [ -99.152767050053669, 19.220462109646501 ], [ -99.152617059694265, 19.220468140062454 ], [ -99.152480519954409, 19.22053383016927 ], [ -99.152337949554337, 19.220714769645369 ], [ -99.152290250372033, 19.220877540242967 ], [ -99.152063799834707, 19.221295860003057 ], [ -99.152009819766747, 19.221741140056437 ], [ -99.152036620303519, 19.221882149725332 ], [ -99.152022880431545, 19.222039460339754 ], [ -99.151909340459, 19.222412480344264 ], [ -99.151842199951204, 19.222731220386486 ], [ -99.15177485990273, 19.222873660330414 ], [ -99.151690449940219, 19.223110279998114 ], [ -99.151671830272335, 19.223186399862922 ], [ -99.151651859721753, 19.223261260311784 ], [ -99.151619890414011, 19.223352620405695 ], [ -99.151579880181202, 19.223417340001596 ], [ -99.151543830214635, 19.22343894033391 ], [ -99.151511770035881, 19.223440229780284 ], [ -99.151478340095821, 19.223422509655631 ], [ -99.151447540166529, 19.223352770278176 ], [ -99.151426089845984, 19.223281749615651 ], [ -99.151408320257346, 19.223230419926665 ], [ -99.151395859763269, 19.223222480424397 ], [ -99.151314720432026, 19.223207939580927 ], [ -99.151220769804283, 19.223244510080502 ], [ -99.151150219578412, 19.223407970311229 ], [ -99.151164690458131, 19.223486599932812 ], [ -99.151184580271831, 19.223561820276895 ], [ -99.151200740155701, 19.223635940147734 ], [ -99.151203909621046, 19.223661879936017 ], [ -99.15120445001115, 19.223690719954607 ], [ -99.151202230401623, 19.223717000161418 ], [ -99.15119663009007, 19.22374622983272 ], [ -99.151186939623301, 19.22377708010983 ], [ -99.151171420043639, 19.223810750297307 ], [ -99.151153180050827, 19.223854150015839 ], [ -99.151133430114413, 19.223900430314764 ], [ -99.151113889735882, 19.223941569555468 ], [ -99.15110105984553, 19.223971309661817 ], [ -99.151090249849915, 19.224002879899206 ], [ -99.151080769617423, 19.224041369677231 ], [ -99.151075200146337, 19.224079109731214 ], [ -99.15107322039978, 19.224113619793844 ], [ -99.151074379713677, 19.224151080053858 ], [ -99.151078619994536, 19.224186059925465 ], [ -99.151084510452762, 19.224208489707372 ], [ -99.151092220293961, 19.224233080140692 ], [ -99.151103050307057, 19.224261980277483 ], [ -99.151115220392796, 19.224289509600744 ], [ -99.151128289615102, 19.224315089932368 ], [ -99.151143509573018, 19.224341170178629 ], [ -99.151164169648297, 19.224371949988026 ], [ -99.151190479547125, 19.224405519902906 ], [ -99.151232859875662, 19.224450089889036 ], [ -99.151273680024758, 19.22448494014489 ], [ -99.151320310384364, 19.224517420384192 ], [ -99.151370599693166, 19.224547740055687 ], [ -99.151408709918613, 19.224565050252771 ], [ -99.151451369944667, 19.224583799814454 ], [ -99.151495549778289, 19.224596779818604 ], [ -99.151551920223483, 19.224606849729643 ], [ -99.151602179558012, 19.224609689713244 ], [ -99.151666432748442, 19.224614604752787 ], [ -99.151745619684618, 19.224620661292587 ], [ -99.151862450020758, 19.224629319665237 ], [ -99.151964739863075, 19.224648089696036 ], [ -99.152120368710385, 19.224662219876855 ], [ -99.152211620411435, 19.224671569580853 ], [ -99.152276420149533, 19.224673199649136 ], [ -99.152366320034972, 19.224684620178948 ], [ -99.152456368801964, 19.224710180255364 ], [ -99.152540259980199, 19.224740770056741 ], [ -99.152637479762404, 19.224784001286132 ], [ -99.152691049246883, 19.224815970558115 ], [ -99.152737339937843, 19.22483770999612 ], [ -99.152784968909032, 19.224873450191609 ], [ -99.152840569305056, 19.224933649768371 ], [ -99.152900119941435, 19.225003260781289 ], [ -99.152973599561477, 19.225099230100422 ], [ -99.153039140396714, 19.225206510233651 ], [ -99.153123369521751, 19.225342430874125 ], [ -99.153212089049774, 19.225602940424842 ], [ -99.153316969272964, 19.225862540731477 ], [ -99.15337848861563, 19.225981830657101 ], [ -99.153261618616057, 19.226159750748682 ], [ -99.153180708722076, 19.2263194213097 ], [ -99.153071998916516, 19.226510831156503 ], [ -99.15298425893414, 19.226649910546435 ], [ -99.152935308636401, 19.226902230811632 ], [ -99.152865030313734, 19.227138660357163 ], [ -99.152832090276121, 19.22736457091678 ], [ -99.152769058996853, 19.227647689871532 ], [ -99.15271505745288, 19.227880357812424 ], [ -99.152700028794669, 19.22794510983049 ], [ -99.152648949876024, 19.228157951312983 ], [ -99.152579903103558, 19.228371000241996 ], [ -99.152561818641786, 19.228426799774347 ], [ -99.152513339909405, 19.228582581249011 ], [ -99.152507550264929, 19.228607549474713 ], [ -99.152456309028508, 19.228828539985741 ], [ -99.152417258988464, 19.228974379590852 ], [ -99.152389378579954, 19.229134680919085 ], [ -99.152375279823005, 19.229276660638924 ], [ -99.152333170040663, 19.229368199913289 ], [ -99.152230799103535, 19.229479780590712 ], [ -99.152128460187427, 19.229622849977908 ], [ -99.152020138758203, 19.229803060271934 ], [ -99.151914459964303, 19.229973919958816 ], [ -99.151863850092042, 19.230062147836641 ], [ -99.151023297401196, 19.229609744064931 ], [ -99.150836860556879, 19.229586542336094 ], [ -99.150773971152091, 19.229612665221804 ], [ -99.150620185804698, 19.229803136463897 ], [ -99.15055670274937, 19.230007270953642 ], [ -99.150406945250097, 19.230304344869058 ], [ -99.150101619157766, 19.230753370069717 ], [ -99.145287830316718, 19.230525460603431 ], [ -99.144361720390762, 19.230336740844137 ], [ -99.144142548776969, 19.230240060018343 ], [ -99.143909768863935, 19.230041939867593 ], [ -99.143695348942003, 19.229797019622783 ], [ -99.143661818577641, 19.229577381169737 ], [ -99.14335363882843, 19.229329666426857 ], [ -99.14322201130679, 19.229555052826484 ], [ -99.14317330702427, 19.229673307244287 ], [ -99.143101272864527, 19.229897348020504 ], [ -99.143076184236449, 19.230040697427931 ], [ -99.143056900747041, 19.230208127116263 ], [ -99.143056848823463, 19.230360941313101 ], [ -99.143072313184717, 19.230526031657188 ], [ -99.143739125066247, 19.232819736655216 ], [ -99.14392796726834, 19.233308727394544 ], [ -99.143705567574287, 19.233405980855359 ], [ -99.143735539398648, 19.233600690962454 ], [ -99.143736473793922, 19.233810304190342 ], [ -99.143725715600993, 19.233917383559241 ], [ -99.143714200440783, 19.234031995461294 ], [ -99.14371463245601, 19.23407980331924 ], [ -99.143715255828269, 19.234148687976344 ], [ -99.143733457309679, 19.23444285008469 ], [ -99.143740317706715, 19.23455030635149 ], [ -99.14377459999443, 19.235087261354735 ], [ -99.143672555897282, 19.235149690090292 ], [ -99.14346916859283, 19.235192721225634 ], [ -99.14319211948488, 19.235233200379309 ], [ -99.142984949191828, 19.235249940087666 ], [ -99.142820288879278, 19.235342430719108 ], [ -99.142539539062369, 19.23559257057785 ], [ -99.142492199868286, 19.235696819606105 ], [ -99.141275937901582, 19.236378190866109 ], [ -99.141174203142569, 19.236428960238342 ], [ -99.141089107978999, 19.236440416802402 ], [ -99.14104961174246, 19.2364341459838 ], [ -99.141012863607045, 19.236394833329602 ], [ -99.141015950250832, 19.236064101773145 ], [ -99.140979271028741, 19.236012695519836 ], [ -99.14093657415718, 19.235994778314133 ], [ -99.140896558315902, 19.235984458731394 ], [ -99.14085293858848, 19.235999146762893 ], [ -99.140757971959331, 19.236031121583753 ], [ -99.140522017119949, 19.236001529719076 ], [ -99.140299982174014, 19.235973681534183 ], [ -99.14016329080134, 19.235925446911736 ], [ -99.139674733882998, 19.235894234055369 ], [ -99.139130954894384, 19.235804868901468 ], [ -99.138939305385037, 19.23577312617634 ], [ -99.138862182743239, 19.235972923962176 ], [ -99.138583110499468, 19.235960271060822 ], [ -99.138443692353192, 19.236184145066744 ], [ -99.138412975001501, 19.236268056947392 ], [ -99.138356368388145, 19.236453954254273 ], [ -99.138199747637188, 19.236968296777011 ], [ -99.137810127789507, 19.238092426207029 ], [ -99.137415977795641, 19.23841979773357 ], [ -99.137188362545956, 19.238561076073186 ], [ -99.137644824147628, 19.238644391601969 ], [ -99.137913843250757, 19.238729459748217 ], [ -99.138403479186422, 19.238788963721209 ], [ -99.138197276717037, 19.239871139386988 ], [ -99.138025506942242, 19.239853865863992 ], [ -99.138025040538565, 19.239853818971071 ], [ -99.13822780186679, 19.240219350170154 ], [ -99.138515207527135, 19.240330553973653 ], [ -99.138464258749494, 19.240396629833988 ], [ -99.138228996458153, 19.241150543288228 ], [ -99.138082979678913, 19.241624350794996 ], [ -99.137918889945212, 19.241937369980185 ], [ -99.137874650456297, 19.241984349619152 ], [ -99.137679769852909, 19.242903090182089 ], [ -99.137664458755211, 19.243357050725834 ], [ -99.137764258935007, 19.244081060192741 ], [ -99.137806179041277, 19.244296820316521 ], [ -99.137845309060168, 19.244361019821554 ], [ -99.137936919613594, 19.244937920412646 ], [ -99.138018120483153, 19.245213289671973 ], [ -99.138250688925993, 19.245681540917285 ], [ -99.138289778781498, 19.245725979854225 ], [ -99.138921508834542, 19.245966339571371 ], [ -99.139041380039188, 19.246042830307037 ], [ -99.139275949990903, 19.246237859572506 ], [ -99.13939587964343, 19.246361319848916 ], [ -99.139610319744051, 19.246722939846311 ], [ -99.139738139905958, 19.246947690435039 ], [ -99.139816879935765, 19.247090050232934 ], [ -99.139988999702311, 19.247349350258581 ], [ -99.140228830245292, 19.247581449899599 ], [ -99.14030256976659, 19.247810540274685 ], [ -99.140363750340654, 19.247981340032567 ], [ -99.140517490475744, 19.248055350035397 ], [ -99.140621719927935, 19.248112089807531 ], [ -99.140811999622542, 19.248270089949518 ], [ -99.140958599590192, 19.2483454501427 ], [ -99.141107150320082, 19.248446630055938 ], [ -99.141378149809228, 19.248584799907736 ], [ -99.141563180330095, 19.248690910140223 ], [ -99.141667510409775, 19.24885884986022 ], [ -99.141725630016353, 19.248995200448743 ], [ -99.141691920062058, 19.249083580374741 ], [ -99.141679320139374, 19.24916605961889 ], [ -99.141711279738445, 19.249364310328957 ], [ -99.141715750107551, 19.249434250275439 ], [ -99.141723199793503, 19.249518180004195 ], [ -99.141708479821148, 19.249551770346475 ], [ -99.141702619910816, 19.249590949923348 ], [ -99.141698550453469, 19.249690449561935 ], [ -99.141691089708516, 19.249751090074462 ], [ -99.141631450401604, 19.249858630350332 ], [ -99.141599720201029, 19.24993688975125 ], [ -99.141564579653291, 19.250000060380316 ], [ -99.141483980270166, 19.250131380451887 ], [ -99.141429169821393, 19.250263489550935 ], [ -99.141353279753574, 19.250394079733432 ], [ -99.141308890297054, 19.250478490380448 ], [ -99.141274490271343, 19.250554860044691 ], [ -99.141263109670774, 19.250612769988916 ], [ -99.141254649535725, 19.250647660282109 ], [ -99.141111739607993, 19.250756349990528 ], [ -99.141074000340467, 19.250828280422073 ], [ -99.141033910265747, 19.250869549823559 ], [ -99.140986459684299, 19.250911179955072 ], [ -99.14095155046752, 19.250947400445796 ], [ -99.140918259863639, 19.250955319998706 ], [ -99.140855910374796, 19.250962339560971 ], [ -99.140798969873529, 19.25097711995949 ], [ -99.140772489951999, 19.251044310441163 ], [ -99.140717579555499, 19.251141780188178 ], [ -99.140689750456701, 19.251221250440036 ], [ -99.140658379884869, 19.251225860434548 ], [ -99.140552149904465, 19.251254749665783 ], [ -99.140483950338549, 19.251285050358639 ], [ -99.140501659802382, 19.251355399791546 ], [ -99.140520749659601, 19.251377450114578 ], [ -99.140514629748452, 19.251402550067596 ], [ -99.140484749789962, 19.251452520084108 ], [ -99.140458150298301, 19.251540659594507 ], [ -99.140421679881712, 19.251626460407202 ], [ -99.1403351398654, 19.251788279663984 ], [ -99.14021219992857, 19.251841849724659 ], [ -99.140156169667861, 19.251901030411872 ], [ -99.140156220447011, 19.251945449977161 ], [ -99.140159740122229, 19.251998120079499 ], [ -99.140157689577862, 19.252017679896788 ], [ -99.140140620045344, 19.252092080089778 ], [ -99.140130199683185, 19.252158020038237 ], [ -99.140132970055646, 19.252207350024037 ], [ -99.140142509980009, 19.252254890225572 ], [ -99.14017169029961, 19.252351510078139 ], [ -99.14017661993789, 19.252411629796324 ], [ -99.140196369955788, 19.252467710401024 ], [ -99.140200799809207, 19.252521830164842 ], [ -99.140189680174501, 19.252593450232702 ], [ -99.14014474044437, 19.252752380038793 ], [ -99.140101949657918, 19.252818689924354 ], [ -99.140084219798325, 19.25286251997619 ], [ -99.140028950003384, 19.252941340052242 ], [ -99.139954519741949, 19.253007049701225 ], [ -99.139944059934194, 19.253092940080723 ], [ -99.139877859688838, 19.253245800130848 ], [ -99.13983908020397, 19.253303150388113 ], [ -99.139798219986346, 19.253324349699508 ], [ -99.139758689597713, 19.253324380030179 ], [ -99.139692380167205, 19.253359420242756 ], [ -99.139692460208266, 19.253434280381697 ], [ -99.139670980049544, 19.253566370298774 ], [ -99.139633600234689, 19.25367311977417 ], [ -99.139611690146054, 19.253786749880277 ], [ -99.139577450386582, 19.253910089825734 ], [ -99.139538309691332, 19.254091950038475 ], [ -99.139493949711238, 19.254232710126068 ], [ -99.139478750019904, 19.254342230031661 ], [ -99.139453708663495, 19.25428146004591 ], [ -99.139375658721733, 19.254229281283227 ], [ -99.139357259283173, 19.254170489905498 ], [ -99.139251628547555, 19.254050831122083 ], [ -99.13909321991548, 19.253889829671248 ], [ -99.139022028915164, 19.25380715048529 ], [ -99.138972518754642, 19.253723050151478 ], [ -99.138968179276347, 19.253454170795074 ] ] ], [ [ [ -99.084032609830771, 19.298852582592808 ], [ -99.083578286839085, 19.29942585863709 ], [ -99.08316822044219, 19.29965232029971 ], [ -99.082318079838799, 19.298583199790194 ], [ -99.080371120445179, 19.296237179675764 ], [ -99.079971290100403, 19.295767800062279 ], [ -99.079694000320785, 19.295453850151372 ], [ -99.079206379946939, 19.294868139790744 ], [ -99.078970649651765, 19.2945885102679 ], [ -99.078659310421074, 19.29421314015708 ], [ -99.078022950115454, 19.293474020223414 ], [ -99.077719719768623, 19.293227969851259 ], [ -99.077315280097537, 19.29296291019131 ], [ -99.077225710240782, 19.292848690149828 ], [ -99.075909978973499, 19.290986170853941 ], [ -99.075245879458208, 19.290079280720182 ], [ -99.074941109348998, 19.289698140587635 ], [ -99.074487260308231, 19.289371830328879 ], [ -99.074074059931903, 19.289098979581958 ], [ -99.072356480302446, 19.287948169775895 ], [ -99.07218519974009, 19.287818259653513 ], [ -99.071531198280027, 19.287213733292624 ], [ -99.071375799647825, 19.28707009016772 ], [ -99.069879920463578, 19.285734740035888 ], [ -99.069152919572446, 19.285085739953175 ], [ -99.068966750404471, 19.284955850121893 ], [ -99.068310620087402, 19.284439259758113 ], [ -99.064645120357753, 19.282113819941014 ], [ -99.064370179859623, 19.281992770028978 ], [ -99.059672629973136, 19.280284949888738 ], [ -99.058575419611714, 19.279909630383919 ], [ -99.057600340141931, 19.279628879758015 ], [ -99.056762949956308, 19.279500349734565 ], [ -99.05607265957326, 19.279456379753118 ], [ -99.055159680212626, 19.279458819806809 ], [ -99.054789079796308, 19.279426770444942 ], [ -99.054498320397869, 19.279367150028111 ], [ -99.053870880445047, 19.27908574961015 ], [ -99.052371599577, 19.278481979802645 ], [ -99.050567635968704, 19.277503684217539 ], [ -99.050567259688279, 19.277503480257312 ], [ -99.048286970297653, 19.275978230414097 ], [ -99.047322279634187, 19.27559860024931 ], [ -99.045100049769729, 19.274864109612189 ], [ -99.041451430043892, 19.273780509861922 ], [ -99.040431219669401, 19.273253980231942 ], [ -99.040227339867144, 19.273056819633396 ], [ -99.039527659770243, 19.272650370102621 ], [ -99.038589460239507, 19.272132249623056 ], [ -99.03837167898935, 19.272036419796049 ], [ -99.037558929723716, 19.271782590026039 ], [ -99.0374919799997, 19.271761675373035 ], [ -99.037319449096373, 19.271705740304881 ], [ -99.03646391021671, 19.270976830153433 ], [ -99.03594369039152, 19.270636599579234 ], [ -99.035671519760839, 19.270263429860481 ], [ -99.035353783907482, 19.269793971466562 ], [ -99.034643949745032, 19.268745169701276 ], [ -99.0343563583709, 19.268416107431758 ], [ -99.034097961473037, 19.268120443740937 ], [ -99.033733849150707, 19.267703820604357 ], [ -99.033021888891412, 19.267116910413989 ], [ -99.032670909084473, 19.266692200378166 ], [ -99.033274519820466, 19.265380462850409 ], [ -99.03382259943109, 19.265538019849735 ], [ -99.034124177722603, 19.265491781646055 ], [ -99.034863080421374, 19.265378490254236 ], [ -99.034992871312852, 19.265221603772009 ], [ -99.035018680175, 19.265164551343169 ], [ -99.036719307607939, 19.263715800332665 ], [ -99.037138890049675, 19.263440580211256 ], [ -99.037817690191233, 19.262774369918841 ], [ -99.039286649764165, 19.261863683759834 ], [ -99.040550779333174, 19.261479284154987 ], [ -99.040976942892257, 19.261349666601536 ], [ -99.041518517426539, 19.261330958865351 ], [ -99.041680918701644, 19.261234400024001 ], [ -99.042221142740118, 19.261072403519947 ], [ -99.043436510271249, 19.260500520092069 ], [ -99.044102611702684, 19.26028974523139 ], [ -99.044849768814686, 19.260053320650105 ], [ -99.045718340091682, 19.259685520010635 ], [ -99.046861520275385, 19.259514029996449 ], [ -99.047480458971748, 19.259362691076348 ], [ -99.047780418912907, 19.259309260627706 ], [ -99.048413090011422, 19.258967999708375 ], [ -99.048558829854599, 19.258823879985684 ], [ -99.048605169291761, 19.25808623053198 ], [ -99.048764339539417, 19.257389739643589 ], [ -99.049186519145451, 19.257471550639277 ], [ -99.050114570253029, 19.257894120367713 ], [ -99.050413628782323, 19.257412029895583 ], [ -99.050713769343204, 19.256465080818877 ], [ -99.051156548825915, 19.256098089867432 ], [ -99.051347696831456, 19.255972829371565 ], [ -99.051710750147436, 19.255789020831951 ], [ -99.051892049540044, 19.25580411076194 ], [ -99.052368246586056, 19.256050342511056 ], [ -99.052540431249724, 19.256120965706302 ], [ -99.053118570061557, 19.256302659756752 ], [ -99.053347607899653, 19.25641186728242 ], [ -99.053461455595041, 19.256418993307271 ], [ -99.053569939558912, 19.256393201298344 ], [ -99.053815259516981, 19.256205890582848 ], [ -99.054326540145013, 19.256157540173884 ], [ -99.05486871860542, 19.256172681073849 ], [ -99.055470660417825, 19.256491910948125 ], [ -99.055780613011947, 19.256575235796138 ], [ -99.055920346592998, 19.256582481472133 ], [ -99.056397515497395, 19.256482300557355 ], [ -99.056886200460951, 19.256408679677108 ], [ -99.057366144722067, 19.256444720756008 ], [ -99.057448845814037, 19.256458126119718 ], [ -99.058257830417048, 19.256641985948928 ], [ -99.058746577784206, 19.256701191600783 ], [ -99.059545120411769, 19.256756599651364 ], [ -99.059339740086173, 19.257914150596594 ], [ -99.0593363187146, 19.257973723609989 ], [ -99.059392181346126, 19.258060026331588 ], [ -99.059465395526217, 19.258075359577525 ], [ -99.059437187216716, 19.258271119355978 ], [ -99.059402139279072, 19.258513949624703 ], [ -99.059298059632425, 19.259023380253215 ], [ -99.059115029361152, 19.259667481071155 ], [ -99.05907173907643, 19.260368598259966 ], [ -99.059067920096197, 19.260430450497978 ], [ -99.059013378570526, 19.260663651145286 ], [ -99.05897251883944, 19.260967820726975 ], [ -99.059130709061819, 19.261068659873466 ], [ -99.058725878570698, 19.262840691256816 ], [ -99.058633569891313, 19.263142949714428 ], [ -99.058429689981949, 19.263531279841835 ], [ -99.058836249877473, 19.263660920379593 ], [ -99.05903227991864, 19.26366069044397 ], [ -99.059350059108638, 19.263593511323247 ], [ -99.059467530776445, 19.263596657928861 ], [ -99.059456673672813, 19.263627022142757 ], [ -99.059676539678534, 19.263687570585681 ], [ -99.059885999277199, 19.263687490514421 ], [ -99.060093380078044, 19.263730319823281 ], [ -99.060469508952806, 19.263816000164709 ], [ -99.060521848746177, 19.263788879728803 ], [ -99.060612459350537, 19.263644150159763 ], [ -99.060790979798639, 19.263641850206749 ], [ -99.061011379603627, 19.263183280909335 ], [ -99.061166760951608, 19.262744699653851 ], [ -99.061427379527018, 19.262769340133577 ], [ -99.062523759368332, 19.263445306603707 ], [ -99.063167814136449, 19.263655257409088 ], [ -99.063360608728004, 19.263673485329726 ], [ -99.063486022615834, 19.263725132396026 ], [ -99.063471826169803, 19.263761034804403 ], [ -99.063645735678989, 19.263878029659931 ], [ -99.063633157137389, 19.263949380990553 ], [ -99.063854452842605, 19.264031380444234 ], [ -99.063847209370721, 19.264066933375766 ], [ -99.064483032635579, 19.264267907467076 ], [ -99.064885995224685, 19.264476012363172 ], [ -99.065089353737889, 19.263913641198695 ], [ -99.065644443028518, 19.262192333899627 ], [ -99.065387432904373, 19.262115768725828 ], [ -99.065423260230901, 19.261995344222939 ], [ -99.0652980102425, 19.261963935346301 ], [ -99.065613075509162, 19.260818590942492 ], [ -99.065736168962118, 19.260795868123783 ], [ -99.065777886102353, 19.260771420725487 ], [ -99.06614126781659, 19.259257142128682 ], [ -99.066272444612594, 19.2592832365332 ], [ -99.066364017392942, 19.259301520685209 ], [ -99.067163259779633, 19.259474890146087 ], [ -99.067398429967412, 19.259611649783455 ], [ -99.06759278029746, 19.259691140446694 ], [ -99.067973860018611, 19.259771249835026 ], [ -99.06816251929439, 19.25978156603832 ], [ -99.0688021859103, 19.259737676765397 ], [ -99.069731400150815, 19.259686539600747 ], [ -99.070419969773695, 19.259654579832034 ], [ -99.071791043415118, 19.259651926980805 ], [ -99.072125648666258, 19.259708848252966 ], [ -99.072469064676937, 19.259816305253079 ], [ -99.074840321829257, 19.260656251185512 ], [ -99.074958168904331, 19.260697994048485 ], [ -99.074995125473706, 19.260599423706726 ], [ -99.075560304755669, 19.260736854204545 ], [ -99.078088200581533, 19.261334415331174 ], [ -99.079703019425011, 19.261785178863224 ], [ -99.08099858023256, 19.262138109682876 ], [ -99.082731279556185, 19.262565170288543 ], [ -99.083417600163017, 19.26272628031202 ], [ -99.085043740212953, 19.26314766011215 ], [ -99.088115749937046, 19.263943660105177 ], [ -99.09008500805173, 19.264453906911605 ], [ -99.090746599743937, 19.264625319551119 ], [ -99.093034050262744, 19.265217949754895 ], [ -99.092845480287934, 19.265884980521413 ], [ -99.092842180184348, 19.26597373993053 ], [ -99.092739653727989, 19.266371480231307 ], [ -99.092634955430867, 19.266658788803632 ], [ -99.09173740406176, 19.266479607188892 ], [ -99.091473205039506, 19.267093831781018 ], [ -99.090875908319305, 19.268773746012211 ], [ -99.091652133392571, 19.268951788570128 ], [ -99.091792934123902, 19.268848777871185 ], [ -99.091908861249649, 19.268857860968954 ], [ -99.091987687745998, 19.26886403691358 ], [ -99.091970719814753, 19.269083310272421 ], [ -99.091899675376496, 19.269288014367348 ], [ -99.091267800062994, 19.271108649960102 ], [ -99.09126122983659, 19.271253569666268 ], [ -99.091082079474603, 19.271575001021876 ], [ -99.090876258917376, 19.27173265004291 ], [ -99.090025679856296, 19.27211832040447 ], [ -99.091519497589431, 19.272691178502811 ], [ -99.092832819649203, 19.273194800116421 ], [ -99.095044540089987, 19.274066749560529 ], [ -99.094732519946234, 19.274776940188069 ], [ -99.09417650982806, 19.276411311295167 ], [ -99.096865970043524, 19.277182720128177 ], [ -99.097229909670261, 19.277304319794101 ], [ -99.098769089716214, 19.277738780250932 ], [ -99.099291769570627, 19.277062830215794 ], [ -99.101055400351058, 19.275592689920831 ], [ -99.10218739981849, 19.274649799554769 ], [ -99.102315920429902, 19.275978920199698 ], [ -99.102457254523685, 19.280510825945047 ], [ -99.102356419689855, 19.282968060174625 ], [ -99.102293230315396, 19.284304849568297 ], [ -99.102230780116514, 19.285011820304163 ], [ -99.101870550383481, 19.286346289647494 ], [ -99.098967169951166, 19.286288999754337 ], [ -99.095620539831955, 19.285784550193039 ], [ -99.095549200147076, 19.286803370259424 ], [ -99.095492749562524, 19.286815750224342 ], [ -99.095424727729451, 19.286863860410353 ], [ -99.09539634959927, 19.286930400035335 ], [ -99.095392909923518, 19.287008089810829 ], [ -99.09542454034667, 19.287075279839982 ], [ -99.095502600267935, 19.28714696979937 ], [ -99.09537434033281, 19.28834514955555 ], [ -99.094418319637583, 19.289074179566704 ], [ -99.094085549831675, 19.289460980070629 ], [ -99.093902630121647, 19.289778000357238 ], [ -99.093707910426588, 19.290243680016882 ], [ -99.093611680197668, 19.290615780133948 ], [ -99.093481570208468, 19.290885050348297 ], [ -99.093368880336399, 19.291078580211057 ], [ -99.093203770101439, 19.291268350330849 ], [ -99.093045120078756, 19.29140343041685 ], [ -99.0926366903375, 19.291711859758959 ], [ -99.092565419934033, 19.291791419821621 ], [ -99.092520550018421, 19.291904450259143 ], [ -99.092508659547235, 19.292013569956644 ], [ -99.092521380357468, 19.292109200319238 ], [ -99.092555659938853, 19.292184950176146 ], [ -99.092605830029029, 19.29224122955435 ], [ -99.092645249697767, 19.292350650285005 ], [ -99.092545309618529, 19.292804939771507 ], [ -99.092612139523197, 19.293032260094286 ], [ -99.093035110376917, 19.293304049782769 ], [ -99.092735029653312, 19.293719599854104 ], [ -99.092617509926598, 19.293806139814375 ], [ -99.092369310187962, 19.29392956990921 ], [ -99.092160369619592, 19.294102719557188 ], [ -99.091964619952094, 19.294350349600975 ], [ -99.091798750166902, 19.294681419848413 ], [ -99.091677649712807, 19.29482093973315 ], [ -99.091407489790697, 19.294941029873975 ], [ -99.091358489940376, 19.295080230191076 ], [ -99.091314220154132, 19.295249450418982 ], [ -99.091286660258135, 19.295464539883142 ], [ -99.091336829612302, 19.296128479572868 ], [ -99.09161365005923, 19.296968280237145 ], [ -99.091672750163653, 19.297084710414936 ], [ -99.091626079939303, 19.297333460269652 ], [ -99.091366120059675, 19.297461449597179 ], [ -99.090907090313664, 19.297866569933429 ], [ -99.090702320131896, 19.298102710062086 ], [ -99.090649490275084, 19.298299859975462 ], [ -99.090657199654984, 19.298507220388906 ], [ -99.090649719590502, 19.298837630020891 ], [ -99.090581710043836, 19.299229249599286 ], [ -99.09019721991406, 19.300029740446178 ], [ -99.090259309751147, 19.300362969679664 ], [ -99.088507767848526, 19.302519594637644 ], [ -99.085349437485604, 19.298717254260609 ], [ -99.084342792223566, 19.298647469109191 ], [ -99.084233969245403, 19.298674714591797 ], [ -99.084032609830771, 19.298852582592808 ] ] ] ] } }
]
}
