{
"type": "FeatureCollection",
"name": "tulyehualco_combinado",
"crs": { "type": "name", "properties": { "name": "urn:ogc:def:crs:OGC:1.3:CRS84" } },
"features": [
{ "type": "Feature", "properties": { "level_0": 0, "index": 0, "EDICION": "2025", "VERSION": "1", "TIPO_GEO": "a", "CVEGEO": "0901300011084", "CVE_ENT": "09", "CVE_MUN": "013", "CVE_LOC": "0001", "CVE_AGEB": "1084" }, "geometry": { "type": "Polygon", "coordinates": [ [ [ -99.101475798597647, 19.210583479826898 ], [ -99.100693090133404, 19.210286742461104 ], [ -99.100540228854257, 19.210194539955452 ], [ -99.100391798869225, 19.210074718067428 ], [ -99.099884860014981, 19.209570598900402 ], [ -99.099827460131536, 19.209478399722034 ], [ -99.099746549452334, 19.209231912752021 ], [ -99.099674286174206, 19.209113290954935 ], [ -99.099401857086917, 19.208873460935525 ], [ -99.099326780425784, 19.208752181216472 ], [ -99.099273890442362, 19.208591351364849 ], [ -99.099251249502089, 19.208234829889193 ], [ -99.099212509680967, 19.208147279827081 ], [ -99.099269419647555, 19.208105150060984 ], [ -99.099305859851043, 19.208069419813246 ], [ -99.099369139683844, 19.207990849643171 ], [ -99.09983065983198, 19.20749560119949 ], [ -99.099920538741117, 19.207385630367181 ], [ -99.099976020173173, 19.207267049750435 ], [ -99.100012970315717, 19.207144000048533 ], [ -99.100026110233713, 19.206993350354658 ], [ -99.100044750038961, 19.206519550900477 ], [ -99.100057919687799, 19.206414091138516 ], [ -99.100084310255042, 19.206321181065064 ], [ -99.100123950056826, 19.2062458510986 ], [ -99.100182088872501, 19.206170490578749 ], [ -99.100256120099004, 19.206115230552186 ], [ -99.100375119165022, 19.206072481334353 ], [ -99.100606340096931, 19.205998030169244 ], [ -99.100635564095739, 19.205984532842056 ], [ -99.100698879517509, 19.205955290666537 ], [ -99.100802000364439, 19.205894981251241 ], [ -99.100886118882315, 19.205824651097945 ], [ -99.100984418643435, 19.205721650806549 ], [ -99.101002279284458, 19.205700799842454 ], [ -99.101147594183004, 19.205531206713978 ], [ -99.101590020176275, 19.205014859608973 ], [ -99.101693088750267, 19.204891780309381 ], [ -99.101745939236281, 19.204808890754741 ], [ -99.101763659549192, 19.204762798873503 ], [ -99.101780428932727, 19.204719180116978 ], [ -99.101814749673068, 19.204621630614074 ], [ -99.101854310627687, 19.204430430579375 ], [ -99.10187084959118, 19.204200849805435 ], [ -99.101899711196381, 19.203823420775816 ], [ -99.101933180389622, 19.203434250405913 ], [ -99.101963600170549, 19.20264608970805 ], [ -99.102022430300067, 19.20228052131997 ], [ -99.10207006031915, 19.201846400105318 ], [ -99.102086450425602, 19.201572321242491 ], [ -99.102117580297062, 19.201051799911465 ], [ -99.10217033920668, 19.200827969734362 ], [ -99.102246939529337, 19.200661971305863 ], [ -99.102417180323968, 19.200693220767967 ], [ -99.103241819990373, 19.200621120939243 ], [ -99.104672571099726, 19.200705404634135 ], [ -99.105568138336452, 19.200598564139547 ], [ -99.105567779063207, 19.200594810616902 ], [ -99.104664890321672, 19.200702524562207 ], [ -99.103234139563526, 19.200618240884992 ], [ -99.102409500099398, 19.20069034069628 ], [ -99.102239259365831, 19.200659090335574 ], [ -99.102265430105774, 19.200625350470045 ], [ -99.102392169019964, 19.200461890953086 ], [ -99.102621569630244, 19.200308240353834 ], [ -99.10310619922285, 19.20001541005384 ], [ -99.103260238145182, 19.199923320236334 ], [ -99.104072938795682, 19.199433500959206 ], [ -99.104115658401639, 19.199407779832374 ], [ -99.104188669112517, 19.199364301581738 ], [ -99.104717899677098, 19.199043490366218 ], [ -99.104792008318086, 19.198961341575686 ], [ -99.104836548240158, 19.198863229880143 ], [ -99.104843288552956, 19.198763411102242 ], [ -99.104816629095978, 19.198653270707016 ], [ -99.104771239356964, 19.198558041739915 ], [ -99.104717778297044, 19.198490470609986 ], [ -99.104601178682543, 19.19842294033338 ], [ -99.104526813291756, 19.198416853579275 ], [ -99.104519733200547, 19.198416801107697 ], [ -99.104412086849521, 19.19841598446207 ], [ -99.104392097534273, 19.19841583290977 ], [ -99.104469640742209, 19.197997453555519 ], [ -99.104731108865309, 19.198017097601781 ], [ -99.10526894487711, 19.198057503559411 ], [ -99.105274897067616, 19.198057951101735 ], [ -99.10527761948542, 19.198058155609633 ], [ -99.10527768012075, 19.19805801969131 ], [ -99.10528136901803, 19.198052251592483 ], [ -99.105291394171076, 19.198036574337412 ], [ -99.105505594576414, 19.1977016260624 ], [ -99.105505778023797, 19.197701339676605 ], [ -99.105517616986063, 19.19768282624403 ], [ -99.105517972077223, 19.197682270459065 ], [ -99.105533087574443, 19.197658636017707 ], [ -99.105736399754761, 19.197340709934512 ], [ -99.105745302608099, 19.19732444220822 ], [ -99.105745451432469, 19.197324169653552 ], [ -99.105773277057096, 19.197273325048123 ], [ -99.105791835732049, 19.197239413400762 ], [ -99.105802954875656, 19.19721909509439 ], [ -99.105803143365719, 19.197218750824398 ], [ -99.105811601752578, 19.197203295363725 ], [ -99.105980264282437, 19.196895101404685 ], [ -99.105985473632259, 19.196885581928377 ], [ -99.105991724176647, 19.196874136438591 ], [ -99.106299573201468, 19.196311633395513 ], [ -99.106308246756527, 19.196295784340013 ], [ -99.106316085979699, 19.196281460305713 ], [ -99.106509630841984, 19.195927795338857 ], [ -99.106519382691332, 19.195909976584751 ], [ -99.106529169302831, 19.195892092362634 ], [ -99.106714994957173, 19.195552529880477 ], [ -99.106732878590307, 19.195519850026759 ], [ -99.106743489492231, 19.195500461422395 ], [ -99.106928060115337, 19.195163191303788 ], [ -99.106948061653839, 19.195126641066924 ], [ -99.108099514873786, 19.19302252131882 ], [ -99.108437567401339, 19.192404764064623 ], [ -99.108628165936921, 19.19205646203417 ], [ -99.108817228888711, 19.191710964298945 ], [ -99.109016765234955, 19.191346326143563 ], [ -99.109118014050821, 19.191161299902742 ], [ -99.110276339975215, 19.189044490086374 ], [ -99.111484089973473, 19.186834139547138 ], [ -99.11166244982914, 19.186513290198729 ], [ -99.112330629921246, 19.185295480095764 ], [ -99.112660619603943, 19.184692660217376 ], [ -99.113418350432468, 19.183302289889099 ], [ -99.11865414007039, 19.173742659729321 ], [ -99.119130140362216, 19.172872950045978 ], [ -99.1302443202446, 19.152544169968149 ], [ -99.131050740142626, 19.152668680453786 ], [ -99.131403319772573, 19.152653479884908 ], [ -99.131658149896921, 19.152634509888834 ], [ -99.132141569838595, 19.15292140022466 ], [ -99.132508849831197, 19.153026350219797 ], [ -99.132581630050979, 19.153121140340208 ], [ -99.132600259763691, 19.1532196601305 ], [ -99.132611540406458, 19.153381629773289 ], [ -99.132467849891043, 19.153989650336161 ], [ -99.132555049865601, 19.154298349961014 ], [ -99.132795349795018, 19.154880780077161 ], [ -99.132836619993753, 19.155825020054831 ], [ -99.132795290437031, 19.156623689561641 ], [ -99.132894830222, 19.157727519926205 ], [ -99.13282471037428, 19.158583680051045 ], [ -99.132724979645218, 19.159338659616079 ], [ -99.132694889724462, 19.160134429747444 ], [ -99.132523289892418, 19.160848030249312 ], [ -99.132398660193275, 19.161283769980169 ], [ -99.132248649527909, 19.161609080320538 ], [ -99.131976350165772, 19.162126630052285 ], [ -99.131814649597843, 19.1626089402735 ], [ -99.131650340450065, 19.163185549601483 ], [ -99.13106845032307, 19.164055490197288 ], [ -99.130641429531607, 19.164900419789493 ], [ -99.130471020018248, 19.165408889607406 ], [ -99.130314769747045, 19.165906060329316 ], [ -99.130217520323782, 19.166579429844887 ], [ -99.130202279724841, 19.167264030045349 ], [ -99.130174219747872, 19.168220480135055 ], [ -99.130313479867553, 19.168859059546758 ], [ -99.130520830015342, 19.17040211964072 ], [ -99.130514540250957, 19.170572769864897 ], [ -99.130477939649722, 19.170721520308938 ], [ -99.130519659538734, 19.170837720161384 ], [ -99.130533020201497, 19.171047510122133 ], [ -99.130543179738339, 19.171393649616242 ], [ -99.130508889851257, 19.171643950437591 ], [ -99.130477400426514, 19.171800740446368 ], [ -99.130461849908997, 19.171855289950887 ], [ -99.130409689969255, 19.171909820061479 ], [ -99.13034191997005, 19.171959430428796 ], [ -99.13024435008208, 19.17200808999144 ], [ -99.130071480066931, 19.172083549570218 ], [ -99.129997149527327, 19.172137510272346 ], [ -99.129962780207336, 19.172195850064842 ], [ -99.12995054983837, 19.172246020063938 ], [ -99.129949399759198, 19.172360279835722 ], [ -99.130033879938495, 19.172446379674906 ], [ -99.130072999784659, 19.172515020429461 ], [ -99.130196720042349, 19.172670719882237 ], [ -99.130468880047786, 19.172971019989944 ], [ -99.130794979669815, 19.173420399667563 ], [ -99.130911919904477, 19.173603320398851 ], [ -99.131106349696296, 19.173842650074825 ], [ -99.131382779583205, 19.174037520205705 ], [ -99.131567179879241, 19.174293029634974 ], [ -99.13175157004045, 19.174548509721784 ], [ -99.131950180116462, 19.174864539883952 ], [ -99.13206374008746, 19.175120089601027 ], [ -99.132132719871151, 19.175501449987873 ], [ -99.132161179617697, 19.175836950053974 ], [ -99.132249449612587, 19.176214950301521 ], [ -99.132310920258064, 19.17639491036719 ], [ -99.132414310247199, 19.176537020283153 ], [ -99.132502199949499, 19.176669339751534 ], [ -99.13250485958406, 19.176772289568049 ], [ -99.132438510467651, 19.176973619625667 ], [ -99.132325629633257, 19.177217079704057 ], [ -99.132295659675833, 19.177467650439976 ], [ -99.132295860208032, 19.177703880307746 ], [ -99.132326219675861, 19.177961570303221 ], [ -99.132401820149838, 19.178212059982457 ], [ -99.132394550157457, 19.178532219770656 ], [ -99.132243120452245, 19.178756310196754 ], [ -99.132157910222674, 19.179007060134058 ], [ -99.132072709790606, 19.179272549706067 ], [ -99.131979799872269, 19.179619149874906 ], [ -99.131863660059096, 19.180054249850262 ], [ -99.131623229530121, 19.180393580340347 ], [ -99.131475880000806, 19.180629630250575 ], [ -99.131286829896936, 19.181253289596896 ], [ -99.131048450190107, 19.181807449880456 ], [ -99.130800179881533, 19.182102550133461 ], [ -99.130497519918933, 19.182309220075258 ], [ -99.130334649800972, 19.182552650336913 ], [ -99.130257310026366, 19.182950849805263 ], [ -99.130242089735489, 19.183356380078429 ], [ -99.13019576972566, 19.183702950057654 ], [ -99.13010123034509, 19.183933750196942 ], [ -99.129971309618384, 19.184116650413138 ], [ -99.129867600398072, 19.184152170187929 ], [ -99.129772170139447, 19.184164060294975 ], [ -99.129680920227642, 19.184223229787857 ], [ -99.129593860445439, 19.184317850120998 ], [ -99.129515139773048, 19.18446762995821 ], [ -99.129429540324765, 19.184547139879644 ], [ -99.1291156602244, 19.184608089902035 ], [ -99.128970459894276, 19.184651540350092 ], [ -99.128862680366936, 19.184789510022831 ], [ -99.128738380243277, 19.185029939779106 ], [ -99.128373660457996, 19.18560938039623 ], [ -99.127860030150615, 19.18604531981422 ], [ -99.127485910387449, 19.186407349844643 ], [ -99.1273858200598, 19.186714259778629 ], [ -99.127251519979438, 19.186999829786583 ], [ -99.127076120195753, 19.187266179856579 ], [ -99.1271212498702, 19.187564400420175 ], [ -99.127267970381411, 19.187862539962591 ], [ -99.127412399643248, 19.188108430370665 ], [ -99.12756965955154, 19.188291279803938 ], [ -99.127735090411917, 19.188474490251146 ], [ -99.128161950381283, 19.188810850192596 ], [ -99.128728430149081, 19.18914525036238 ], [ -99.129347630390058, 19.189811169856799 ], [ -99.129935140357802, 19.190297510166459 ], [ -99.129995950123771, 19.190490309587918 ], [ -99.130003000399356, 19.190733429945855 ], [ -99.130149400229513, 19.190902169906863 ], [ -99.130477179873822, 19.191083089718383 ], [ -99.130672719880394, 19.191314909993288 ], [ -99.130657969880787, 19.191646739702517 ], [ -99.130658309601245, 19.192067249877425 ], [ -99.130598279752775, 19.19229172035142 ], [ -99.130654280268658, 19.192450770096976 ], [ -99.130641549686857, 19.192695579556734 ], [ -99.130775000353736, 19.192940309811547 ], [ -99.130616140290229, 19.193164850422963 ], [ -99.130577689807978, 19.193385219846895 ], [ -99.130472000299278, 19.193662659983541 ], [ -99.130468279573833, 19.193760180012379 ], [ -99.130491149948185, 19.194012540068297 ], [ -99.13027937967226, 19.194334120342852 ], [ -99.130236199705237, 19.194366169665084 ], [ -99.13010379982714, 19.194468030418054 ], [ -99.130078260466917, 19.194513739727999 ], [ -99.130092799603574, 19.194567220384247 ], [ -99.13012338010131, 19.194680230255898 ], [ -99.130021579646908, 19.194910749592676 ], [ -99.129943569038318, 19.195357080379935 ], [ -99.129936427698141, 19.195354737930117 ], [ -99.130039652957507, 19.195456210835275 ], [ -99.130116543443165, 19.195583801029588 ], [ -99.130212762893308, 19.195840750617219 ], [ -99.130353026022419, 19.196012915909225 ], [ -99.130353440587086, 19.196013424778155 ], [ -99.130418482686238, 19.196093261076602 ], [ -99.130442972572894, 19.196202601236678 ], [ -99.130386083208421, 19.196378870955414 ], [ -99.130215533410279, 19.19660854127827 ], [ -99.130012942776631, 19.196742240667653 ], [ -99.12960537288123, 19.19711775138407 ], [ -99.129498232654356, 19.197268121047561 ], [ -99.129465293133393, 19.197375010416827 ], [ -99.129473762078916, 19.197451341581548 ], [ -99.129500033017806, 19.19751052111868 ], [ -99.129533402756977, 19.197652410814083 ], [ -99.129430133319119, 19.197767940796378 ], [ -99.129301253515266, 19.197934671501265 ], [ -99.129266513152402, 19.198001610670143 ], [ -99.129266053036631, 19.198033900719146 ], [ -99.129261932728895, 19.198124000262265 ], [ -99.129285232303957, 19.198161371593802 ], [ -99.129367391833014, 19.19818787126016 ], [ -99.129449373590475, 19.198233671410751 ], [ -99.129472633110424, 19.198259460333603 ], [ -99.129491943253726, 19.198289580669631 ], [ -99.129504802585515, 19.198322640424536 ], [ -99.129507692071556, 19.198366441729789 ], [ -99.129502143155449, 19.198404780958143 ], [ -99.129490691783914, 19.198452980599164 ], [ -99.129470433547738, 19.198517640503571 ], [ -99.129441082126974, 19.198596780262271 ], [ -99.12937025273844, 19.198739261362547 ], [ -99.129269462775582, 19.198898090294282 ], [ -99.129191942070307, 19.199043140204754 ], [ -99.129132262094117, 19.199188119947774 ], [ -99.129105081831455, 19.199320601537135 ], [ -99.129085193175072, 19.199438300869961 ], [ -99.129076942637283, 19.199582030227553 ], [ -99.129081803334302, 19.199668580933299 ], [ -99.12910965246553, 19.199712431260966 ], [ -99.129145033694158, 19.199740770059559 ], [ -99.129279773123869, 19.199801900472625 ], [ -99.129312992466865, 19.199833370747843 ], [ -99.129332372724008, 19.199879179892353 ], [ -99.129326891752925, 19.200034940459293 ], [ -99.129334802316748, 19.200096140969588 ], [ -99.129352493445154, 19.200155499982404 ], [ -99.129395862390581, 19.200222469913435 ], [ -99.129461712170098, 19.200319890516329 ], [ -99.1295323427141, 19.200379230765968 ], [ -99.129532572612021, 19.200678794436815 ], [ -99.129532573386186, 19.200679210282235 ], [ -99.129532367217266, 19.200744437424635 ], [ -99.129531342208992, 19.20106920986931 ], [ -99.129472972748715, 19.201658719409643 ], [ -99.12945757324195, 19.201813319598301 ], [ -99.129422083309834, 19.202066179459752 ], [ -99.129388532975995, 19.202462089713805 ], [ -99.12938448355797, 19.202512979702966 ], [ -99.129307003967895, 19.202990740912448 ], [ -99.129305463059239, 19.203000239501044 ], [ -99.12962971269647, 19.203010353110425 ], [ -99.129739593233978, 19.203013779776615 ], [ -99.129909772120257, 19.20304267046966 ], [ -99.130053909138169, 19.203091348273297 ], [ -99.13016490795448, 19.203128834310089 ], [ -99.130294712518051, 19.203172669764662 ], [ -99.130220791736534, 19.203429379140776 ], [ -99.130191742554047, 19.203514060633168 ], [ -99.130081032081719, 19.203750139630127 ], [ -99.130071973029715, 19.203797299780661 ], [ -99.130075652735826, 19.203843439241304 ], [ -99.130106622928437, 19.203879699058156 ], [ -99.130430762515743, 19.203967438995537 ], [ -99.130499851932683, 19.203989949910213 ], [ -99.13054531243823, 19.204004199577124 ], [ -99.130757972486961, 19.204074859537585 ], [ -99.130825002370543, 19.204120999170314 ], [ -99.130834182786941, 19.20412910166624 ], [ -99.130916483042512, 19.204201719899373 ], [ -99.131199202501918, 19.204562599378733 ], [ -99.131205331746486, 19.204774153588986 ], [ -99.131206001582157, 19.204797230081674 ], [ -99.131293109788672, 19.205038532059813 ], [ -99.131358331792626, 19.205219199359256 ], [ -99.131433086815065, 19.205348575149028 ], [ -99.131477431307971, 19.205425318696953 ], [ -99.131558262866292, 19.205526348472517 ], [ -99.131635192854858, 19.205606519671779 ], [ -99.131972341591023, 19.205911659050766 ], [ -99.132135494844931, 19.206093010950283 ], [ -99.132142114482406, 19.206100368049306 ], [ -99.132263992405015, 19.206235839014013 ], [ -99.132423511385952, 19.206476169949575 ], [ -99.132426686324933, 19.206487525713047 ], [ -99.132491881246793, 19.206720598167681 ], [ -99.132514711222257, 19.207006288255293 ], [ -99.132490061775471, 19.207152269548171 ], [ -99.132421003964922, 19.207338923569498 ], [ -99.132331631700112, 19.207580487619555 ], [ -99.132331407230737, 19.20758109396964 ], [ -99.132315311581834, 19.20762459842064 ], [ -99.132313546010806, 19.207671234313754 ], [ -99.132312562472791, 19.207697209329279 ], [ -99.13238869495062, 19.207926795455229 ], [ -99.132412081202418, 19.207997319105068 ], [ -99.132477777174145, 19.20807505343997 ], [ -99.13251745197428, 19.20812199824428 ], [ -99.132624221744663, 19.208190277278909 ], [ -99.132696561560593, 19.20823653795912 ], [ -99.132702391777684, 19.208244979886086 ], [ -99.132762461983489, 19.208331938608559 ], [ -99.132788971117904, 19.208981149298939 ], [ -99.132761004022825, 19.209231745965788 ], [ -99.132760439874161, 19.209236801366995 ], [ -99.132760244694538, 19.20923855340618 ], [ -99.132758651115353, 19.209252828213391 ], [ -99.132765312748802, 19.209436177531213 ], [ -99.132857314154705, 19.209638192569574 ], [ -99.132908002074728, 19.209749488393161 ], [ -99.132910992066584, 19.209853737669754 ], [ -99.132862791474082, 19.209919598554453 ], [ -99.132813792306067, 19.20997645805603 ], [ -99.132866912536088, 19.210022938011473 ], [ -99.132965771622864, 19.210073858887814 ], [ -99.133006651238475, 19.210092138449507 ], [ -99.133055020871211, 19.210086488928965 ], [ -99.133137172500341, 19.210076942138485 ], [ -99.133209791000311, 19.210054637732597 ], [ -99.133280761570319, 19.210014749951178 ], [ -99.133404120307034, 19.210145601089824 ], [ -99.133357058491683, 19.21028551512509 ], [ -99.133305457267241, 19.210409655373006 ], [ -99.133196608696508, 19.210657674633225 ], [ -99.133401797579424, 19.210688068896484 ], [ -99.13357070823389, 19.210691517469449 ], [ -99.133649901682332, 19.210693133614853 ], [ -99.133812048989512, 19.210689332648723 ], [ -99.133890991810773, 19.211031852883597 ], [ -99.133892787389598, 19.211039611189644 ], [ -99.134115546215369, 19.211416744567856 ], [ -99.134103545207836, 19.211716123239057 ], [ -99.134053286310078, 19.211966491572991 ], [ -99.134013230626181, 19.212166490192153 ], [ -99.132841279826835, 19.214445922708681 ], [ -99.132696375392214, 19.214687456242146 ], [ -99.131892894301558, 19.215076208818559 ], [ -99.130251772006062, 19.216422691171562 ], [ -99.129498033026152, 19.217016486597046 ], [ -99.129381842088122, 19.218082758702149 ], [ -99.129433716668501, 19.21812454269778 ], [ -99.129464789827381, 19.218159683571209 ], [ -99.129465018347773, 19.218197356254706 ], [ -99.129379303050484, 19.218493527108727 ], [ -99.129331079911779, 19.218514974817985 ], [ -99.129264052389928, 19.218520634458617 ], [ -99.128904664290161, 19.218541489599282 ], [ -99.128690873167329, 19.219169445270666 ], [ -99.128190166523567, 19.219629093284105 ], [ -99.128115932679648, 19.21974682513736 ], [ -99.128058698154632, 19.219832600671118 ], [ -99.128009965185868, 19.219900815349909 ], [ -99.12795475272803, 19.219970381663877 ], [ -99.127909711672331, 19.22002289181043 ], [ -99.127861710675091, 19.220062444615383 ], [ -99.127831003635933, 19.220086653161317 ], [ -99.127796876190558, 19.220108888650373 ], [ -99.127762376652825, 19.220136467713573 ], [ -99.127726538071059, 19.220174179031954 ], [ -99.127634867744831, 19.22034699538067 ], [ -99.127464244814732, 19.220598303881602 ], [ -99.127325807604237, 19.220854673075653 ], [ -99.127050578038549, 19.221446624582857 ], [ -99.127088465950877, 19.221612852203211 ], [ -99.127039483231698, 19.221711395738208 ], [ -99.127304062812129, 19.221880094664954 ], [ -99.126138883931759, 19.222650884578638 ], [ -99.125896764252346, 19.222593315548874 ], [ -99.12584322301295, 19.222689434633391 ], [ -99.125682734259115, 19.222968662202799 ], [ -99.125524863468058, 19.223199364857798 ], [ -99.12535737275519, 19.223532565541721 ], [ -99.124439914146038, 19.223275416829146 ], [ -99.124010938384373, 19.223166668209878 ], [ -99.124010690961001, 19.223167542333414 ], [ -99.12444759980518, 19.223278302047088 ], [ -99.125365058639744, 19.223535450817423 ], [ -99.125532549393256, 19.223202250057025 ], [ -99.125690420222725, 19.222971547349019 ], [ -99.125850909015568, 19.222692319715506 ], [ -99.125904450267967, 19.222596200608915 ], [ -99.126146570006853, 19.222653769651572 ], [ -99.127311749172037, 19.22188297956005 ], [ -99.127047169526492, 19.221714280594998 ], [ -99.12709615225755, 19.221615737037382 ], [ -99.127058264335702, 19.221449509379017 ], [ -99.127333493968123, 19.220857557735979 ], [ -99.127471931231327, 19.220601187577422 ], [ -99.127642554183865, 19.220349879924406 ], [ -99.127734224532347, 19.220177063536013 ], [ -99.127770063122853, 19.220139352208957 ], [ -99.127804562669027, 19.220111773139408 ], [ -99.127838690122744, 19.220089537645222 ], [ -99.127869397169405, 19.220065329093707 ], [ -99.127917398178354, 19.220025776279641 ], [ -99.127962439245039, 19.219973266121016 ], [ -99.128017651716334, 19.219903699791058 ], [ -99.128066384696979, 19.219835485096596 ], [ -99.128123619235907, 19.219749709543137 ], [ -99.128197853097873, 19.219631977662836 ], [ -99.128698559863849, 19.219172329543579 ], [ -99.128912351038323, 19.218544373728186 ], [ -99.129271739226212, 19.218523518582316 ], [ -99.129338766764505, 19.218517858940317 ], [ -99.129386989915005, 19.218496411226095 ], [ -99.129472705232928, 19.218200240304164 ], [ -99.129472476712436, 19.218162567612044 ], [ -99.129441403545883, 19.218127426730611 ], [ -99.129389528952743, 19.218085642725477 ], [ -99.129505719917873, 19.217019370376136 ], [ -99.130259459081913, 19.21642557481383 ], [ -99.131900581778226, 19.215079092150656 ], [ -99.132704063065461, 19.214690339484317 ], [ -99.13284896753531, 19.214448805895383 ], [ -99.1340209186192, 19.212169372855676 ], [ -99.134060974312675, 19.211969374190677 ], [ -99.134111233222441, 19.211719005799367 ], [ -99.134123234232533, 19.211419627059609 ], [ -99.133900475351624, 19.211042493595325 ], [ -99.133898679772344, 19.211034735287495 ], [ -99.134445829166495, 19.211616136240441 ], [ -99.138315860333364, 19.215728249687313 ], [ -99.14624577903507, 19.218197374916741 ], [ -99.148068131136171, 19.21876472649539 ], [ -99.149543649430399, 19.219224079964082 ], [ -99.14959360211968, 19.219238652552271 ], [ -99.14960616968051, 19.219242318938981 ], [ -99.154394860020759, 19.2206392798359 ], [ -99.153519367884257, 19.221806251547473 ], [ -99.153481520055365, 19.221581569678921 ], [ -99.153424250098894, 19.221409859622732 ], [ -99.153284489897047, 19.221183979922476 ], [ -99.153217109785331, 19.220985170138981 ], [ -99.153057739975125, 19.220741219725753 ], [ -99.152934420037852, 19.22058087958456 ], [ -99.152841570222208, 19.220503289854872 ], [ -99.152767050053669, 19.220462109646501 ], [ -99.152617059694265, 19.220468140062454 ], [ -99.152480519954409, 19.22053383016927 ], [ -99.152337949554337, 19.220714769645369 ], [ -99.152290250372033, 19.220877540242967 ], [ -99.152063799834707, 19.221295860003057 ], [ -99.152009819766747, 19.221741140056437 ], [ -99.152036620303519, 19.221882149725332 ], [ -99.152022880431545, 19.222039460339754 ], [ -99.151909340459, 19.222412480344264 ], [ -99.151842199951204, 19.222731220386486 ], [ -99.15177485990273, 19.222873660330414 ], [ -99.151690449940219, 19.223110279998114 ], [ -99.151671830272335, 19.223186399862922 ], [ -99.151651859721753, 19.223261260311784 ], [ -99.151619890414011, 19.223352620405695 ], [ -99.151579880181202, 19.223417340001596 ], [ -99.151543830214635, 19.22343894033391 ], [ -99.151511770035881, 19.223440229780284 ], [ -99.151478340095821, 19.223422509655631 ], [ -99.151447540166529, 19.223352770278176 ], [ -99.151426089845984, 19.223281749615651 ], [ -99.151408320257346, 19.223230419926665 ], [ -99.151395859763269, 19.223222480424397 ], [ -99.151314720432026, 19.223207939580927 ], [ -99.151220769804283, 19.223244510080502 ], [ -99.151150219578412, 19.223407970311229 ], [ -99.151164690458131, 19.223486599932812 ], [ -99.151184580271831, 19.223561820276895 ], [ -99.151200740155701, 19.223635940147734 ], [ -99.151203909621046, 19.223661879936017 ], [ -99.15120445001115, 19.223690719954607 ], [ -99.151202230401623, 19.223717000161418 ], [ -99.15119663009007, 19.22374622983272 ], [ -99.151186939623301, 19.22377708010983 ], [ -99.151171420043639, 19.223810750297307 ], [ -99.151153180050827, 19.223854150015839 ], [ -99.151133430114413, 19.223900430314764 ], [ -99.151113889735882, 19.223941569555468 ], [ -99.15110105984553, 19.223971309661817 ], [ -99.151090249849915, 19.224002879899206 ], [ -99.151080769617423, 19.224041369677231 ], [ -99.151075200146337, 19.224079109731214 ], [ -99.15107322039978, 19.224113619793844 ], [ -99.151074379713677, 19.224151080053858 ], [ -99.151078619994536, 19.224186059925465 ], [ -99.151084510452762, 19.224208489707372 ], [ -99.151092220293961, 19.224233080140692 ], [ -99.151103050307057, 19.224261980277483 ], [ -99.151115220392796, 19.224289509600744 ], [ -99.151128289615102, 19.224315089932368 ], [ -99.151143509573018, 19.224341170178629 ], [ -99.151164169648297, 19.224371949988026 ], [ -99.151190479547125, 19.224405519902906 ], [ -99.151232859875662, 19.224450089889036 ], [ -99.151273680024758, 19.22448494014489 ], [ -99.151320310384364, 19.224517420384192 ], [ -99.151370599693166, 19.224547740055687 ], [ -99.151408709918613, 19.224565050252771 ], [ -99.151451369944667, 19.224583799814454 ], [ -99.151495549778289, 19.224596779818604 ], [ -99.151551920223483, 19.224606849729643 ], [ -99.151602179558012, 19.224609689713244 ], [ -99.151666432748442, 19.224614604752787 ], [ -99.151745619684618, 19.224620661292587 ], [ -99.151862450020758, 19.224629319665237 ], [ -99.151964739863075, 19.224648089696036 ], [ -99.152120368710385, 19.224662219876855 ], [ -99.152211620411435, 19.224671569580853 ], [ -99.152276420149533, 19.224673199649136 ], [ -99.152366320034972, 19.224684620178948 ], [ -99.152456368801964, 19.224710180255364 ], [ -99.152540259980199, 19.224740770056741 ], [ -99.152637479762404, 19.224784001286132 ], [ -99.152691049246883, 19.224815970558115 ], [ -99.152737339937843, 19.22483770999612 ], [ -99.152784968909032, 19.224873450191609 ], [ -99.152840569305056, 19.224933649768371 ], [ -99.152900119941435, 19.225003260781289 ], [ -99.152973599561477, 19.225099230100422 ], [ -99.153039140396714, 19.225206510233651 ], [ -99.153123369521751, 19.225342430874125 ], [ -99.153212089049774, 19.225602940424842 ], [ -99.153316969272964, 19.225862540731477 ], [ -99.15337848861563, 19.225981830657101 ], [ -99.153261618616057, 19.226159750748682 ], [ -99.153180708722076, 19.2263194213097 ], [ -99.153071998916516, 19.226510831156503 ], [ -99.15298425893414, 19.226649910546435 ], [ -99.152935308636401, 19.226902230811632 ], [ -99.152865030313734, 19.227138660357163 ], [ -99.152832090276121, 19.22736457091678 ], [ -99.152769058996853, 19.227647689871532 ], [ -99.15271505745288, 19.227880357812424 ], [ -99.152700028794669, 19.22794510983049 ], [ -99.152648949876024, 19.228157951312983 ], [ -99.152579903103558, 19.228371000241996 ], [ -99.152561818641786, 19.228426799774347 ], [ -99.152513339909405, 19.228582581249011 ], [ -99.152507550264929, 19.228607549474713 ], [ -99.152456309028508, 19.228828539985741 ], [ -99.152417258988464, 19.228974379590852 ], [ -99.152389378579954, 19.229134680919085 ], [ -99.152375279823005, 19.229276660638924 ], [ -99.152333170040663, 19.229368199913289 ], [ -99.152230799103535, 19.229479780590712 ], [ -99.152128460187427, 19.229622849977908 ], [ -99.152020138758203, 19.229803060271934 ], [ -99.151914459964303, 19.229973919958816 ], [ -99.151863850092042, 19.230062147836641 ], [ -99.151023297401196, 19.229609744064931 ], [ -99.151020268058744, 19.229609367068729 ], [ -99.151856157718413, 19.230059260193443 ], [ -99.151852617917115, 19.230065432881876 ], [ -99.151813567317433, 19.230208424125657 ], [ -99.151786017985032, 19.23047819391606 ], [ -99.151773197047333, 19.230662023300649 ], [ -99.151769941457232, 19.23067357833672 ], [ -99.151747374893631, 19.230753671435867 ], [ -99.151732386883936, 19.230806864056149 ], [ -99.151617227488856, 19.231073632987677 ], [ -99.151604640739478, 19.231088982877946 ], [ -99.151546321807558, 19.23116010266186 ], [ -99.151518686723008, 19.231193803702464 ], [ -99.151358277941526, 19.231350963222354 ], [ -99.151264835866755, 19.231447321227506 ], [ -99.151224967736312, 19.231488434237907 ], [ -99.151162706936773, 19.231576492922535 ], [ -99.151094550776818, 19.231760539428731 ], [ -99.151091386704437, 19.231769082904798 ], [ -99.150968367201912, 19.231905372689372 ], [ -99.150924937006451, 19.231938933218142 ], [ -99.150893676702026, 19.231981092851175 ], [ -99.150858247463589, 19.232080564022379 ], [ -99.150844188001074, 19.232231883683937 ], [ -99.150770338427591, 19.23226383365488 ], [ -99.15072993682432, 19.232287569774222 ], [ -99.150686533887139, 19.232313070259192 ], [ -99.150644080236759, 19.232364045795602 ], [ -99.15060947769571, 19.232425716930649 ], [ -99.150569523161295, 19.232598510678351 ], [ -99.150567568365503, 19.232651832429177 ], [ -99.150578307781558, 19.232915662907057 ], [ -99.150593926829643, 19.233080282759538 ], [ -99.150571908136996, 19.233164682435007 ], [ -99.150512568122849, 19.233208173869844 ], [ -99.150469107578147, 19.233410942122557 ], [ -99.150483398217176, 19.23352799289724 ], [ -99.150517537378022, 19.233669222083819 ], [ -99.15055302714326, 19.233752093481247 ], [ -99.150649506871545, 19.233974972242478 ], [ -99.150696456562031, 19.23406246299443 ], [ -99.150729387953646, 19.234203082344504 ], [ -99.15073993423573, 19.234268561952319 ], [ -99.150740092050157, 19.234269544297845 ], [ -99.150740140984368, 19.234269849631492 ], [ -99.150737888637408, 19.234386278435636 ], [ -99.150708382056052, 19.234544560270862 ], [ -99.150686744621126, 19.234588338503503 ], [ -99.150670832007535, 19.234620533977523 ], [ -99.150638475723397, 19.234617750760556 ], [ -99.150517907034086, 19.234607381118739 ], [ -99.150471813755416, 19.234590516008904 ], [ -99.150470218367033, 19.234535422974385 ], [ -99.150456596799572, 19.234410823357923 ], [ -99.150434646532489, 19.234291513323093 ], [ -99.150379247756206, 19.234230661950107 ], [ -99.150301536639091, 19.234191093117936 ], [ -99.150243246673867, 19.234175343106056 ], [ -99.150126567983264, 19.23416771197763 ], [ -99.150018198007331, 19.234178632676677 ], [ -99.149773768572771, 19.234158092883796 ], [ -99.149654388492323, 19.234129232141814 ], [ -99.149605687463719, 19.234092508230127 ], [ -99.149587817452087, 19.23407903227956 ], [ -99.149537937185968, 19.234031432413271 ], [ -99.149490621421265, 19.233989454556827 ], [ -99.149399425749635, 19.233979325139149 ], [ -99.149281410061391, 19.234035039770557 ], [ -99.149219718594452, 19.234136339684166 ], [ -99.149305226772043, 19.234397174076161 ], [ -99.149350387365246, 19.234534933508368 ], [ -99.14935858397331, 19.234559932142357 ], [ -99.149289515937468, 19.23471061390703 ], [ -99.149002459131594, 19.235004979610697 ], [ -99.148943449602271, 19.235073357816709 ], [ -99.148911318744368, 19.235134031770482 ], [ -99.148865864757681, 19.235219865147563 ], [ -99.148852255648734, 19.23524556457399 ], [ -99.148817387803831, 19.235341799248797 ], [ -99.148783036806378, 19.235427648427585 ], [ -99.14877178841779, 19.235455760679702 ], [ -99.148734238664872, 19.23554186291982 ], [ -99.148677912135625, 19.235569721769998 ], [ -99.148573306077253, 19.235592513910191 ], [ -99.14847808695005, 19.235611506005217 ], [ -99.148413043298419, 19.235645061833093 ], [ -99.148353363998496, 19.235691279526165 ], [ -99.148316663522323, 19.235803863352519 ], [ -99.148311299904833, 19.235906428209343 ], [ -99.148285526944818, 19.235978802486709 ], [ -99.148258995839853, 19.236053309629643 ], [ -99.148187068256888, 19.236195239723056 ], [ -99.148126227609751, 19.236193862155201 ], [ -99.147993457251516, 19.236122952221734 ], [ -99.147958590282244, 19.236055843190332 ], [ -99.147959369089136, 19.23605317799975 ], [ -99.147980047773814, 19.235982401724407 ], [ -99.14803519847554, 19.235887809629578 ], [ -99.148058577195059, 19.235824604035166 ], [ -99.148076843967146, 19.235775219609998 ], [ -99.14810496951668, 19.235699182536671 ], [ -99.148128059758079, 19.235521603667003 ], [ -99.148147642621666, 19.235326491206614 ], [ -99.148153601266401, 19.235267125916842 ], [ -99.148299721060283, 19.235164525531751 ], [ -99.148372139309771, 19.235093617650531 ], [ -99.148398963115156, 19.235035369451897 ], [ -99.148397252627291, 19.235010553055275 ], [ -99.148394787561955, 19.234974761817142 ], [ -99.148347945593287, 19.234887283140022 ], [ -99.148013090354468, 19.234575601575976 ], [ -99.147925917695247, 19.234516087830283 ], [ -99.147743527192617, 19.234479367159949 ], [ -99.147669186220611, 19.234454706059772 ], [ -99.147545043457143, 19.234413522882566 ], [ -99.1475122652772, 19.234407570953923 ], [ -99.147370700347537, 19.234381866048668 ], [ -99.147190030183523, 19.234351734720786 ], [ -99.14689997339913, 19.234303358770518 ], [ -99.146874783217726, 19.234296433931515 ], [ -99.146815628667838, 19.234280173393774 ], [ -99.146688078871179, 19.234245111175898 ], [ -99.14650523263596, 19.234196575436528 ], [ -99.146428346509907, 19.234179689689977 ], [ -99.146330889891928, 19.234177581237514 ], [ -99.146203278187869, 19.234222512116904 ], [ -99.146051939588418, 19.234234561981456 ], [ -99.145972815319624, 19.234251022793462 ], [ -99.145932582031904, 19.23428268009236 ], [ -99.145867398972484, 19.234314512579321 ], [ -99.14577316909633, 19.234319592139894 ], [ -99.145629047924359, 19.234319531859285 ], [ -99.145550138460962, 19.234367792903996 ], [ -99.145490488227225, 19.234417063117295 ], [ -99.145390539285188, 19.234453313384478 ], [ -99.14532439889372, 19.234435423483063 ], [ -99.145212789622349, 19.234367132788563 ], [ -99.145054278443936, 19.234334931889208 ], [ -99.144912089180878, 19.234337852809649 ], [ -99.144836599411832, 19.234381492412393 ], [ -99.144796657969493, 19.234448992020479 ], [ -99.144774479405299, 19.234477132798823 ], [ -99.144682989532356, 19.234500192010884 ], [ -99.144444849443332, 19.234521972304019 ], [ -99.144830168838666, 19.235193491995364 ], [ -99.145031629667244, 19.235543371600187 ], [ -99.145930378244273, 19.237236264649585 ], [ -99.146147728805232, 19.237645661887463 ], [ -99.146160968541224, 19.237671361322523 ], [ -99.146327138889291, 19.237990131831225 ], [ -99.147008218310873, 19.239296531316899 ], [ -99.147158488699986, 19.239593230982887 ], [ -99.147333878854752, 19.239949941384054 ], [ -99.147512138965041, 19.24025633111663 ], [ -99.147352458836082, 19.240362482221425 ], [ -99.147129058367071, 19.240417650438914 ], [ -99.147009927975319, 19.240426450566691 ], [ -99.146888817915325, 19.240406991614204 ], [ -99.146675509062533, 19.240333890516638 ], [ -99.146575648186612, 19.240252691986683 ], [ -99.14648747659993, 19.240145921716195 ], [ -99.146416219081871, 19.24005963116748 ], [ -99.146402246082715, 19.240037639632334 ], [ -99.146380612506562, 19.240003591357869 ], [ -99.146300327958187, 19.23987723219777 ], [ -99.146228553733167, 19.239549927903848 ], [ -99.146208739114854, 19.239459572379886 ], [ -99.146186475455437, 19.239428652344696 ], [ -99.146112629191123, 19.239326091056807 ], [ -99.146053088987642, 19.239325540868482 ], [ -99.14559707854356, 19.239322191145995 ], [ -99.145336998758239, 19.239382680729548 ], [ -99.145137288224859, 19.239469371075561 ], [ -99.1447534479653, 19.239547860664022 ], [ -99.144390548264113, 19.239622066840724 ], [ -99.144169529723825, 19.239667260879592 ], [ -99.144003799475627, 19.239681600607184 ], [ -99.143940559410254, 19.240157171265764 ], [ -99.143939426571109, 19.240165706908257 ], [ -99.143936619332635, 19.240186861210258 ], [ -99.143939247546584, 19.240240021859172 ], [ -99.143955092519931, 19.240560473076414 ], [ -99.143961892583562, 19.240697987876167 ], [ -99.143967229516946, 19.240805930673247 ], [ -99.143969678289054, 19.240870561428302 ], [ -99.143972280718046, 19.24092404325777 ], [ -99.143995375114628, 19.241398938422119 ], [ -99.143998359080186, 19.241460291503813 ], [ -99.144024019067842, 19.241699250995691 ], [ -99.144049729576736, 19.242035430746817 ], [ -99.144061365528742, 19.242205809696422 ], [ -99.14406840265822, 19.242308827251787 ], [ -99.144073048462289, 19.242376860907513 ], [ -99.144082451786332, 19.242488130624366 ], [ -99.144085096141453, 19.242519418348561 ], [ -99.1440880492394, 19.242554360344634 ], [ -99.144109229610606, 19.242605829959306 ], [ -99.144110544848189, 19.242615982019618 ], [ -99.144121359524931, 19.242699430973303 ], [ -99.144144874609935, 19.242881301670874 ], [ -99.144159553162609, 19.24299483655291 ], [ -99.144159658196173, 19.242995650309105 ], [ -99.144183949804315, 19.243183345882485 ], [ -99.144197785276788, 19.243290234796181 ], [ -99.144232159187936, 19.243555830888546 ], [ -99.144243708317148, 19.24365785037098 ], [ -99.144245229281154, 19.243997851408626 ], [ -99.144243275784731, 19.244175458104966 ], [ -99.144243189678917, 19.24418324983608 ], [ -99.144239072340667, 19.244210700584038 ], [ -99.144184138346446, 19.244576910778765 ], [ -99.144247709195525, 19.244737369816811 ], [ -99.143658089846085, 19.244615740201674 ], [ -99.143330380114563, 19.244487201831571 ], [ -99.143307708605988, 19.244478310882187 ], [ -99.142323769006751, 19.244156140953496 ], [ -99.142228529495171, 19.243866449634538 ], [ -99.142195339154114, 19.243831262267705 ], [ -99.142051909600738, 19.24367920059785 ], [ -99.141997739109598, 19.24364144982291 ], [ -99.141707000229474, 19.243591621137679 ], [ -99.141648430437328, 19.243578330319924 ], [ -99.141699030348249, 19.243651129937497 ], [ -99.141701109944435, 19.243676941204299 ], [ -99.141645420185952, 19.243744860204345 ], [ -99.141613770559587, 19.243751760829301 ], [ -99.141135819632737, 19.243600740403458 ], [ -99.141088049722597, 19.243589540144967 ], [ -99.141039359291455, 19.243584930758402 ], [ -99.14037640084841, 19.243591829951452 ], [ -99.140323830043315, 19.243625020097351 ], [ -99.140278289987762, 19.243671080764116 ], [ -99.140217429268603, 19.243800430983693 ], [ -99.140182630362347, 19.243848420097457 ], [ -99.13999616075553, 19.244189930438015 ], [ -99.139581733719965, 19.244869015652732 ], [ -99.138913837809753, 19.245963420911195 ], [ -99.138921508834542, 19.245966339571371 ], [ -99.139041380039188, 19.246042830307037 ], [ -99.139275949990903, 19.246237859572506 ], [ -99.13939587964343, 19.246361319848916 ], [ -99.139610319744051, 19.246722939846311 ], [ -99.139738139905958, 19.246947690435039 ], [ -99.139816879935765, 19.247090050232934 ], [ -99.139988999702311, 19.247349350258581 ], [ -99.140228830245292, 19.247581449899599 ], [ -99.14030256976659, 19.247810540274685 ], [ -99.140363750340654, 19.247981340032567 ], [ -99.140517490475744, 19.248055350035397 ], [ -99.140621719927935, 19.248112089807531 ], [ -99.140811999622542, 19.248270089949518 ], [ -99.140958599590192, 19.2483454501427 ], [ -99.141107150320082, 19.248446630055938 ], [ -99.141378149809228, 19.248584799907736 ], [ -99.141563180330095, 19.248690910140223 ], [ -99.141667510409775, 19.24885884986022 ], [ -99.141725630016353, 19.248995200448743 ], [ -99.141691920062058, 19.249083580374741 ], [ -99.141679320139374, 19.24916605961889 ], [ -99.141711279738445, 19.249364310328957 ], [ -99.141715750107551, 19.249434250275439 ], [ -99.141723199793503, 19.249518180004195 ], [ -99.141708479821148, 19.249551770346475 ], [ -99.141702619910816, 19.249590949923348 ], [ -99.141698550453469, 19.249690449561935 ], [ -99.141691089708516, 19.249751090074462 ], [ -99.141631450401604, 19.249858630350332 ], [ -99.141599720201029, 19.24993688975125 ], [ -99.141564579653291, 19.250000060380316 ], [ -99.141483980270166, 19.250131380451887 ], [ -99.141429169821393, 19.250263489550935 ], [ -99.141353279753574, 19.250394079733432 ], [ -99.141308890297054, 19.250478490380448 ], [ -99.141274490271343, 19.250554860044691 ], [ -99.141263109670774, 19.250612769988916 ], [ -99.141254649535725, 19.250647660282109 ], [ -99.141111739607993, 19.250756349990528 ], [ -99.141074000340467, 19.250828280422073 ], [ -99.141033910265747, 19.250869549823559 ], [ -99.140986459684299, 19.250911179955072 ], [ -99.14095155046752, 19.250947400445796 ], [ -99.140918259863639, 19.250955319998706 ], [ -99.140855910374796, 19.250962339560971 ], [ -99.140798969873529, 19.25097711995949 ], [ -99.140772489951999, 19.251044310441163 ], [ -99.140717579555499, 19.251141780188178 ], [ -99.140689750456701, 19.251221250440036 ], [ -99.140658379884869, 19.251225860434548 ], [ -99.140552149904465, 19.251254749665783 ], [ -99.140483950338549, 19.251285050358639 ], [ -99.140501659802382, 19.251355399791546 ], [ -99.140520749659601, 19.251377450114578 ], [ -99.140514629748452, 19.251402550067596 ], [ -99.140484749789962, 19.251452520084108 ], [ -99.140458150298301, 19.251540659594507 ], [ -99.140421679881712, 19.251626460407202 ], [ -99.1403351398654, 19.251788279663984 ], [ -99.14021219992857, 19.251841849724659 ], [ -99.140156169667861, 19.251901030411872 ], [ -99.140156220447011, 19.251945449977161 ], [ -99.140159740122229, 19.251998120079499 ], [ -99.140157689577862, 19.252017679896788 ], [ -99.140140620045344, 19.252092080089778 ], [ -99.140130199683185, 19.252158020038237 ], [ -99.140132970055646, 19.252207350024037 ], [ -99.140142509980009, 19.252254890225572 ], [ -99.14017169029961, 19.252351510078139 ], [ -99.14017661993789, 19.252411629796324 ], [ -99.140196369955788, 19.252467710401024 ], [ -99.140200799809207, 19.252521830164842 ], [ -99.140189680174501, 19.252593450232702 ], [ -99.14014474044437, 19.252752380038793 ], [ -99.140101949657918, 19.252818689924354 ], [ -99.140084219798325, 19.25286251997619 ], [ -99.140028950003384, 19.252941340052242 ], [ -99.139954519741949, 19.253007049701225 ], [ -99.139944059934194, 19.253092940080723 ], [ -99.139877859688838, 19.253245800130848 ], [ -99.13983908020397, 19.253303150388113 ], [ -99.139798219986346, 19.253324349699508 ], [ -99.139758689597713, 19.253324380030179 ], [ -99.139692380167205, 19.253359420242756 ], [ -99.139692460208266, 19.253434280381697 ], [ -99.139670980049544, 19.253566370298774 ], [ -99.139633600234689, 19.25367311977417 ], [ -99.139611690146054, 19.253786749880277 ], [ -99.139577450386582, 19.253910089825734 ], [ -99.139538309691332, 19.254091950038475 ], [ -99.139493949711238, 19.254232710126068 ], [ -99.139478750019904, 19.254342230031661 ], [ -99.139453708663495, 19.25428146004591 ], [ -99.139375658721733, 19.254229281283227 ], [ -99.139357259283173, 19.254170489905498 ], [ -99.139251628547555, 19.254050831122083 ], [ -99.13909321991548, 19.253889829671248 ], [ -99.139022028915164, 19.25380715048529 ], [ -99.138972518754642, 19.253723050151478 ], [ -99.138968179276347, 19.253454170795074 ], [ -99.138945779100638, 19.253245350798327 ], [ -99.138924290404447, 19.253207980444252 ], [ -99.13887388999251, 19.253140251069027 ], [ -99.138777849721976, 19.253057001293111 ], [ -99.138771660565013, 19.253055409560737 ], [ -99.138866200753611, 19.25313735903487 ], [ -99.138916601153085, 19.253205088394665 ], [ -99.138938089843961, 19.253242458740214 ], [ -99.138960490013858, 19.253451278689219 ], [ -99.138964829490718, 19.253720157984105 ], [ -99.139014339638976, 19.253804258298743 ], [ -99.139085530621713, 19.253886937465879 ], [ -99.139243939214708, 19.254047938880081 ], [ -99.139349569924235, 19.254167597636261 ], [ -99.139367969358204, 19.254226389000561 ], [ -99.139446019280754, 19.254278567751406 ], [ -99.139471060630939, 19.254339337723284 ], [ -99.139395690659796, 19.254601387985598 ], [ -99.139386970928911, 19.254690387333188 ], [ -99.139449341028936, 19.254931137741693 ], [ -99.139579250593101, 19.255456327292556 ], [ -99.139725370157365, 19.255720737377665 ], [ -99.139810600357976, 19.255889487503936 ], [ -99.139943880284079, 19.256126057298548 ], [ -99.140001330165617, 19.256229087609427 ], [ -99.14003677083096, 19.25627770752385 ], [ -99.140113090401968, 19.256338396902962 ], [ -99.140214000390301, 19.256375787414907 ], [ -99.14038293041871, 19.256440166806904 ], [ -99.140477280192101, 19.256490047243954 ], [ -99.140528690100908, 19.256522787280161 ], [ -99.140580860265231, 19.256573796843352 ], [ -99.140739290129517, 19.256860246967996 ], [ -99.140773850746015, 19.256940127277552 ], [ -99.140793110411394, 19.256996796751071 ], [ -99.140785659963669, 19.257068587270421 ], [ -99.140630050509131, 19.257195306633893 ], [ -99.140446110249542, 19.257306726826659 ], [ -99.140309570809578, 19.25739861678235 ], [ -99.140242600485593, 19.257472676671075 ], [ -99.140198860673124, 19.257561216939322 ], [ -99.140178690827852, 19.257634126497361 ], [ -99.140166620277554, 19.257699357014701 ], [ -99.140152740590821, 19.257771056602689 ], [ -99.140155390792643, 19.257819937054553 ], [ -99.140165200147422, 19.257859526986771 ], [ -99.140199990608778, 19.257919417162224 ], [ -99.140248540007931, 19.258011126937138 ], [ -99.140325050481238, 19.258131197054094 ], [ -99.140446540550272, 19.25828565673412 ], [ -99.140565590747215, 19.258390356485808 ], [ -99.140746560306198, 19.258539686337581 ], [ -99.14084832986228, 19.258674586657744 ], [ -99.140936600408608, 19.258769057035693 ], [ -99.141052340564897, 19.258830926480105 ], [ -99.141180510264675, 19.258897616486731 ], [ -99.141320390534247, 19.258959886606601 ], [ -99.141411370006011, 19.259012086472591 ], [ -99.141496600072173, 19.25907745683304 ], [ -99.141629130290482, 19.259175856928408 ], [ -99.141713309739032, 19.259220886383012 ], [ -99.141781160450194, 19.259292566850785 ], [ -99.14190705044733, 19.259559656145463 ], [ -99.142014620414372, 19.259781786683781 ], [ -99.142087570350029, 19.259851936373199 ], [ -99.14220270987424, 19.25990362636448 ], [ -99.142251189821977, 19.259989196130849 ], [ -99.142358989478168, 19.260231566626036 ], [ -99.142376199757948, 19.260344676242795 ], [ -99.142391159772984, 19.26046650622856 ], [ -99.142389130345876, 19.260615646247135 ], [ -99.142426649540653, 19.260953446139649 ], [ -99.142405429605276, 19.261052246532184 ], [ -99.142342629889413, 19.261197306527571 ], [ -99.142294250022829, 19.261314305702903 ], [ -99.142258730305556, 19.261397195899921 ], [ -99.142211309767987, 19.261506706014469 ], [ -99.142138359483482, 19.261676655956581 ], [ -99.142119189469611, 19.261721126270718 ], [ -99.14210723027594, 19.261773485814871 ], [ -99.14210249003888, 19.261844075978072 ], [ -99.142246169850722, 19.26254405591019 ], [ -99.142277969785781, 19.263023845799811 ], [ -99.14230886022446, 19.263227055981027 ], [ -99.142349829693075, 19.263289655946213 ], [ -99.142386849550959, 19.263349755757947 ], [ -99.142415960177857, 19.263433655475932 ], [ -99.142422309891558, 19.263593935482969 ], [ -99.142428419659637, 19.263762105086919 ], [ -99.142413329718082, 19.263952525722193 ], [ -99.14236636946373, 19.264157364999178 ], [ -99.142394929494046, 19.264232185162676 ], [ -99.142460490217488, 19.264323795467071 ], [ -99.142491229485884, 19.264374055823549 ], [ -99.142447310028899, 19.264888325519248 ], [ -99.142423960015492, 19.265161584819406 ], [ -99.142395449763342, 19.266621995327071 ], [ -99.142479819645445, 19.266689734882668 ], [ -99.143323340078439, 19.266519085287932 ], [ -99.143215679557059, 19.267229324649648 ], [ -99.143432829272555, 19.26725032541686 ], [ -99.143621018878491, 19.267268874516795 ], [ -99.143846959576834, 19.267303644846027 ], [ -99.144119169253344, 19.267340985985481 ], [ -99.144913739069608, 19.267443935080404 ], [ -99.144902049288774, 19.267556645650423 ], [ -99.144802538438, 19.267867704828969 ], [ -99.144722879440607, 19.268127054198679 ], [ -99.144672278472385, 19.26822870408358 ], [ -99.144544079654125, 19.268462615113702 ], [ -99.144351229830292, 19.268841384731669 ], [ -99.143938508944458, 19.269537644087929 ], [ -99.143755739870542, 19.269507684210303 ], [ -99.143584089746525, 19.26950782406724 ], [ -99.143360049373442, 19.269467614188418 ], [ -99.143157198499409, 19.269796794621705 ], [ -99.143062889307686, 19.270101305408943 ], [ -99.142992078866513, 19.270242354251145 ], [ -99.142888090114113, 19.270369554665162 ], [ -99.142788388584364, 19.270500764661335 ], [ -99.142602249185487, 19.270621284238189 ], [ -99.142510160217, 19.270674674926411 ], [ -99.142379999712688, 19.270690794353268 ], [ -99.142203109690712, 19.270667363907648 ], [ -99.142131588664839, 19.270690054369272 ], [ -99.142040130194189, 19.270853955210864 ], [ -99.141860939678779, 19.271452844221699 ], [ -99.14175222878211, 19.271889934319773 ], [ -99.141623770087094, 19.272291183556664 ], [ -99.141408048921335, 19.27277484379551 ], [ -99.141180449445713, 19.273531654170437 ], [ -99.141130989739608, 19.27372719308206 ], [ -99.142080228808624, 19.273941734072864 ], [ -99.14199399996788, 19.274672812735005 ], [ -99.141968989482592, 19.274794723648782 ], [ -99.141906090321982, 19.275116533586484 ], [ -99.141964204391229, 19.275430671305966 ], [ -99.141929950208564, 19.275536952359875 ], [ -99.141872980199167, 19.275715350931335 ], [ -99.141744234993254, 19.276839486032092 ], [ -99.141701318307071, 19.277102795680822 ], [ -99.141571616144049, 19.277495499946269 ], [ -99.141571455980014, 19.277916938495078 ], [ -99.141494088754698, 19.278385252554788 ], [ -99.141424678872824, 19.278855181613757 ], [ -99.141444229917866, 19.279064212486716 ], [ -99.141452450253723, 19.279152182456979 ], [ -99.141339880056009, 19.280066591575324 ], [ -99.141187110149232, 19.281071132067627 ], [ -99.141187989371645, 19.281187501530784 ], [ -99.141072188984779, 19.282289821098665 ], [ -99.141048260383698, 19.282525700945317 ], [ -99.140890879554547, 19.282496021487049 ], [ -99.140225220687526, 19.282382281347545 ], [ -99.139683480200333, 19.282313251576877 ], [ -99.139259740575184, 19.282262550931897 ], [ -99.138896510704456, 19.282240321516554 ], [ -99.138545560784607, 19.282225451683598 ], [ -99.1378777406441, 19.282203561159786 ], [ -99.137451161503179, 19.282207730893621 ], [ -99.136984601300426, 19.282232011069201 ], [ -99.13646474111107, 19.282273391707268 ], [ -99.135921061562414, 19.282332351646261 ], [ -99.135099361603537, 19.282458551101715 ], [ -99.134005711558473, 19.282698041362053 ], [ -99.132476602683553, 19.283128160872874 ], [ -99.131986741949291, 19.283263901478112 ], [ -99.131933805376349, 19.283278568761702 ], [ -99.131408632182868, 19.283424080781316 ], [ -99.130824282782555, 19.283588241012239 ], [ -99.130782217767546, 19.283600051137832 ], [ -99.13036520310078, 19.283717130883566 ], [ -99.12951423260921, 19.283955980826189 ], [ -99.129126592922802, 19.284064760875815 ], [ -99.12828206346542, 19.284302881166099 ], [ -99.127576883841101, 19.284498561100886 ], [ -99.125729793781559, 19.285015720899718 ], [ -99.125434603879981, 19.285100300457728 ], [ -99.125192793863178, 19.285164680685135 ], [ -99.124991333796245, 19.285217850850895 ], [ -99.124917534050709, 19.285238280532823 ], [ -99.124329914207649, 19.285428130860353 ], [ -99.123902494090487, 19.285566220892157 ], [ -99.122214424590666, 19.286283640525188 ], [ -99.121638434880225, 19.286528719953708 ], [ -99.117924546305261, 19.288114979577109 ], [ -99.115705936860536, 19.289057759534746 ], [ -99.114899226754204, 19.289401299361142 ], [ -99.114525456526721, 19.289560809277173 ], [ -99.112832887470859, 19.290283069149936 ], [ -99.11159788771495, 19.29080458924367 ], [ -99.110353888166543, 19.291338719125534 ], [ -99.110285058133499, 19.291366788908412 ], [ -99.109286317935485, 19.29178364896941 ], [ -99.108129428555586, 19.292278238882872 ], [ -99.106169768685064, 19.29309509918734 ], [ -99.105724718629261, 19.29325791864315 ], [ -99.105676289035713, 19.293276698944421 ], [ -99.105014368947167, 19.293514239028923 ], [ -99.10461251875229, 19.293699468279918 ], [ -99.104438028807593, 19.293782038388422 ], [ -99.103956609301164, 19.294009818930515 ], [ -99.103750868894835, 19.294107158396816 ], [ -99.10288476990722, 19.294502648247221 ], [ -99.102736629825955, 19.294568958182737 ], [ -99.102175668476377, 19.294824214721348 ], [ -99.10135605969478, 19.295197158692392 ], [ -99.101289822083345, 19.295866921638861 ], [ -99.101249426642909, 19.296275388382739 ], [ -99.101214869466887, 19.296624808328929 ], [ -99.100921615768911, 19.300016663678448 ], [ -99.100921542392868, 19.300017510340695 ], [ -99.100785689555579, 19.301250576947474 ], [ -99.100638889858303, 19.302710916259972 ], [ -99.10048940876986, 19.30445403586782 ], [ -99.100322288844254, 19.306463815939665 ], [ -99.100313980513135, 19.306585065568218 ], [ -99.100305289049956, 19.30671211573836 ], [ -99.100224890281225, 19.307762545765371 ], [ -99.100061500069017, 19.309896645159029 ], [ -99.099871230015665, 19.31296651464228 ], [ -99.099657410657059, 19.315501034054989 ], [ -99.099586400500698, 19.316343573654105 ], [ -99.099342630807612, 19.319270352550305 ], [ -99.099286840138603, 19.320446632653567 ], [ -99.099068580112018, 19.320438582153717 ], [ -99.099051500311887, 19.320439002558974 ], [ -99.098792980667184, 19.320445242956445 ], [ -99.098688810751952, 19.319638512898294 ], [ -99.098481060613622, 19.31903517287898 ], [ -99.098637660281312, 19.318954643183485 ], [ -99.098702060755059, 19.318792013156465 ], [ -99.09867780025904, 19.318671512629525 ], [ -99.098638870352445, 19.318587293318465 ], [ -99.098434940344106, 19.318269752583234 ], [ -99.09823035064548, 19.317956832678355 ], [ -99.097702430749962, 19.317170063124493 ], [ -99.097432740987642, 19.316823522923215 ], [ -99.096749181018126, 19.315985543172374 ], [ -99.095842841624076, 19.31481211379398 ], [ -99.094957291832742, 19.313688414004577 ], [ -99.094257721378682, 19.312768614432709 ], [ -99.094081272011792, 19.312865344516947 ], [ -99.09392755213544, 19.312665314420624 ], [ -99.093565301412482, 19.312201554264927 ], [ -99.093384085932954, 19.311969557584348 ], [ -99.093215941698332, 19.311754294640412 ], [ -99.093175232336264, 19.311699314515536 ], [ -99.093052239807122, 19.311544296154135 ], [ -99.092826632439284, 19.311259944394937 ], [ -99.092732023522402, 19.311135398766741 ], [ -99.09272023179085, 19.311119874600038 ], [ -99.092671490933057, 19.311059754578132 ], [ -99.092611351825511, 19.310985574906837 ], [ -99.092422671886879, 19.310769925955125 ], [ -99.092341292304255, 19.310676915083523 ], [ -99.092263300959715, 19.31060199386696 ], [ -99.092242201665783, 19.310581724799093 ], [ -99.091945482470635, 19.310238861637007 ], [ -99.091919271971747, 19.310208574465303 ], [ -99.091786151904074, 19.310049215024925 ], [ -99.091727951864044, 19.309983664668788 ], [ -99.09141163267121, 19.309564245437439 ], [ -99.0914067575454, 19.309557827191146 ], [ -99.091209254388716, 19.309297792718869 ], [ -99.090832814912275, 19.308802166835289 ], [ -99.090806632322213, 19.308767694915822 ], [ -99.090791082351544, 19.308749512324663 ], [ -99.090565194344606, 19.308485382315805 ], [ -99.090527293008421, 19.308441064893071 ], [ -99.090371086321483, 19.308241456162062 ], [ -99.090357172204179, 19.308223675629968 ], [ -99.090284752357334, 19.308126585195794 ], [ -99.090017514676902, 19.307868046616111 ], [ -99.089869402758552, 19.307724755142431 ], [ -99.08976403274491, 19.307624915780512 ], [ -99.089661307965059, 19.307486742669628 ], [ -99.089593633178595, 19.307395715292856 ], [ -99.089551393400896, 19.307300625026127 ], [ -99.089479183174006, 19.307138065895838 ], [ -99.08936642100889, 19.307012409540349 ], [ -99.089298587448866, 19.306936819304472 ], [ -99.08922487320406, 19.306854675387331 ], [ -99.08903558144074, 19.306591742626225 ], [ -99.089013273274389, 19.306560755574434 ], [ -99.088953924681007, 19.306500671175808 ], [ -99.088833367835335, 19.306378619910468 ], [ -99.088645524846811, 19.306188448281745 ], [ -99.088607522692016, 19.306149975374208 ], [ -99.088534203536526, 19.306065550070599 ], [ -99.088435752780171, 19.305952186171055 ], [ -99.088396170857195, 19.305914673095593 ], [ -99.088382772660793, 19.305901975430363 ], [ -99.088340919798711, 19.30584543738351 ], [ -99.088137093073627, 19.305570095849522 ], [ -99.087942202651803, 19.305338962106109 ], [ -99.087927863176475, 19.305321956037812 ], [ -99.087651219852731, 19.304678994763389 ], [ -99.087651203495795, 19.304678956393261 ], [ -99.087457903214556, 19.304480786529687 ], [ -99.087190693183388, 19.30416274578733 ], [ -99.087177703528255, 19.304146756027276 ], [ -99.086710633223618, 19.303792476327388 ], [ -99.086284153704341, 19.303601325991199 ], [ -99.086150243359384, 19.303501526447505 ], [ -99.085867603278459, 19.303187946402712 ], [ -99.085617093703263, 19.302885836929526 ], [ -99.08537609371561, 19.302588416490654 ], [ -99.085125673712113, 19.302266846774373 ], [ -99.084849103623242, 19.301978067092968 ], [ -99.08457750373185, 19.301660006567808 ], [ -99.084463998925628, 19.301512051865128 ], [ -99.084350494366149, 19.3013640971025 ], [ -99.084105063781905, 19.301037067314859 ], [ -99.08383663403265, 19.300720956982346 ], [ -99.083582974614316, 19.300406647318198 ], [ -99.083364374157185, 19.300075976792293 ], [ -99.083160544798403, 19.299649417545943 ], [ -99.083164274409924, 19.299647357845259 ], [ -99.082318079838799, 19.298583199790194 ], [ -99.080371120445179, 19.296237179675764 ], [ -99.079971290100403, 19.295767800062279 ], [ -99.079694000320785, 19.295453850151372 ], [ -99.079206379946939, 19.294868139790744 ], [ -99.078970649651765, 19.2945885102679 ], [ -99.078659310421074, 19.29421314015708 ], [ -99.078022950115454, 19.293474020223414 ], [ -99.077719719768623, 19.293227969851259 ], [ -99.077315280097537, 19.29296291019131 ], [ -99.077225710240782, 19.292848690149828 ], [ -99.075909978973499, 19.290986170853941 ], [ -99.075245879458208, 19.290079280720182 ], [ -99.074941109348998, 19.289698140587635 ], [ -99.074487260308231, 19.289371830328879 ], [ -99.074074059931903, 19.289098979581958 ], [ -99.072356480302446, 19.287948169775895 ], [ -99.07218519974009, 19.287818259653513 ], [ -99.071531198280027, 19.287213733292624 ], [ -99.071375799647825, 19.28707009016772 ], [ -99.069879920463578, 19.285734740035888 ], [ -99.069152919572446, 19.285085739953175 ], [ -99.068966750404471, 19.284955850121893 ], [ -99.068310620087402, 19.284439259758113 ], [ -99.064645120357753, 19.282113819941014 ], [ -99.064370179859623, 19.281992770028978 ], [ -99.059672629973136, 19.280284949888738 ], [ -99.058575419611714, 19.279909630383919 ], [ -99.057600340141931, 19.279628879758015 ], [ -99.056762949956308, 19.279500349734565 ], [ -99.05607265957326, 19.279456379753118 ], [ -99.055159680212626, 19.279458819806809 ], [ -99.054789079796308, 19.279426770444942 ], [ -99.054498320397869, 19.279367150028111 ], [ -99.053870880445047, 19.27908574961015 ], [ -99.052371599577, 19.278481979802645 ], [ -99.050567635968704, 19.277503684217539 ], [ -99.050567259688279, 19.277503480257312 ], [ -99.048286970297653, 19.275978230414097 ], [ -99.047322279634187, 19.27559860024931 ], [ -99.045100049769729, 19.274864109612189 ], [ -99.041451430043892, 19.273780509861922 ], [ -99.040431219669401, 19.273253980231942 ], [ -99.040227339867144, 19.273056819633396 ], [ -99.039527659770243, 19.272650370102621 ], [ -99.038589460239507, 19.272132249623056 ], [ -99.03837167898935, 19.272036419796049 ], [ -99.037558929723716, 19.271782590026039 ], [ -99.0374919799997, 19.271761675373035 ], [ -99.037319449096373, 19.271705740304881 ], [ -99.03646391021671, 19.270976830153433 ], [ -99.03594369039152, 19.270636599579234 ], [ -99.035671519760839, 19.270263429860481 ], [ -99.035353783907482, 19.269793971466562 ], [ -99.034643949745032, 19.268745169701276 ], [ -99.0343563583709, 19.268416107431758 ], [ -99.034097961473037, 19.268120443740937 ], [ -99.033733849150707, 19.267703820604357 ], [ -99.033021888891412, 19.267116910413989 ], [ -99.032670909084473, 19.266692200378166 ], [ -99.033274519820466, 19.265380462850409 ], [ -99.03382259943109, 19.265538019849735 ], [ -99.034124177722603, 19.265491781646055 ], [ -99.034863080421374, 19.265378490254236 ], [ -99.034992871312852, 19.265221603772009 ], [ -99.035018680175, 19.265164551343169 ], [ -99.036719307607939, 19.263715800332665 ], [ -99.037138890049675, 19.263440580211256 ], [ -99.037817690191233, 19.262774369918841 ], [ -99.039286649764165, 19.261863683759834 ], [ -99.040550779333174, 19.261479284154987 ], [ -99.040976942892257, 19.261349666601536 ], [ -99.041518517426539, 19.261330958865351 ], [ -99.041680918701644, 19.261234400024001 ], [ -99.042221142740118, 19.261072403519947 ], [ -99.043436510271249, 19.260500520092069 ], [ -99.044102611702684, 19.26028974523139 ], [ -99.044849768814686, 19.260053320650105 ], [ -99.045718340091682, 19.259685520010635 ], [ -99.046861520275385, 19.259514029996449 ], [ -99.047480458971748, 19.259362691076348 ], [ -99.047780418912907, 19.259309260627706 ], [ -99.048413090011422, 19.258967999708375 ], [ -99.048558829854599, 19.258823879985684 ], [ -99.048605169291761, 19.25808623053198 ], [ -99.048764339539417, 19.257389739643589 ], [ -99.049184232832047, 19.257471107591879 ], [ -99.049178851909545, 19.257468657495124 ], [ -99.048756672407293, 19.257386846517612 ], [ -99.048597502197666, 19.258083337246234 ], [ -99.048551162770778, 19.258820986530903 ], [ -99.048405422963171, 19.258965106220376 ], [ -99.047772752019497, 19.259306367060681 ], [ -99.047472792151908, 19.259359797496671 ], [ -99.046853853607331, 19.25951113638126 ], [ -99.045710673704065, 19.259682626354611 ], [ -99.044842102639805, 19.260050426908649 ], [ -99.04409494571091, 19.260286851434756 ], [ -99.043428844442744, 19.260497626246238 ], [ -99.042213477209202, 19.261069509541446 ], [ -99.041673253303131, 19.261231506007658 ], [ -99.041510852067759, 19.261328064826664 ], [ -99.040969277666463, 19.261346772557818 ], [ -99.040543114211843, 19.26147639008099 ], [ -99.039278984952674, 19.261860789596053 ], [ -99.037810025739105, 19.262771475544415 ], [ -99.037131225763247, 19.263437685683261 ], [ -99.036711643424127, 19.263712905741038 ], [ -99.035011016406628, 19.265161656417295 ], [ -99.034985207550733, 19.265218708833029 ], [ -99.034855416690888, 19.265375595279128 ], [ -99.034116514173419, 19.265488886643976 ], [ -99.033814935955903, 19.265535124836642 ], [ -99.033266856480125, 19.265377567872655 ], [ -99.032663246844038, 19.266689305117779 ], [ -99.031058256802538, 19.264929644889136 ], [ -99.030838276285664, 19.264634394930788 ], [ -99.030528217320139, 19.264165566500434 ], [ -99.030460416341015, 19.263248136069187 ], [ -99.030422787645591, 19.263141106196763 ], [ -99.030273277541312, 19.262938275950813 ], [ -99.029812657143893, 19.262592655471842 ], [ -99.029558187825529, 19.262481525720752 ], [ -99.029293086628698, 19.262371735683601 ], [ -99.02788822686631, 19.262219385999103 ], [ -99.027192888059986, 19.26183410675911 ], [ -99.027111626825032, 19.261935556652908 ], [ -99.026851847819103, 19.261757876089131 ], [ -99.02646481745505, 19.261765925514293 ], [ -99.026032108709046, 19.261940756493292 ], [ -99.025834567518032, 19.262202286599351 ], [ -99.025380937911308, 19.262081885759279 ], [ -99.025074418646994, 19.262006955357766 ], [ -99.024812678006782, 19.261929046968202 ], [ -99.024342938389594, 19.261818086224373 ], [ -99.024049588699143, 19.261754285610191 ], [ -99.024008969352778, 19.261744326007125 ], [ -99.023622522946098, 19.261645149429398 ], [ -99.023320552262078, 19.26156765137225 ], [ -99.022893289109376, 19.261457995520693 ], [ -99.022527859530641, 19.261369505782337 ], [ -99.022003939823691, 19.261236126078813 ], [ -99.021755771103969, 19.261173191240676 ], [ -99.0217468793564, 19.261170935619017 ], [ -99.021503988217233, 19.261112855672238 ], [ -99.02129253840998, 19.261066487177715 ], [ -99.021087369869221, 19.261027626432632 ], [ -99.021024628695173, 19.261014416377627 ], [ -99.020744738781445, 19.260954226282252 ], [ -99.020510560060345, 19.260931706078058 ], [ -99.020318678818455, 19.26091659614826 ], [ -99.020318374342978, 19.260916646313508 ], [ -99.020050119355602, 19.260961216563125 ], [ -99.019817689536595, 19.261026275637629 ], [ -99.019734920081362, 19.261147847295071 ], [ -99.019296690503552, 19.260973076884468 ], [ -99.019066619823235, 19.2608922456626 ], [ -99.019021867218598, 19.260875621731511 ], [ -99.019021467869422, 19.260875473413165 ], [ -99.018984109840133, 19.260861596662149 ], [ -99.018900118885043, 19.260829657187429 ], [ -99.01882460367824, 19.260800932885424 ], [ -99.018666430025235, 19.260740766386007 ], [ -99.017936970078495, 19.260455787437486 ], [ -99.017563570505274, 19.260319077107187 ], [ -99.017414390258338, 19.260266935860397 ], [ -99.017278438778916, 19.260222926446474 ], [ -99.01726463002683, 19.260218456044925 ], [ -99.016895185110116, 19.260091765842589 ], [ -99.016851777267235, 19.260076882044757 ], [ -99.016617180980376, 19.259996433370379 ], [ -99.016560910565062, 19.259977136681844 ], [ -99.016507459584474, 19.259952556463883 ], [ -99.016451870388622, 19.259925638104793 ], [ -99.016381160272189, 19.259891397417203 ], [ -99.016146400724466, 19.259747627095425 ], [ -99.016074801254959, 19.259676306756784 ], [ -99.016056532943622, 19.259658105163499 ], [ -99.015947759761389, 19.259549726616818 ], [ -99.01563449575201, 19.259379928644233 ], [ -99.015552690070749, 19.259335587151988 ], [ -99.015347764352995, 19.259234597163402 ], [ -99.015198645639359, 19.259161108986607 ], [ -99.01485340126203, 19.258990966271988 ], [ -99.014435311436685, 19.258807656646759 ], [ -99.014181881566401, 19.258706596654442 ], [ -99.013909091781585, 19.258576286478213 ], [ -99.013714721197459, 19.258493846460016 ], [ -99.013435721379224, 19.258370816666694 ], [ -99.013209510577411, 19.258233047630206 ], [ -99.013005309382123, 19.258086735865795 ], [ -99.01295709168005, 19.258052186564964 ], [ -99.012840726396121, 19.257956032930963 ], [ -99.012826390988209, 19.257944187533742 ], [ -99.012669880441081, 19.257784287096893 ], [ -99.012517561614473, 19.257629106493727 ], [ -99.012177371526235, 19.257224906558069 ], [ -99.011977762206328, 19.256958647001813 ], [ -99.011842821839934, 19.256772256537928 ], [ -99.011764062192469, 19.256657217388749 ], [ -99.011821341543168, 19.256241736677755 ], [ -99.011690661435281, 19.256008226699741 ], [ -99.011316601969611, 19.255644887239484 ], [ -99.011279992455741, 19.255726197560477 ], [ -99.011022142267436, 19.255601617025022 ], [ -99.010817622215896, 19.255463597300533 ], [ -99.010685722509322, 19.255338787036106 ], [ -99.009850312733633, 19.254530187457679 ], [ -99.009804652838596, 19.254485337510058 ], [ -99.009233142273033, 19.253923878013975 ], [ -99.008573512481746, 19.253192567653869 ], [ -99.008337192331098, 19.252941937874297 ], [ -99.00812283275576, 19.252714997770642 ], [ -99.007758893153323, 19.252312537941169 ], [ -99.007611062664779, 19.252166398109729 ], [ -99.007037113277917, 19.251602987729662 ], [ -99.007275893192073, 19.251174538525529 ], [ -99.007412866751224, 19.250928794990823 ], [ -99.00747827923314, 19.250811437460133 ], [ -99.00749789291514, 19.250776248663492 ], [ -99.007681883317176, 19.251021028454719 ], [ -99.007939262698258, 19.250543139720445 ], [ -99.008257321930529, 19.250725108423069 ], [ -99.008431021464034, 19.250690939511014 ], [ -99.008644892602732, 19.250764788131843 ], [ -99.008814312212564, 19.250675737995831 ], [ -99.008875251827348, 19.250672199541935 ], [ -99.009057602386363, 19.250294088403706 ], [ -99.009201232128248, 19.249992138361741 ], [ -99.009344511930792, 19.249691629186685 ], [ -99.009494402702018, 19.249377789338368 ], [ -99.009497432727898, 19.2493687384484 ], [ -99.009500691097671, 19.249359019816758 ], [ -99.009592822197931, 19.24906798832102 ], [ -99.009707061037062, 19.24872682997184 ], [ -99.009760328758944, 19.24849103335508 ], [ -99.009762791779067, 19.248480129310156 ], [ -99.00979659265559, 19.248261658906568 ], [ -99.010129792576507, 19.247663109124602 ], [ -99.010344321968802, 19.247317939091882 ], [ -99.010451721129755, 19.247140078697942 ], [ -99.010503141824529, 19.247069568841265 ], [ -99.010618400857922, 19.247000188872029 ], [ -99.010813722555667, 19.247002649000624 ], [ -99.011064761393257, 19.2467191595067 ], [ -99.011115111974391, 19.246525430379837 ], [ -99.011137760999077, 19.246201279518186 ], [ -99.011124292088326, 19.24612853907712 ], [ -99.011183722321164, 19.246049889473035 ], [ -99.012288372158778, 19.24651098915048 ], [ -99.012377420887887, 19.246353939827824 ], [ -99.01238928150228, 19.246119999134514 ], [ -99.012460391978067, 19.245928789730538 ], [ -99.012701762168476, 19.245139629798246 ], [ -99.012467662061937, 19.245011399567044 ], [ -99.012557621663504, 19.244731140022093 ], [ -99.012819791436073, 19.244804289998275 ], [ -99.013909261109276, 19.245108259842269 ], [ -99.01394989042285, 19.244915449636594 ], [ -99.013964170594946, 19.244847740437809 ], [ -99.013987821088008, 19.244677429586861 ], [ -99.014014540879614, 19.244553340733727 ], [ -99.014048707369454, 19.244417608343614 ], [ -99.014055047933581, 19.244392417078998 ], [ -99.014065741416843, 19.244349940050675 ], [ -99.014105189986836, 19.244232419676671 ], [ -99.014140398921072, 19.24409968961751 ], [ -99.014145098809948, 19.244082066434679 ], [ -99.014166761505223, 19.244000760014877 ], [ -99.014295491156901, 19.243633769560464 ], [ -99.014320413689532, 19.243580723567064 ], [ -99.014361125441468, 19.243494068798068 ], [ -99.014388415253492, 19.243435985995465 ], [ -99.014441574082156, 19.243322840109577 ], [ -99.014523609421232, 19.243148234384595 ], [ -99.014631511410229, 19.242918570958171 ], [ -99.014841921590374, 19.242603450143498 ], [ -99.014927190667848, 19.242456740891409 ], [ -99.014946970022152, 19.242251940940253 ], [ -99.014975000633925, 19.242095400533032 ], [ -99.015055891010675, 19.241854280226601 ], [ -99.015274509654688, 19.241370570377143 ], [ -99.015398054942366, 19.241012821385052 ], [ -99.015407120638471, 19.240986571468088 ], [ -99.01548217123171, 19.240854091086323 ], [ -99.015550490026058, 19.240789571280406 ], [ -99.015609710389214, 19.24073673122756 ], [ -99.015687329776796, 19.240617992234228 ], [ -99.015734919892211, 19.240545190334288 ], [ -99.016024404841261, 19.240250617249043 ], [ -99.016460740681737, 19.239806608215716 ], [ -99.016441235989134, 19.239667172646534 ], [ -99.016477106330257, 19.239637167015793 ], [ -99.016712029720821, 19.23944064984801 ], [ -99.016772119195608, 19.239491536134867 ], [ -99.016999706392781, 19.239264325831748 ], [ -99.016999767828977, 19.239264264531318 ], [ -99.017221294450977, 19.239043104115741 ], [ -99.017304298366938, 19.238781779765176 ], [ -99.01733018460142, 19.238756154762441 ], [ -99.017370822371504, 19.238655823954602 ], [ -99.017391078789416, 19.238574185446545 ], [ -99.017487873017956, 19.238318915706877 ], [ -99.017748332824112, 19.238388506783647 ], [ -99.01774532803978, 19.238493241296609 ], [ -99.017841050467183, 19.238589673648644 ], [ -99.018311559783186, 19.238815228198266 ], [ -99.019210053353618, 19.239406577372929 ], [ -99.019211419428544, 19.23940532413112 ], [ -99.018319219410529, 19.238818117108799 ], [ -99.017848709978622, 19.238592562508089 ], [ -99.017752987527558, 19.23849613013407 ], [ -99.017861059003167, 19.238228597262019 ], [ -99.018204019343116, 19.237676337097053 ], [ -99.027904824290289, 19.226329307056407 ], [ -99.030193029963641, 19.223632850212503 ], [ -99.032874180561421, 19.22307715440472 ], [ -99.034061049561032, 19.222831150003937 ], [ -99.035208770393012, 19.222593249853009 ], [ -99.035786400373311, 19.222473509893533 ], [ -99.036283650352914, 19.222370429902611 ], [ -99.03641891012046, 19.222342399643818 ], [ -99.036731629887612, 19.22227757005647 ], [ -99.036939659581932, 19.222234400031024 ], [ -99.037596599525315, 19.222098050406743 ], [ -99.038040139932292, 19.222006000178023 ], [ -99.040105310442542, 19.221577350429069 ], [ -99.041124739110884, 19.221365743381288 ], [ -99.041786458794462, 19.221228393209039 ], [ -99.042168818955403, 19.221149023569698 ], [ -99.042468058904404, 19.22108690339083 ], [ -99.042785349394308, 19.221021073809251 ], [ -99.043022599170286, 19.220971853374461 ], [ -99.045438219053494, 19.220470703665924 ], [ -99.046643999438771, 19.220220533732718 ], [ -99.046663521386307, 19.220216484509947 ], [ -99.046823318361149, 19.220183337040758 ], [ -99.047662511369765, 19.220009231359231 ], [ -99.04783200519519, 19.219974066423173 ], [ -99.047867199611602, 19.21996676394534 ], [ -99.048265539245293, 19.219884113902136 ], [ -99.049143678951282, 19.219701933791239 ], [ -99.049484584799089, 19.219631205801356 ], [ -99.052352847031088, 19.219036066480438 ], [ -99.052354689315294, 19.21903568389153 ], [ -99.053097596563077, 19.218881532339047 ], [ -99.053839199312975, 19.218727643457463 ], [ -99.055983739049921, 19.218282613641904 ], [ -99.056353179066846, 19.218206114035144 ], [ -99.056716259391379, 19.218130933668071 ], [ -99.058163309408968, 19.217831304022983 ], [ -99.059189378964945, 19.217618824031081 ], [ -99.060157199214245, 19.217418413732673 ], [ -99.060543399537167, 19.217338423536617 ], [ -99.063207798939303, 19.216786643616388 ], [ -99.064330198807895, 19.216553763450818 ], [ -99.065803819243754, 19.216247973958637 ], [ -99.066308679607843, 19.216143223304094 ], [ -99.067325458910048, 19.215932223393622 ], [ -99.06777179937707, 19.215839593559878 ], [ -99.069071488963971, 19.215569883619875 ], [ -99.071064309637364, 19.215156303639457 ], [ -99.072307179277672, 19.214898344029223 ], [ -99.073586628802957, 19.214632773941251 ], [ -99.07579022916758, 19.214175373458396 ], [ -99.076753548991562, 19.213975423653107 ], [ -99.077721028913643, 19.213774573515011 ], [ -99.077819970080313, 19.213754049823976 ], [ -99.078127948957359, 19.213690105034111 ], [ -99.078533770342816, 19.213605879660655 ], [ -99.078704048942996, 19.213570520072626 ], [ -99.078834459479765, 19.213543450294683 ], [ -99.079371919199744, 19.213431860392394 ], [ -99.080058739618323, 19.213289280044116 ], [ -99.080355629782005, 19.213227650285077 ], [ -99.080895688637014, 19.213115520969794 ], [ -99.081351799247898, 19.213019820777244 ], [ -99.081966079600249, 19.212890920033114 ], [ -99.08205925083422, 19.212871367421485 ], [ -99.082509029747484, 19.21277698007529 ], [ -99.08305105954139, 19.212663310322814 ], [ -99.083472680871054, 19.212576849558285 ], [ -99.083642858244787, 19.212541950016263 ], [ -99.083770090051004, 19.2125158601199 ], [ -99.084209091967793, 19.212425837446851 ], [ -99.084409649792519, 19.212384710103425 ], [ -99.085744976737431, 19.2121108535177 ], [ -99.086313180266714, 19.211994320042788 ], [ -99.086500271132465, 19.211955950517233 ], [ -99.088228050040584, 19.211601600176181 ], [ -99.088423335303716, 19.211561547261645 ], [ -99.088504260311936, 19.211544949871307 ], [ -99.089032550094956, 19.211436580171451 ], [ -99.089289976942283, 19.211383784402859 ], [ -99.089290246107467, 19.211383728893356 ], [ -99.089392018694383, 19.211362856433936 ], [ -99.090694800161273, 19.211095650346369 ], [ -99.090867605966949, 19.211049634074794 ], [ -99.090866318046665, 19.211044999103258 ], [ -99.090928831013983, 19.211025500736536 ], [ -99.090957692187956, 19.211016497195899 ], [ -99.09170937095567, 19.210917208488262 ], [ -99.09205737473313, 19.210902982447607 ], [ -99.092384041751174, 19.21088962746153 ], [ -99.09292167079839, 19.210915887535673 ], [ -99.093173242143834, 19.210927057690554 ], [ -99.093381241723051, 19.210961608496621 ], [ -99.093534470581304, 19.211005827440026 ], [ -99.093677572210382, 19.211076037253374 ], [ -99.09376254336216, 19.211136202190538 ], [ -99.094001630998505, 19.211305487866863 ], [ -99.094128029367084, 19.211412869982226 ], [ -99.09419663054004, 19.21147114861515 ], [ -99.0942874008269, 19.211521548075524 ], [ -99.094388670779324, 19.211550317635968 ], [ -99.094477270930483, 19.211550267298172 ], [ -99.094553200539082, 19.211535827286898 ], [ -99.094646830890625, 19.211490138729879 ], [ -99.094735401550963, 19.211430027615194 ], [ -99.094826471041785, 19.211357917022799 ], [ -99.094892241762992, 19.211280438158038 ], [ -99.094937781838283, 19.211217967710997 ], [ -99.094968100699077, 19.211148288187896 ], [ -99.094988321443992, 19.211071398536745 ], [ -99.095048473593096, 19.210197882045136 ], [ -99.095056860116003, 19.210076098906136 ], [ -99.095062753342276, 19.209905902032762 ], [ -99.095068550969089, 19.209738488285268 ], [ -99.095091240390843, 19.209587138036564 ], [ -99.095151900616486, 19.209435768390943 ], [ -99.095245470721963, 19.2092561481467 ], [ -99.095406667393078, 19.20901274575521 ], [ -99.095547381738015, 19.208800268278903 ], [ -99.095603841291037, 19.208715009187191 ], [ -99.09567935158536, 19.208625057741415 ], [ -99.095766770593286, 19.20857546769756 ], [ -99.095848441793194, 19.208553038288773 ], [ -99.095966410860711, 19.208551258259785 ], [ -99.096115261338113, 19.208570119356082 ], [ -99.096265499968567, 19.208595888695733 ], [ -99.096425089992223, 19.208623809139478 ], [ -99.096543059862796, 19.208649198473282 ], [ -99.096672060054672, 19.20866194789625 ], [ -99.096769671524939, 19.208661567670298 ], [ -99.096865431161618, 19.20865097781282 ], [ -99.096988241570912, 19.208627867720843 ], [ -99.097130980516098, 19.208589839082002 ], [ -99.097936630595612, 19.208327087842832 ], [ -99.097954075753862, 19.208321884188948 ], [ -99.098129700041511, 19.208269498642512 ], [ -99.098261349404297, 19.208235318103593 ], [ -99.09834294058254, 19.208223779106298 ], [ -99.098402830766091, 19.208218059554223 ], [ -99.098480769956637, 19.208212319099257 ], [ -99.098811779902903, 19.208212138592618 ], [ -99.098887870052522, 19.208208498646059 ], [ -99.098937400337718, 19.208206518890304 ], [ -99.099029690148981, 19.208193688493349 ], [ -99.099102270633651, 19.208179939315283 ], [ -99.099155540035568, 19.208161437762662 ], [ -99.099204830233361, 19.208144398044258 ], [ -99.099243570044862, 19.208231948086365 ], [ -99.09926621097911, 19.208588469480386 ], [ -99.099319100949359, 19.208749299295231 ], [ -99.09939417759189, 19.208870578986591 ], [ -99.099666606612033, 19.209110408951378 ], [ -99.099694230528272, 19.209155754945382 ], [ -99.099738869872269, 19.209229030721382 ], [ -99.099819780531291, 19.209475517635031 ], [ -99.099877180400526, 19.20956771679235 ], [ -99.100384119129728, 19.210071835844502 ], [ -99.100532549078167, 19.210191657705241 ], [ -99.100685410319699, 19.210283860189961 ], [ -99.10146811859147, 19.210580597488697 ], [ -99.101714379755037, 19.210691548404544 ], [ -99.101716195009658, 19.210691788425663 ], [ -99.101475798597647, 19.210583479826898 ] ], [ [ -99.113175369680278, 19.224299549624568 ], [ -99.113284592230229, 19.224127850154201 ], [ -99.11334761929588, 19.224054421004123 ], [ -99.113410679901506, 19.224008030438945 ], [ -99.113469538606694, 19.22400402081135 ], [ -99.113551629251461, 19.223983421197801 ], [ -99.113675119385263, 19.223901461296716 ], [ -99.11374551870864, 19.223844321081973 ], [ -99.113773338692297, 19.223780260491985 ], [ -99.113802650281841, 19.223749600957561 ], [ -99.113878918573121, 19.223716150023286 ], [ -99.11393674606056, 19.2237088504524 ], [ -99.113931285583774, 19.22370568456364 ], [ -99.113871235506252, 19.223713264692403 ], [ -99.11379496723363, 19.22374671561893 ], [ -99.113765655651235, 19.223777375146295 ], [ -99.113737835674328, 19.223841435721578 ], [ -99.113667436368161, 19.223898575923158 ], [ -99.113543946264542, 19.223980535805321 ], [ -99.113461855639883, 19.224001135414056 ], [ -99.113402996949119, 19.224005145040657 ], [ -99.113339935405548, 19.224051535576901 ], [ -99.113276909308624, 19.224124964728329 ], [ -99.113167686766062, 19.224296665064831 ], [ -99.1129594296345, 19.224933609528524 ], [ -99.112723207174511, 19.225312235130286 ], [ -99.11268505630585, 19.225419804241721 ], [ -99.112692740675286, 19.225422685477977 ], [ -99.112730889961838, 19.225315120828661 ], [ -99.112967112479296, 19.224936495139918 ], [ -99.113175369680278, 19.224299549624568 ] ], [ [ -99.114040178690132, 19.223767249690486 ], [ -99.114125660354219, 19.223788619622638 ], [ -99.114254888969995, 19.223796909976368 ], [ -99.114464684797497, 19.22376654841586 ], [ -99.114569219485261, 19.223727720498378 ], [ -99.114627149119201, 19.223693181205253 ], [ -99.114699979599422, 19.223638580282529 ], [ -99.114762819951835, 19.223576080351073 ], [ -99.114832478899004, 19.223469750960291 ], [ -99.114897316208584, 19.223308186293533 ], [ -99.115003918983746, 19.222962740378367 ], [ -99.11502107902615, 19.22277746120804 ], [ -99.115048600115998, 19.222735940859142 ], [ -99.115091628759728, 19.222693800016991 ], [ -99.115261599084192, 19.222644851284478 ], [ -99.115343489970186, 19.222583911125604 ], [ -99.115399679855201, 19.222496741086811 ], [ -99.11554868043001, 19.22239548082176 ], [ -99.115674968653153, 19.22227872011911 ], [ -99.115732109858286, 19.222141830185656 ], [ -99.115736948572504, 19.222094830097149 ], [ -99.115725509570524, 19.22204771107241 ], [ -99.115679319716122, 19.221967200677522 ], [ -99.115677340016248, 19.221937370802923 ], [ -99.115708999993132, 19.221919089780116 ], [ -99.115861828677396, 19.221900770052354 ], [ -99.115964918968672, 19.221913950116409 ], [ -99.116458890340866, 19.221865520112907 ], [ -99.116614170088241, 19.22189608024653 ], [ -99.116623289198557, 19.221826579604343 ], [ -99.116600319365034, 19.221702770809841 ], [ -99.116655546906074, 19.221481725363844 ], [ -99.116758799147547, 19.221253880135183 ], [ -99.116750349203983, 19.22118872061187 ], [ -99.116307979669358, 19.22084151493922 ], [ -99.116300320456077, 19.220838649456308 ], [ -99.116742665435979, 19.221185835863114 ], [ -99.116751115377383, 19.221250995371513 ], [ -99.116647862188472, 19.221478841435271 ], [ -99.116592635633154, 19.221699885943213 ], [ -99.116615605460893, 19.221823694709393 ], [ -99.116606486352708, 19.221893195335653 ], [ -99.116451206643461, 19.221862635208836 ], [ -99.115957235392401, 19.221911065200658 ], [ -99.115854145126434, 19.221897885139501 ], [ -99.115701316479644, 19.221916204862882 ], [ -99.115669656510505, 19.221934485881466 ], [ -99.115671636209854, 19.221964315749247 ], [ -99.11571782605283, 19.222044826125746 ], [ -99.115729265051925, 19.22209194513972 ], [ -99.115724426338829, 19.222138945217459 ], [ -99.115667285147538, 19.222275835119497 ], [ -99.115540996001869, 19.222392595777052 ], [ -99.115391996416832, 19.222493856036948 ], [ -99.115335806545488, 19.222581026055718 ], [ -99.115253915679517, 19.222641966200538 ], [ -99.115083945396691, 19.222690914921646 ], [ -99.115040916763448, 19.222733055754095 ], [ -99.115013395680293, 19.222774576093453 ], [ -99.114996235641868, 19.222959855221337 ], [ -99.1148896328924, 19.22330530105728 ], [ -99.114824795598508, 19.223466865686966 ], [ -99.114755136668293, 19.223573195053323 ], [ -99.114692296331214, 19.223635694970397 ], [ -99.114619465868799, 19.223690295880527 ], [ -99.114561535295692, 19.223724835147451 ], [ -99.114457001586842, 19.223763663074141 ], [ -99.11424720581077, 19.223794024627445 ], [ -99.114117977207542, 19.223785735181039 ], [ -99.114037253907583, 19.223765553952848 ], [ -99.114040178690132, 19.223767249690486 ] ], [ [ -99.11563970869247, 19.220535259759313 ], [ -99.11563227280493, 19.220532743434177 ], [ -99.115682545586807, 19.220607516021499 ], [ -99.115690220069865, 19.220610387217228 ], [ -99.11563970869247, 19.220535259759313 ] ], [ [ -99.111443801117929, 19.219024882454121 ], [ -99.111442253321982, 19.219024482285228 ], [ -99.112796086891308, 19.219572685685701 ], [ -99.112799492973465, 19.219573838313451 ], [ -99.111443801117929, 19.219024882454121 ] ], [ [ -99.111298912353163, 19.218835664665608 ], [ -99.110874805504054, 19.218214613734354 ], [ -99.110872967365111, 19.218220287728641 ], [ -99.111291229925797, 19.218832780449134 ], [ -99.111417083903532, 19.219017076928509 ], [ -99.111424021622099, 19.219018870614065 ], [ -99.111298912353163, 19.218835664665608 ] ], [ [ -99.109286370200124, 19.220807506823309 ], [ -99.109306668363459, 19.220764675137683 ], [ -99.109333961256155, 19.22068696151732 ], [ -99.108995713252384, 19.220311544599827 ], [ -99.108761465785307, 19.220093248701993 ], [ -99.108760745282368, 19.220096851453658 ], [ -99.108988031388208, 19.220308660042651 ], [ -99.109326279308476, 19.220684076874576 ], [ -99.109298986422374, 19.220761790477109 ], [ -99.109278688263956, 19.220804622152905 ], [ -99.109352949808638, 19.220933579868312 ], [ -99.109359701846785, 19.220934849736508 ], [ -99.109286370200124, 19.220807506823309 ] ], [ [ -99.108605360297602, 19.220307058136871 ], [ -99.108487751279725, 19.220227701702299 ], [ -99.108486882526975, 19.220229414212074 ], [ -99.108597678529179, 19.220304173580246 ], [ -99.108671030766786, 19.220372133110825 ], [ -99.108672365745861, 19.220369137479967 ], [ -99.108605360297602, 19.220307058136871 ] ], [ [ -99.106430730343732, 19.219750575702719 ], [ -99.106421199391008, 19.219685134885779 ], [ -99.106421180294461, 19.219685091033025 ], [ -99.106421264071642, 19.219684694010883 ], [ -99.106485270428024, 19.219407152207364 ], [ -99.106533113152892, 19.21931598167485 ], [ -99.106533119620735, 19.219315856774653 ], [ -99.106526443333763, 19.219046740223387 ], [ -99.106406681784804, 19.218798449701428 ], [ -99.106288215792844, 19.218701908866379 ], [ -99.106281855570217, 19.218700101169482 ], [ -99.1063990005579, 19.218795565487646 ], [ -99.106518762077144, 19.21904385595289 ], [ -99.106525438362127, 19.219312972442534 ], [ -99.106525431894283, 19.219313097342699 ], [ -99.106477589181026, 19.219404267854273 ], [ -99.106413581886642, 19.219681809575864 ], [ -99.106413499062825, 19.219682206616216 ], [ -99.106413517206036, 19.219682250450688 ], [ -99.106423048137074, 19.219747692158279 ], [ -99.107707069961265, 19.220415794257512 ], [ -99.107708113032317, 19.22041522470095 ], [ -99.106430730343732, 19.219750575702719 ] ], [ [ -99.105912534835824, 19.218556047935458 ], [ -99.105885216880765, 19.218516000284911 ], [ -99.106038828873565, 19.217949199847389 ], [ -99.106041017648025, 19.217496819970009 ], [ -99.10597881399022, 19.217342183249038 ], [ -99.105576413087604, 19.216897091124011 ], [ -99.105444902939269, 19.216281155604918 ], [ -99.105393678029799, 19.216227031013791 ], [ -99.105154478020154, 19.216117984012914 ], [ -99.104764709680879, 19.215826920698646 ], [ -99.104310198970737, 19.215224220691915 ], [ -99.104277109069429, 19.215124387853123 ], [ -99.104179180326994, 19.215047420812017 ], [ -99.104143049738269, 19.214980180716967 ], [ -99.104040049835262, 19.214617970199289 ], [ -99.103970689711886, 19.214054649882605 ], [ -99.103981520461346, 19.213975480467333 ], [ -99.103567722518292, 19.212769349040347 ], [ -99.103525769251689, 19.212667370324443 ], [ -99.103466569177399, 19.211704490819837 ], [ -99.103407490231874, 19.211556460451494 ], [ -99.103310749451978, 19.211423050777334 ], [ -99.103181049832116, 19.211300519741577 ], [ -99.103053539561159, 19.211195859997634 ], [ -99.102891749346597, 19.211101779815689 ], [ -99.102889000155244, 19.211101764806529 ], [ -99.103045859167011, 19.211192977521023 ], [ -99.103173369406548, 19.211297637241142 ], [ -99.103303068994421, 19.211420168248992 ], [ -99.1033998097504, 19.211553577892698 ], [ -99.10345888868126, 19.211701608227216 ], [ -99.103518088739762, 19.212664487511361 ], [ -99.103560041995934, 19.212766466203956 ], [ -99.103973839835874, 19.213972597355191 ], [ -99.103963009088972, 19.214051766752323 ], [ -99.104032369194584, 19.214615086940078 ], [ -99.104135369071841, 19.214977297374919 ], [ -99.104171499651613, 19.215044537454613 ], [ -99.104269428369918, 19.215121504478208 ], [ -99.104302518262983, 19.215221337294178 ], [ -99.104757028860803, 19.215824037163419 ], [ -99.105146797104055, 19.216115100411486 ], [ -99.105385997054867, 19.216224147387678 ], [ -99.105437221951675, 19.216278271966473 ], [ -99.105568732066942, 19.216894207344659 ], [ -99.105971132870224, 19.217339299368234 ], [ -99.106033336512553, 19.21749393605387 ], [ -99.106031147738051, 19.217946315827653 ], [ -99.105877535782184, 19.218513116135181 ], [ -99.105904853730493, 19.218553163776598 ], [ -99.106098540003288, 19.218647298330207 ], [ -99.10610274711361, 19.218648494071438 ], [ -99.105912534835824, 19.218556047935458 ] ], [ [ -99.102364579729482, 19.210849739787296 ], [ -99.102357570816935, 19.210847649336124 ], [ -99.102569089308332, 19.211097177734068 ], [ -99.102574350554065, 19.211097206457751 ], [ -99.102364579729482, 19.210849739787296 ] ], [ [ -99.102048919601785, 19.210737649634762 ], [ -99.102046968979863, 19.21073739171478 ], [ -99.10215351985515, 19.210786198159454 ], [ -99.102157497153485, 19.210787384413109 ], [ -99.102048919601785, 19.210737649634762 ] ], [ [ -99.12902871209036, 19.195536601021892 ], [ -99.129020811574506, 19.19553544006078 ], [ -99.12900948389175, 19.195626472390575 ], [ -99.129017323059571, 19.195628126360372 ], [ -99.12902871209036, 19.195536601021892 ] ], [ [ -99.128502019514201, 19.195364472170855 ], [ -99.128155860498538, 19.195224565696883 ], [ -99.128136686587013, 19.195126947821439 ], [ -99.127319921163703, 19.194765979489361 ], [ -99.127319809176214, 19.194766448272034 ], [ -99.128129000058763, 19.195124069053382 ], [ -99.128148173965457, 19.195221686906489 ], [ -99.12849433289604, 19.195361593348803 ], [ -99.128450198470162, 19.195449840572966 ], [ -99.128458700055091, 19.195451089859709 ], [ -99.128502019514201, 19.195364472170855 ] ], [ [ -99.126186318714332, 19.195986550640111 ], [ -99.126113279718126, 19.195932799977168 ], [ -99.126035970247798, 19.195891279755539 ], [ -99.126031133899218, 19.195889931266024 ], [ -99.126105593685267, 19.19592992102233 ], [ -99.126178632644411, 19.195983672578631 ], [ -99.126559854076618, 19.196396501178555 ], [ -99.126563103074119, 19.196394575196653 ], [ -99.126186318714332, 19.195986550640111 ] ], [ [ -99.125593430298181, 19.195811449765049 ], [ -99.125558888813984, 19.195782169539665 ], [ -99.125163919758279, 19.195158090430041 ], [ -99.125004029887393, 19.194979221156959 ], [ -99.124996943501785, 19.194977012940701 ], [ -99.125156233959288, 19.195155211651574 ], [ -99.125247791098829, 19.195299879018084 ], [ -99.125551202917322, 19.195779290618709 ], [ -99.125585744393007, 19.195808570837425 ], [ -99.125629082700613, 19.195833631989867 ], [ -99.125634245361653, 19.195835051805936 ], [ -99.125593430298181, 19.195811449765049 ] ], [ [ -99.124734459671345, 19.194808061087716 ], [ -99.124666178746779, 19.194771450276665 ], [ -99.124642629885983, 19.194751580044006 ], [ -99.124625618950219, 19.194724459977795 ], [ -99.124584919017437, 19.194556340541968 ], [ -99.124428168985517, 19.194430180376006 ], [ -99.124368530277223, 19.194364293652743 ], [ -99.124313082439784, 19.194337709568625 ], [ -99.124313059302736, 19.194107910315292 ], [ -99.124146979403591, 19.19394042966244 ], [ -99.124144798500168, 19.19394310223376 ], [ -99.124305373713767, 19.194105031776381 ], [ -99.124305396850531, 19.194334830977091 ], [ -99.124360844674342, 19.19436141505518 ], [ -99.124420483367913, 19.194427301763422 ], [ -99.124577233361222, 19.194553461900661 ], [ -99.12461793328383, 19.194721581298037 ], [ -99.124634944215373, 19.194748701358051 ], [ -99.124658493070356, 19.194768571586181 ], [ -99.124726773978139, 19.194805182388926 ], [ -99.124873113854662, 19.194937942152421 ], [ -99.124879987362718, 19.194940084033121 ], [ -99.124734459671345, 19.194808061087716 ] ], [ [ -99.122840679875608, 19.194056625673898 ], [ -99.122859658965069, 19.193729539818495 ], [ -99.122818319235947, 19.193324710463173 ], [ -99.122510286545676, 19.192711063464877 ], [ -99.122281979198945, 19.192308310204918 ], [ -99.122255340893176, 19.192261481530753 ], [ -99.122122649706654, 19.192028220990906 ], [ -99.121661288988122, 19.19157032129332 ], [ -99.121603079342691, 19.191393540272699 ], [ -99.121494831968306, 19.190770910525863 ], [ -99.121266849071461, 19.189935029618805 ], [ -99.121029049940503, 19.189457340181136 ], [ -99.120945509581162, 19.18909446028777 ], [ -99.120938379388491, 19.18909399179061 ], [ -99.121021365162875, 19.189454462703743 ], [ -99.121259164234914, 19.189932152032252 ], [ -99.121487147074816, 19.190768032748117 ], [ -99.121595394421888, 19.191390662352472 ], [ -99.12165360405281, 19.191567443332669 ], [ -99.122114964657598, 19.192025342925881 ], [ -99.122247655811293, 19.192258603412455 ], [ -99.122274294110454, 19.192305432075919 ], [ -99.122502601400697, 19.192708185243887 ], [ -99.122528347536544, 19.192759475850366 ], [ -99.122810634014655, 19.193321832101983 ], [ -99.122851973733134, 19.193726661364636 ], [ -99.122832994647936, 19.194053747145116 ], [ -99.122794164310235, 19.194285941204498 ], [ -99.122802146041181, 19.194287046728487 ], [ -99.122840679875608, 19.194056625673898 ] ], [ [ -99.119043450260534, 19.193020540214654 ], [ -99.118968649268638, 19.19290449077052 ], [ -99.11894956990713, 19.192852779578654 ], [ -99.118944739706066, 19.192739310516707 ], [ -99.118925620411474, 19.192690481277072 ], [ -99.118888940319522, 19.192640510536535 ], [ -99.118459249910742, 19.19183632010704 ], [ -99.118408289372368, 19.191688200580913 ], [ -99.118401490998451, 19.19158179302682 ], [ -99.118379769380226, 19.191373890668423 ], [ -99.118361648957105, 19.191292549980414 ], [ -99.118257370335385, 19.191164970274638 ], [ -99.117923659625006, 19.190984250077744 ], [ -99.117920636185247, 19.190983896171478 ], [ -99.118249686235728, 19.191162092403104 ], [ -99.118353964831712, 19.191289672079765 ], [ -99.118372085250286, 19.191371012749169 ], [ -99.118393806862926, 19.191578915059967 ], [ -99.118400605235038, 19.191685322589699 ], [ -99.118451565760736, 19.191833442081954 ], [ -99.118881256063119, 19.192637632327727 ], [ -99.118917936146005, 19.192687603056861 ], [ -99.11893705543585, 19.192736432285333 ], [ -99.118941885635579, 19.192849901321296 ], [ -99.118960964992354, 19.192901612501341 ], [ -99.119035765965748, 19.193017661918976 ], [ -99.11905016538887, 19.193112981897308 ], [ -99.119057595831393, 19.193114179762819 ], [ -99.119043450260534, 19.193020540214654 ] ], [ [ -99.117326820041939, 19.190527080517647 ], [ -99.117165019403672, 19.190452861171732 ], [ -99.117132350326656, 19.190415541171753 ], [ -99.117129248663332, 19.190365830986298 ], [ -99.117254079289822, 19.190174630455218 ], [ -99.117266309809779, 19.190104831301031 ], [ -99.116970600073586, 19.189576521258243 ], [ -99.116928489817525, 19.189529550217799 ], [ -99.116886378613231, 19.189501370135307 ], [ -99.11688114378363, 19.189500131425653 ], [ -99.116920806045897, 19.189526672719396 ], [ -99.116962916291556, 19.189573643749135 ], [ -99.117258625954562, 19.190101953671231 ], [ -99.117246395437519, 19.19017175280942 ], [ -99.11712156484144, 19.190362953296574 ], [ -99.11712466650394, 19.190412663470639 ], [ -99.117157335572898, 19.190449983462106 ], [ -99.117319136171361, 19.190524202791188 ], [ -99.117745974733253, 19.190961472933605 ], [ -99.117751478394567, 19.19096211716019 ], [ -99.117326820041939, 19.190527080517647 ] ], [ [ -99.115493689538198, 19.18932548119907 ], [ -99.115427140453562, 19.189276219925379 ], [ -99.115259860283956, 19.189070110584804 ], [ -99.115025489032092, 19.188710149592083 ], [ -99.115024798827903, 19.188718012688277 ], [ -99.115252176922311, 19.189067233189821 ], [ -99.115419457050621, 19.189273342483371 ], [ -99.115486006118857, 19.18932260374585 ], [ -99.115569315828594, 19.18936304256161 ], [ -99.115571314923557, 19.18936316082377 ], [ -99.115493689538198, 19.18932548119907 ] ], [ [ -99.114522260411718, 19.20047922104213 ], [ -99.114759769086334, 19.200549651076631 ], [ -99.115052139325272, 19.200602890721679 ], [ -99.115526743637076, 19.200768331351899 ], [ -99.115524995951247, 19.20076752040184 ], [ -99.115044456000419, 19.200600010684962 ], [ -99.114752085833288, 19.20054677105178 ], [ -99.114519766881997, 19.200477879959202 ], [ -99.114522260411718, 19.20047922104213 ] ], [ [ -99.117442579743582, 19.201656620267197 ], [ -99.117557267685385, 19.201669002300182 ], [ -99.117554294865727, 19.201666630648052 ], [ -99.117436820176621, 19.201653947749637 ], [ -99.117442579743582, 19.201656620267197 ] ], [ [ -99.117690289559349, 19.201788711195139 ], [ -99.117800709848595, 19.201797540050833 ], [ -99.117835304167713, 19.201808936623774 ], [ -99.117833795717829, 19.201808090758256 ], [ -99.117793025847874, 19.201794659743619 ], [ -99.117684528168041, 19.201785984613409 ], [ -99.117690289559349, 19.201788711195139 ] ], [ [ -99.118111028621968, 19.201962121009252 ], [ -99.118238084647601, 19.202007904552378 ], [ -99.118237715206789, 19.202007659974878 ], [ -99.118110472494322, 19.201961809159851 ], [ -99.118111028621968, 19.201962121009252 ] ], [ [ -99.118385199036439, 19.202103090649743 ], [ -99.11857982980726, 19.202164545166656 ], [ -99.118578464392044, 19.202163659925361 ], [ -99.118383887598213, 19.202102222450389 ], [ -99.118385199036439, 19.202103090649743 ] ], [ [ -99.118745139825307, 19.202353550711116 ], [ -99.118896823293156, 19.202394015945014 ], [ -99.118894625353576, 19.202392599113924 ], [ -99.118742991477944, 19.202352147109092 ], [ -99.118745139825307, 19.202353550711116 ] ], [ [ -99.11953035027021, 19.202815340409984 ], [ -99.119633968863582, 19.202836420683763 ], [ -99.120131159136648, 19.202860072085443 ], [ -99.120123635048984, 19.202857199171884 ], [ -99.11962628441178, 19.202833540140709 ], [ -99.119523057182349, 19.202812539485947 ], [ -99.11953035027021, 19.202815340409984 ] ], [ [ -99.119613088739982, 19.206698599708567 ], [ -99.119612178847859, 19.206698600871135 ], [ -99.119863455077763, 19.206805519464698 ], [ -99.119866444127254, 19.2068064029861 ], [ -99.119613088739982, 19.206698599708567 ] ], [ [ -99.119856198645863, 19.215251539963209 ], [ -99.119813619340675, 19.215196650430784 ], [ -99.11979653858171, 19.215144970740397 ], [ -99.119747939588535, 19.214579940172595 ], [ -99.119716339955616, 19.214516720517569 ], [ -99.119633279647914, 19.214480660034504 ], [ -99.119632350647151, 19.214480709698414 ], [ -99.119708655468685, 19.214513837299968 ], [ -99.11974025509376, 19.214577056940556 ], [ -99.119788854074272, 19.215142087379046 ], [ -99.119805934829003, 19.21519376705762 ], [ -99.11984851412366, 19.215248656577529 ], [ -99.11991319421287, 19.215284147029511 ], [ -99.119916664135403, 19.215284717831981 ], [ -99.119856198645863, 19.215251539963209 ] ], [ [ -99.113480179183597, 19.21848546114245 ], [ -99.113956488731574, 19.218545661283219 ], [ -99.114155140215189, 19.218543970678944 ], [ -99.114645619306316, 19.218493459945936 ], [ -99.114746829943186, 19.218452520291493 ], [ -99.115139108740678, 19.218431290962819 ], [ -99.115172819772567, 19.218416910584537 ], [ -99.115197259273003, 19.218390350724789 ], [ -99.115211199829616, 19.218358321103803 ], [ -99.115248939526779, 19.218147980265954 ], [ -99.115413089533291, 19.218188740183813 ], [ -99.115637382380825, 19.218202030120548 ], [ -99.115632414297721, 19.218199306949327 ], [ -99.115405406097352, 19.21818585612036 ], [ -99.115241256131156, 19.218145096211636 ], [ -99.115203516442975, 19.218355437001275 ], [ -99.11518957588973, 19.21838746661491 ], [ -99.115165136395277, 19.218414026468547 ], [ -99.115131425371629, 19.218428406843497 ], [ -99.11473914667036, 19.218449636166849 ], [ -99.114637936058259, 19.218490575811799 ], [ -99.114147457087412, 19.218541086532664 ], [ -99.113948805652541, 19.218542777136307 ], [ -99.113472533266787, 19.218482581690868 ], [ -99.113480179183597, 19.21848546114245 ] ], [ [ -99.116151248903108, 19.21848236989873 ], [ -99.116357318789994, 19.218481550143157 ], [ -99.11680486976438, 19.218425703763266 ], [ -99.116803466490893, 19.218422035952273 ], [ -99.116349635121992, 19.21847866601378 ], [ -99.116145969721146, 19.21847947620396 ], [ -99.116151248903108, 19.21848236989873 ] ], [ [ -99.115931445602783, 19.226165133073838 ], [ -99.115930477961712, 19.226165677964953 ], [ -99.116163399200246, 19.226284663908 ], [ -99.116161845152419, 19.226282830830073 ], [ -99.115931445602783, 19.226165133073838 ] ], [ [ -99.113051264531435, 19.226244583058211 ], [ -99.113043316014654, 19.226119021835522 ], [ -99.113035637781337, 19.226116209120548 ], [ -99.113043581664243, 19.226241697147415 ], [ -99.113203123255701, 19.226388053966602 ], [ -99.113209369278835, 19.226389621773691 ], [ -99.113051264531435, 19.226244583058211 ] ], [ [ -99.11271476938839, 19.225430949836223 ], [ -99.112707084058201, 19.225428068358131 ], [ -99.112686006617778, 19.225484491121996 ], [ -99.112520527022198, 19.225927440626329 ], [ -99.112528233247971, 19.22593026359565 ], [ -99.11271476938839, 19.225430949836223 ] ], [ [ -99.108635909980535, 19.203556150385367 ], [ -99.108791769520053, 19.203514521192535 ], [ -99.108858149016811, 19.203517800232692 ], [ -99.108959809850788, 19.203435470918357 ], [ -99.108952856914314, 19.203431999933787 ], [ -99.108850467208114, 19.203514919521339 ], [ -99.108784087727642, 19.203511640481853 ], [ -99.108628228226323, 19.20355326966498 ], [ -99.108505730944572, 19.203546715464043 ], [ -99.108512369606871, 19.203549540374183 ], [ -99.108635909980535, 19.203556150385367 ] ], [ [ -99.109955290054145, 19.203130770610318 ], [ -99.110027579348142, 19.203096400295145 ], [ -99.11008737001012, 19.20303553971554 ], [ -99.110121509416956, 19.202962510258896 ], [ -99.110137979542401, 19.202793051576791 ], [ -99.110146248589842, 19.202650480452235 ], [ -99.110104019631819, 19.202542490352943 ], [ -99.110002079272277, 19.202414230506506 ], [ -99.110001860075116, 19.202113219604186 ], [ -99.110045948847414, 19.202071309991627 ], [ -99.110280459926614, 19.202051650722741 ], [ -99.110606088731529, 19.2017247201751 ], [ -99.110550219332794, 19.201487880084279 ], [ -99.110306688884222, 19.201371200570154 ], [ -99.110017828597591, 19.201160680304572 ], [ -99.109659140319323, 19.20090888078558 ], [ -99.109890519631719, 19.200538520765992 ], [ -99.110069279201014, 19.200124279874544 ], [ -99.110146219528275, 19.200007680357452 ], [ -99.110438089881001, 19.19973529161355 ], [ -99.109788078004527, 19.199473309552353 ], [ -99.108082578562062, 19.198827020575624 ], [ -99.108078090420463, 19.198791830829162 ], [ -99.107890548575227, 19.198666550261581 ], [ -99.106287470808368, 19.197847259459774 ], [ -99.106285393782812, 19.197847244175357 ], [ -99.107882867010048, 19.198663670660302 ], [ -99.108070408809112, 19.198788951199401 ], [ -99.108074896949574, 19.198824140937798 ], [ -99.10978039597272, 19.199470429768414 ], [ -99.110430407689364, 19.199732411770345 ], [ -99.110138537407934, 19.200004800451524 ], [ -99.110061597099403, 19.200121399941828 ], [ -99.109882837573451, 19.200535640738188 ], [ -99.109651458317373, 19.200906000672688 ], [ -99.110010146507307, 19.201157800134414 ], [ -99.110299006722798, 19.20136832035211 ], [ -99.110542537111456, 19.201484999839785 ], [ -99.110598406496194, 19.201721839876424 ], [ -99.110272777770774, 19.202048770348814 ], [ -99.110038266749086, 19.202068429612936 ], [ -99.109994177987545, 19.202110339215839 ], [ -99.109994397184281, 19.202411350049221 ], [ -99.110096337518641, 19.202539609866395 ], [ -99.110138566466176, 19.202647599941002 ], [ -99.110130297420568, 19.202790171032895 ], [ -99.11011382729896, 19.202959629676169 ], [ -99.110079687900424, 19.203032659116044 ], [ -99.110019897253039, 19.203093519681641 ], [ -99.109947607976736, 19.203127889988863 ], [ -99.109594768293476, 19.203751495186616 ], [ -99.109602029314473, 19.203755119970403 ], [ -99.109955290054145, 19.203130770610318 ] ], [ [ -99.031580548116324, 19.245276349196352 ], [ -99.03155594004032, 19.245207508753634 ], [ -99.031595417080354, 19.244814797752049 ], [ -99.031559179830964, 19.244649459797255 ], [ -99.031551997662206, 19.24464876292226 ], [ -99.031587754183178, 19.244811907484433 ], [ -99.031548277152268, 19.245204618395963 ], [ -99.031572885222118, 19.245273458822933 ], [ -99.031562515465964, 19.245414338761314 ], [ -99.031378506076948, 19.245781197345849 ], [ -99.031387128460139, 19.245782174813897 ], [ -99.031570178357825, 19.245417229167032 ], [ -99.031580548116324, 19.245276349196352 ] ], [ [ -99.031271805785934, 19.244532665645153 ], [ -99.031264583397814, 19.244532927069294 ], [ -99.03127673872018, 19.244619908250382 ], [ -99.031284097421334, 19.244620622254072 ], [ -99.031271805785934, 19.244532665645153 ] ], [ [ -99.030824194941246, 19.244265477055471 ], [ -99.030817103800246, 19.244263463049339 ], [ -99.030997143020997, 19.244539439867118 ], [ -99.031002787012568, 19.244539235575186 ], [ -99.030824194941246, 19.244265477055471 ] ], [ [ -99.030291520194766, 19.244033934336983 ], [ -99.030284970518807, 19.244032773811739 ], [ -99.030347045212892, 19.24412924451261 ], [ -99.03035414579287, 19.244131261199616 ], [ -99.030291520194766, 19.244033934336983 ] ], [ [ -99.030249053078109, 19.243754800398481 ], [ -99.030342840034024, 19.243474113766247 ], [ -99.030363535592016, 19.243339371632462 ], [ -99.03033582954582, 19.243145964801535 ], [ -99.030401954668406, 19.242728441761994 ], [ -99.030513975293644, 19.242446610050486 ], [ -99.030505722600665, 19.242377116465207 ], [ -99.030412529364426, 19.242210355815065 ], [ -99.030508939523884, 19.241861439142699 ], [ -99.030510558278621, 19.24172270163811 ], [ -99.030488054914656, 19.241652757490616 ], [ -99.030436401855795, 19.241572096359057 ], [ -99.030452121956984, 19.241485726159802 ], [ -99.030532790342775, 19.24127709047459 ], [ -99.030546820055065, 19.241265537606804 ], [ -99.030573188517792, 19.241248588440115 ], [ -99.030823537401261, 19.241205122378116 ], [ -99.030915244240106, 19.241178301565839 ], [ -99.030992382045241, 19.241130276341089 ], [ -99.031233698459431, 19.24067110361036 ], [ -99.032137150466511, 19.240281216741362 ], [ -99.032285447591875, 19.240156253001189 ], [ -99.032532248566284, 19.239808800876407 ], [ -99.032524420275848, 19.239806144288032 ], [ -99.032277784531971, 19.240153363802115 ], [ -99.032129487442845, 19.240278327513451 ], [ -99.031226035657113, 19.240668214291912 ], [ -99.030984719301529, 19.241127386917093 ], [ -99.030907581515265, 19.241175412130733 ], [ -99.030815874698916, 19.241202232936747 ], [ -99.030565525876867, 19.241245698988461 ], [ -99.030539157420591, 19.241262648151228 ], [ -99.030525127711741, 19.241274201016342 ], [ -99.030444459345446, 19.241482836653638 ], [ -99.030428739248009, 19.241569206833077 ], [ -99.030480392294052, 19.241649867946215 ], [ -99.03050289565239, 19.241719812077715 ], [ -99.030501276897866, 19.241858549550503 ], [ -99.030404866761586, 19.242207466142776 ], [ -99.030498059974676, 19.242374226754816 ], [ -99.030506312665537, 19.242443720324182 ], [ -99.030394292067385, 19.242725551970953 ], [ -99.030328166960444, 19.243143074914716 ], [ -99.03035587299955, 19.243336481701359 ], [ -99.030335177446446, 19.243471223804232 ], [ -99.030241390513154, 19.243751910372019 ], [ -99.03011495088181, 19.244001115966388 ], [ -99.03012332676704, 19.244002600074388 ], [ -99.030249053078109, 19.243754800398481 ] ], [ [ -99.031891018207119, 19.239561287251604 ], [ -99.031886897611201, 19.23956009072424 ], [ -99.03209938526372, 19.239661616921321 ], [ -99.032104963736387, 19.239663510017397 ], [ -99.031891018207119, 19.239561287251604 ] ], [ [ -99.031560136711548, 19.239362589533119 ], [ -99.031519286318584, 19.239334584485881 ], [ -99.031502636437125, 19.239301372812939 ], [ -99.031525029130478, 19.239129469529168 ], [ -99.031517148469163, 19.239128252482946 ], [ -99.03149497357073, 19.239298483808771 ], [ -99.03151162344804, 19.239331695474121 ], [ -99.031552473830928, 19.239359700514999 ], [ -99.031522247628715, 19.239453540745135 ], [ -99.031530106060245, 19.239455822655017 ], [ -99.031560136711548, 19.239362589533119 ] ], [ [ -99.031220355082169, 19.239004580265263 ], [ -99.031133961854437, 19.238966590531152 ], [ -99.031132598260811, 19.2389664715454 ], [ -99.031212692285536, 19.239001691328756 ], [ -99.031268351151454, 19.239088124032506 ], [ -99.031274794373232, 19.239089119088455 ], [ -99.031220355082169, 19.239004580265263 ] ], [ [ -99.030974299826823, 19.238923032127879 ], [ -99.030972795020986, 19.238923200245178 ], [ -99.031039041575482, 19.238956087604635 ], [ -99.031041278151875, 19.238956282765955 ], [ -99.030974299826823, 19.238923032127879 ] ], [ [ -99.030674257856234, 19.238948431864586 ], [ -99.030671190483758, 19.238948499372778 ], [ -99.03070689725169, 19.238971471731841 ], [ -99.030712347870207, 19.238972937511871 ], [ -99.030674257856234, 19.238948431864586 ] ], [ [ -99.030463600794391, 19.239012927364939 ], [ -99.030350546918584, 19.238946516945106 ], [ -99.030256107354006, 19.238872820496276 ], [ -99.030229338293026, 19.238849627546333 ], [ -99.030165494430406, 19.238811564396791 ], [ -99.030122107416943, 19.238795098673268 ], [ -99.030122053595889, 19.238795097348863 ], [ -99.030157831893135, 19.238808675503147 ], [ -99.030221675740009, 19.238846738644042 ], [ -99.030248444794381, 19.23886993158871 ], [ -99.030342884335667, 19.238943628020767 ], [ -99.030455938183593, 19.23901003842553 ], [ -99.030489527882168, 19.239023673066139 ], [ -99.030489946949899, 19.23902362172571 ], [ -99.030463600794391, 19.239012927364939 ] ], [ [ -99.029679125865286, 19.238847858059362 ], [ -99.029660059581374, 19.238836507618757 ], [ -99.029656919417633, 19.238836310880718 ], [ -99.029671463447414, 19.238844969156766 ], [ -99.029709794473916, 19.238864693180702 ], [ -99.029711651653585, 19.238864594877359 ], [ -99.029679125865286, 19.238847858059362 ] ], [ [ -99.029134283408524, 19.238873125901719 ], [ -99.029125481535118, 19.238860689038436 ], [ -99.029115426972069, 19.23884323544641 ], [ -99.029105754495859, 19.238816223791048 ], [ -99.029091182791618, 19.238796043027818 ], [ -99.029066997740159, 19.238768792900267 ], [ -99.028996334238343, 19.238724077266433 ], [ -99.028969992944553, 19.238713556621757 ], [ -99.028968730089744, 19.238713223648389 ], [ -99.028988671988373, 19.238721188391324 ], [ -99.02905933547278, 19.238765904015008 ], [ -99.029083520518242, 19.238793154136342 ], [ -99.029098092218874, 19.238813334894967 ], [ -99.029107764692668, 19.238840346544151 ], [ -99.029117819253216, 19.238857800132187 ], [ -99.029126621124462, 19.238870236992636 ], [ -99.029168275495437, 19.238888029721974 ], [ -99.02916939365295, 19.238888123296928 ], [ -99.029134283408524, 19.238873125901719 ] ], [ [ -99.028486428375132, 19.238933146221864 ], [ -99.028486080053966, 19.238933191375537 ], [ -99.028564277630551, 19.238964561883073 ], [ -99.028564390594198, 19.238964422310435 ], [ -99.028486428375132, 19.238933146221864 ] ], [ [ -99.026612676934349, 19.240609027465155 ], [ -99.026569017836309, 19.240568227273002 ], [ -99.026511887522787, 19.240539427253186 ], [ -99.026505201689943, 19.240537029875089 ], [ -99.026561356179883, 19.240565337972058 ], [ -99.026605015267137, 19.240606138154913 ], [ -99.02665038645597, 19.240625227919093 ], [ -99.026652003224299, 19.240625573859589 ], [ -99.026612676934349, 19.240609027465155 ] ], [ [ -99.025782197412198, 19.240397916206447 ], [ -99.025720428487361, 19.240359906470307 ], [ -99.025683776239092, 19.240328046812039 ], [ -99.025578828771231, 19.240215546265809 ], [ -99.025509518468752, 19.240166276626312 ], [ -99.025298057642431, 19.24007528603175 ], [ -99.025296751021742, 19.240075131249395 ], [ -99.025501857073166, 19.240163387416114 ], [ -99.025571167358549, 19.240212657044403 ], [ -99.025676114800461, 19.240325157564985 ], [ -99.025712767039693, 19.240357017216002 ], [ -99.025774535949296, 19.240395026943517 ], [ -99.025840366642328, 19.240426127738594 ], [ -99.025846364136171, 19.240428230881886 ], [ -99.025782197412198, 19.240397916206447 ] ], [ [ -99.024843379751488, 19.240231596553453 ], [ -99.024712507401063, 19.240155136390957 ], [ -99.02386957676022, 19.239809876191831 ], [ -99.023868743460724, 19.239809783650248 ], [ -99.024704846201274, 19.240152247182277 ], [ -99.024835718519427, 19.240228707327422 ], [ -99.02499941081453, 19.240319277325508 ], [ -99.025000110188927, 19.240318314594351 ], [ -99.024843379751488, 19.240231596553453 ] ], [ [ -99.021732478097206, 19.239647227039789 ], [ -99.021314597806509, 19.239381146640383 ], [ -99.021171798460088, 19.239323907283815 ], [ -99.021171191098631, 19.239323845356083 ], [ -99.021306937442517, 19.239378257604685 ], [ -99.021724817630172, 19.239644337943645 ], [ -99.02211113685388, 19.239790568026287 ], [ -99.022111295228953, 19.239790617417359 ], [ -99.021732478097206, 19.239647227039789 ] ], [ [ -99.01981133760205, 19.239281176063464 ], [ -99.019749917901194, 19.239249797305298 ], [ -99.019744222703864, 19.239247912086718 ], [ -99.019803677607484, 19.239278287048723 ], [ -99.019899247432335, 19.239366787591237 ], [ -99.019903991958586, 19.239366976792663 ], [ -99.01981133760205, 19.239281176063464 ] ], [ [ -99.090722749410261, 19.218742662596476 ], [ -99.0907209686535, 19.218742395845979 ], [ -99.091287215055473, 19.218993660913853 ], [ -99.091742059872161, 19.21919549104506 ], [ -99.091743469688083, 19.219195594105752 ], [ -99.090722749410261, 19.218742662596476 ] ], [ [ -99.089656936145616, 19.223853997327549 ], [ -99.089495308761244, 19.223716076977752 ], [ -99.089255448674763, 19.223625377044552 ], [ -99.089193277913211, 19.223594746649596 ], [ -99.089139825929465, 19.223546416627286 ], [ -99.08851097912769, 19.222825766312759 ], [ -99.088368489243209, 19.222588645153206 ], [ -99.088409457853487, 19.222356720370897 ], [ -99.088731519036926, 19.222192114107131 ], [ -99.088813658076688, 19.221820227041068 ], [ -99.088806197578236, 19.22177677836039 ], [ -99.088783249716727, 19.221742417841291 ], [ -99.088740708064734, 19.221707847058706 ], [ -99.088734604287907, 19.221706240526657 ], [ -99.088775572810817, 19.221739532932077 ], [ -99.088798520666657, 19.221773893443338 ], [ -99.088805981163205, 19.221817342114072 ], [ -99.088723842143111, 19.222189229094852 ], [ -99.088401781038513, 19.222353835320529 ], [ -99.088360812437955, 19.222585760049665 ], [ -99.088503302287165, 19.222822881155082 ], [ -99.089132148933615, 19.223543531305307 ], [ -99.089185600904187, 19.223591861316613 ], [ -99.089247771650449, 19.223622491704631 ], [ -99.089487631677926, 19.223713191617346 ], [ -99.089649259022451, 19.223851111935744 ], [ -99.089944663044633, 19.224042806927038 ], [ -99.089947602668829, 19.224042618034719 ], [ -99.089656936145616, 19.223853997327549 ] ], [ [ -99.085649937519705, 19.222612418451178 ], [ -99.085647730550065, 19.222612869840468 ], [ -99.08578344182942, 19.222695661385142 ], [ -99.085784997175494, 19.222694812467083 ], [ -99.085649937519705, 19.222612418451178 ] ], [ [ -99.084936418288322, 19.222533016473903 ], [ -99.0849320520513, 19.222532211054421 ], [ -99.08519929367715, 19.222700133080764 ], [ -99.085201620683193, 19.222699657140545 ], [ -99.084936418288322, 19.222533016473903 ] ], [ [ -99.082944007028175, 19.223102474031382 ], [ -99.082630413627356, 19.222840313610682 ], [ -99.082270254371778, 19.222370953955963 ], [ -99.082269888801591, 19.222370477593252 ], [ -99.082269249681332, 19.222370928195556 ], [ -99.082266348795343, 19.222372981610537 ], [ -99.082622738230171, 19.222837428442517 ], [ -99.082936331553654, 19.223099588803546 ], [ -99.083181147406791, 19.223250716455649 ], [ -99.08318459459818, 19.223250991512643 ], [ -99.082944007028175, 19.223102474031382 ] ], [ [ -99.082992703354407, 19.224075314943708 ], [ -99.083230018222451, 19.224145916742277 ], [ -99.083229972295683, 19.224145301107676 ], [ -99.082992360224438, 19.224074610888906 ], [ -99.082992703354407, 19.224075314943708 ] ], [ [ -99.083250066363121, 19.224314653116942 ], [ -99.083397551549879, 19.224309783537667 ], [ -99.083397779102413, 19.224306693905831 ], [ -99.083397784137418, 19.224306636926357 ], [ -99.083249832771983, 19.224311521897548 ], [ -99.083250066363121, 19.224314653116942 ] ], [ [ -99.083390686871113, 19.226289512827282 ], [ -99.083509093693579, 19.226314187471246 ], [ -99.083509352042995, 19.226312954857541 ], [ -99.083390546313836, 19.226288197085374 ], [ -99.083390686871113, 19.226289512827282 ] ], [ [ -99.083414370280906, 19.226805630573278 ], [ -99.083449258657666, 19.226812810958162 ], [ -99.083449503940798, 19.226811555080612 ], [ -99.083414632764374, 19.226804378235574 ], [ -99.083414370280906, 19.226805630573278 ] ], [ [ -99.083781503039404, 19.228674842375494 ], [ -99.083900779371731, 19.228563038410943 ], [ -99.083895004117821, 19.228558373113124 ], [ -99.083894551582901, 19.228558794714651 ], [ -99.083775360915382, 19.228670518382614 ], [ -99.083781503039404, 19.228674842375494 ] ], [ [ -99.084803489709515, 19.229226286410881 ], [ -99.08496032619621, 19.228844032052756 ], [ -99.084952710040753, 19.228840999709874 ], [ -99.084796510819174, 19.229221700879567 ], [ -99.084803489709515, 19.229226286410881 ] ], [ [ -99.085568328824422, 19.229085936326015 ], [ -99.086113815562555, 19.229267527404744 ], [ -99.086111598364312, 19.229266458076115 ], [ -99.085563252363102, 19.229083915152586 ], [ -99.085568328824422, 19.229085936326015 ] ], [ [ -99.086301727170849, 19.229357338511633 ], [ -99.086616650678351, 19.229394226415177 ], [ -99.08661703758726, 19.229392284227682 ], [ -99.086296286653436, 19.229354714641421 ], [ -99.086301727170849, 19.229357338511633 ] ], [ [ -99.086592430002511, 19.229557228483458 ], [ -99.086801661079193, 19.229585365386971 ], [ -99.086802430479011, 19.229585469020705 ], [ -99.086802667827371, 19.229585386626194 ], [ -99.087132656715369, 19.229469895353233 ], [ -99.087437299965032, 19.229430857201358 ], [ -99.087435243932944, 19.229427400216959 ], [ -99.087435161070687, 19.229427260908519 ], [ -99.087124980204095, 19.229467008672081 ], [ -99.086794991396943, 19.229582499918187 ], [ -99.086794753095219, 19.229582582294288 ], [ -99.086793984649006, 19.229582478678964 ], [ -99.086592789784646, 19.229555422465701 ], [ -99.086592430002511, 19.229557228483458 ] ], [ [ -99.087579599333836, 19.229538957584364 ], [ -99.087912186413988, 19.229619501193007 ], [ -99.088528418917065, 19.229671170487318 ], [ -99.088898833692355, 19.229803869376134 ], [ -99.088898259490534, 19.22980352713628 ], [ -99.088520742062954, 19.229668283761796 ], [ -99.087904509711194, 19.229616614478559 ], [ -99.087575942500166, 19.229537044371913 ], [ -99.087579599333836, 19.229538957584364 ] ], [ [ -99.086446851123327, 19.235069227286047 ], [ -99.086125352720813, 19.234916249968421 ], [ -99.086118097243784, 19.234913562263664 ], [ -99.086439174772636, 19.235066339321641 ], [ -99.086845511844729, 19.235256168903117 ], [ -99.086845930110783, 19.235256369044219 ], [ -99.086846523401775, 19.235256190234104 ], [ -99.086846815386437, 19.235256079661529 ], [ -99.086446851123327, 19.235069227286047 ] ], [ [ -99.085628318525735, 19.234205324456656 ], [ -99.084724422212645, 19.233840359995675 ], [ -99.084724304721377, 19.233840524165242 ], [ -99.085620642377151, 19.234202436689081 ], [ -99.085411372625259, 19.234651720222555 ], [ -99.085419066341629, 19.234654570267896 ], [ -99.085628318525735, 19.234205324456656 ] ], [ [ -99.084436465733262, 19.233948644191948 ], [ -99.084434635296162, 19.233949069978301 ], [ -99.084577781243823, 19.234030212775679 ], [ -99.084578649032196, 19.234030399859979 ], [ -99.084578789853566, 19.234030237689055 ], [ -99.084579256497818, 19.234029585650916 ], [ -99.084436465733262, 19.233948644191948 ] ], [ [ -99.084184090629464, 19.233626756683094 ], [ -99.083935485575338, 19.233362193007103 ], [ -99.083848752025332, 19.233298890407557 ], [ -99.0838455552299, 19.233299271787704 ], [ -99.083927809843416, 19.233359305430508 ], [ -99.084176414816767, 19.233623869951838 ], [ -99.084349169066797, 19.233964277443242 ], [ -99.084354723691035, 19.233962985356648 ], [ -99.084184090629464, 19.233626756683094 ] ], [ [ -99.084286411187804, 19.237820909856193 ], [ -99.084402294646367, 19.237823339904661 ], [ -99.084438620511335, 19.237813470273611 ], [ -99.08450850320925, 19.237772875869435 ], [ -99.084594099381036, 19.23770969582063 ], [ -99.084630669257919, 19.23769354868967 ], [ -99.08466624961477, 19.237694175055825 ], [ -99.084701208569655, 19.237704384410673 ], [ -99.084697550348096, 19.237702669164278 ], [ -99.084658573697453, 19.237691286488015 ], [ -99.084622993349328, 19.237690660121963 ], [ -99.084586423481397, 19.237706807249172 ], [ -99.08450082733053, 19.237769987283404 ], [ -99.084430944649711, 19.2378105816782 ], [ -99.084394618793652, 19.237820451306938 ], [ -99.084284633448561, 19.237818144940331 ], [ -99.084286411187804, 19.237820909856193 ] ], [ [ -99.084152625753845, 19.239001904227251 ], [ -99.08420847885202, 19.23898296585158 ], [ -99.084306020401414, 19.238900389060042 ], [ -99.084515870735899, 19.238902838181058 ], [ -99.084508927101723, 19.238899957882182 ], [ -99.084298344570797, 19.238897500215536 ], [ -99.084200803045235, 19.238980076988042 ], [ -99.084153348498646, 19.238996167627072 ], [ -99.084152625753845, 19.239001904227251 ] ], [ [ -99.07657066722156, 19.242021767428465 ], [ -99.076275849726585, 19.241714769901673 ], [ -99.075976934542098, 19.241488426175557 ], [ -99.075838750394581, 19.241354030154898 ], [ -99.075792969749713, 19.241301489690109 ], [ -99.075621318892402, 19.241117845654443 ], [ -99.075486770211583, 19.240875119660942 ], [ -99.075432332602375, 19.240778285629833 ], [ -99.075554177650318, 19.240729969680725 ], [ -99.075479551110746, 19.24050058744383 ], [ -99.075472133721277, 19.24049848594894 ], [ -99.075546503965313, 19.240727080406032 ], [ -99.075424658947199, 19.240775396343917 ], [ -99.075479096542921, 19.240872230352924 ], [ -99.075613645190359, 19.241114956291 ], [ -99.075785296005293, 19.241298600284825 ], [ -99.075831076638835, 19.241351140737642 ], [ -99.075969260752245, 19.241485536727691 ], [ -99.076268175863035, 19.241711880402352 ], [ -99.076562993285208, 19.242018877859209 ], [ -99.076929276071908, 19.242274260161963 ], [ -99.076934017605396, 19.242275105175448 ], [ -99.07657066722156, 19.242021767428465 ] ], [ [ -99.075093630184384, 19.240087770239114 ], [ -99.075090035197817, 19.23986678654591 ], [ -99.075082359945782, 19.23986379406341 ], [ -99.07508595661335, 19.240084881110917 ], [ -99.07534290550403, 19.240461157888845 ], [ -99.075349973660806, 19.240463160439166 ], [ -99.075093630184384, 19.240087770239114 ] ], [ [ -99.075371348879202, 19.239976364397076 ], [ -99.075633844508587, 19.239952941826612 ], [ -99.075628548067286, 19.239949840606108 ], [ -99.075363889699489, 19.23997345615847 ], [ -99.075371348879202, 19.239976364397076 ] ], [ [ -99.075801346958684, 19.240049415303012 ], [ -99.07584940350749, 19.240014987685271 ], [ -99.075861241520897, 19.239953248490941 ], [ -99.075906391098769, 19.239931106971774 ], [ -99.075938556032867, 19.239887312465996 ], [ -99.075938583604795, 19.239887272230106 ], [ -99.076279781178201, 19.23990009069405 ], [ -99.076290082038156, 19.239751712821125 ], [ -99.076200421931816, 19.239601248761478 ], [ -99.076185093606952, 19.239466510890903 ], [ -99.076104337942013, 19.239399766744871 ], [ -99.076083935370619, 19.239295680180252 ], [ -99.075981580626731, 19.23916233455256 ], [ -99.075837214102947, 19.238788769935063 ], [ -99.075830584273319, 19.238788582371281 ], [ -99.075973906839025, 19.239159445637462 ], [ -99.076076261557603, 19.239292791234742 ], [ -99.076096664123838, 19.239396877775551 ], [ -99.076177419768868, 19.239463621906392 ], [ -99.076192748089781, 19.239598359746125 ], [ -99.076282408173896, 19.239748823771436 ], [ -99.076272107316257, 19.239897201610358 ], [ -99.075930909826624, 19.239884383148912 ], [ -99.07593088225471, 19.239884423384797 ], [ -99.075898717328428, 19.239928217880504 ], [ -99.075853567761612, 19.239950359394545 ], [ -99.075841729751033, 19.24001209857472 ], [ -99.075794905296917, 19.240045643522677 ], [ -99.075801346958684, 19.240049415303012 ] ], [ [ -99.075759208497161, 19.238455121490365 ], [ -99.075830014763255, 19.238140969654953 ], [ -99.076128897704081, 19.237521725249007 ], [ -99.076407680077111, 19.2370768298792 ], [ -99.076488162074142, 19.236932913661246 ], [ -99.076948412436678, 19.236153760587325 ], [ -99.077103539998419, 19.235932618376367 ], [ -99.077294734870563, 19.235734479877969 ], [ -99.077395228707218, 19.235534230224886 ], [ -99.077684450872283, 19.234322007940726 ], [ -99.077652029405371, 19.234222647158553 ], [ -99.07764499881452, 19.234063089106574 ], [ -99.077739287330544, 19.233415495927016 ], [ -99.077731079650675, 19.233416272305238 ], [ -99.07763732462567, 19.234060201361554 ], [ -99.077644355214574, 19.234219759376984 ], [ -99.077676776673385, 19.234319120136451 ], [ -99.07738755553099, 19.235531342161046 ], [ -99.077287060765357, 19.235731591749676 ], [ -99.077095865939867, 19.235929730202454 ], [ -99.076940739388789, 19.236150871475417 ], [ -99.076480488165245, 19.236930025257426 ], [ -99.076400006187768, 19.237073941442318 ], [ -99.076376788887799, 19.237110992783432 ], [ -99.076121223882538, 19.237518836709871 ], [ -99.075822341014202, 19.238138080973606 ], [ -99.075751534765047, 19.238452232736961 ], [ -99.075712871658425, 19.238782580364933 ], [ -99.075713878317075, 19.23878260892327 ], [ -99.075720857033645, 19.238782806357385 ], [ -99.075759208497161, 19.238455121490365 ] ], [ [ -99.073839143003582, 19.233895654763575 ], [ -99.073837435286379, 19.233895918638982 ], [ -99.073991174627011, 19.233977138967045 ], [ -99.07399417093211, 19.233977555849638 ], [ -99.073839143003582, 19.233895654763575 ] ], [ [ -99.071644985626136, 19.233711931842329 ], [ -99.071640320617334, 19.233710857712193 ], [ -99.071807731154081, 19.23381180041428 ], [ -99.071812160775593, 19.233812732612147 ], [ -99.071644985626136, 19.233711931842329 ] ], [ [ -99.069785787528673, 19.234217345915699 ], [ -99.069784271778502, 19.234219913669254 ], [ -99.070029539085766, 19.234437255413649 ], [ -99.070031499371822, 19.234435081577985 ], [ -99.069785787528673, 19.234217345915699 ] ], [ [ -99.063130213867723, 19.238979571866597 ], [ -99.063459790135084, 19.239062225400893 ], [ -99.063459704519488, 19.239061238738824 ], [ -99.063130440155533, 19.238978663424131 ], [ -99.063130213867723, 19.238979571866597 ] ], [ [ -99.063479191701518, 19.239200304453828 ], [ -99.063951307555755, 19.239169123388077 ], [ -99.06411840378847, 19.23920087266098 ], [ -99.064118691395393, 19.239199495880676 ], [ -99.063943636721348, 19.239166234456047 ], [ -99.063478898738055, 19.239196928247495 ], [ -99.063479191701518, 19.239200304453828 ] ], [ [ -99.063986458443736, 19.241065114670832 ], [ -99.064356926695467, 19.24105493546838 ], [ -99.064356039008089, 19.241051859724351 ], [ -99.063986386380705, 19.241062016515919 ], [ -99.063986458443736, 19.241065114670832 ] ], [ [ -99.063308090102865, 19.244136196384499 ], [ -99.063568248108098, 19.244208966715956 ], [ -99.063736318658684, 19.244218177036952 ], [ -99.063874228595353, 19.24425774213843 ], [ -99.063873300533558, 19.244256786477216 ], [ -99.063728647869837, 19.244215286948041 ], [ -99.063560577360519, 19.244206076628934 ], [ -99.063308430832123, 19.244135547233437 ], [ -99.063308090102865, 19.244136196384499 ] ], [ [ -99.06425665618687, 19.245559415611194 ], [ -99.064353430272462, 19.245588304927654 ], [ -99.064353039233808, 19.245587587746385 ], [ -99.064256360331598, 19.245558726843765 ], [ -99.06425665618687, 19.245559415611194 ] ], [ [ -99.064096521158234, 19.245856399052442 ], [ -99.064091017399889, 19.245858142458985 ], [ -99.064126874631796, 19.24593481456785 ], [ -99.064131975172586, 19.245932208975564 ], [ -99.064096521158234, 19.245856399052442 ] ], [ [ -99.063363997732893, 19.245988677764363 ], [ -99.063358165688328, 19.245993731888699 ], [ -99.063419176994088, 19.246257354743754 ], [ -99.063425677180348, 19.246255187576992 ], [ -99.063363997732893, 19.245988677764363 ] ], [ [ -99.0627276595376, 19.246281948913619 ], [ -99.062597178498947, 19.246207617530604 ], [ -99.062594201225934, 19.246207400591011 ], [ -99.062719988993408, 19.246279058350652 ], [ -99.062706777409375, 19.246420684683287 ], [ -99.062714646968558, 19.246421441833238 ], [ -99.0627276595376, 19.246281948913619 ] ], [ [ -99.062148948468916, 19.245835576868618 ], [ -99.062204397773982, 19.24551324603026 ], [ -99.062371228453955, 19.244819540060764 ], [ -99.062362885103056, 19.244819447832121 ], [ -99.062196727359378, 19.245510355642693 ], [ -99.062141278067443, 19.245832686407145 ], [ -99.062110507875516, 19.246119824400793 ], [ -99.062118233132438, 19.246122202967157 ], [ -99.062148948468916, 19.245835576868618 ] ], [ [ -99.060079970280427, 19.244706546266656 ], [ -99.060086619445869, 19.244459136970949 ], [ -99.060343054772005, 19.243966888368643 ], [ -99.059675680266736, 19.243254540733325 ], [ -99.057434459841289, 19.240862217495359 ], [ -99.05735637927063, 19.240820907696737 ], [ -99.057353947812388, 19.240820789499832 ], [ -99.057426790604481, 19.240859328167087 ], [ -99.059668010476216, 19.243251650859886 ], [ -99.060335384816625, 19.243963998332887 ], [ -99.060078949552732, 19.244456246822089 ], [ -99.060072300388569, 19.244703656061116 ], [ -99.060132876117578, 19.244883155561766 ], [ -99.06013974723588, 19.244883678817974 ], [ -99.060079970280427, 19.244706546266656 ] ], [ [ -99.057019547997641, 19.240776217672792 ], [ -99.056976148834508, 19.24075581654726 ], [ -99.05697357076744, 19.240755320452426 ], [ -99.057011878862824, 19.24077332836368 ], [ -99.05707634899457, 19.240798677456599 ], [ -99.057077314741974, 19.240798931051849 ], [ -99.057019547997641, 19.240776217672792 ] ], [ [ -99.056796146182364, 19.24071839504925 ], [ -99.056629467890033, 19.240509418977627 ], [ -99.056454197513361, 19.240345778251683 ], [ -99.056451613696069, 19.240347636803691 ], [ -99.056621798851396, 19.240506529729142 ], [ -99.056788477102501, 19.240715505753098 ], [ -99.056825709436595, 19.240739967904879 ], [ -99.056830111079364, 19.240740710449803 ], [ -99.056796146182364, 19.24071839504925 ] ], [ [ -99.055754859647422, 19.241431196410833 ], [ -99.055713548211571, 19.240914476862905 ], [ -99.055492939892076, 19.240439857198442 ], [ -99.055517400048473, 19.240080250374593 ], [ -99.055509665480088, 19.240078328647424 ], [ -99.055485271132568, 19.240436967964424 ], [ -99.055705878424234, 19.240911588407499 ], [ -99.05574719080262, 19.241428307855649 ], [ -99.055768953810869, 19.241495852538083 ], [ -99.055769311415773, 19.241496960304691 ], [ -99.055769963228329, 19.241495886718933 ], [ -99.05577371705769, 19.241489723980596 ], [ -99.055754859647422, 19.241431196410833 ] ], [ [ -99.052673963992532, 19.239729283796851 ], [ -99.052671738326055, 19.239728927709525 ], [ -99.053333631386209, 19.240036984249528 ], [ -99.053335635800309, 19.240037237356045 ], [ -99.052673963992532, 19.239729283796851 ] ], [ [ -99.038593689085886, 19.246110660468396 ], [ -99.038586097588123, 19.246109806584613 ], [ -99.038615711300437, 19.246934660460155 ], [ -99.038623066143614, 19.246928922572383 ], [ -99.038593689085886, 19.246110660468396 ] ], [ [ -99.038359450080691, 19.24550598859393 ], [ -99.038369817812963, 19.245367949484436 ], [ -99.038296080525456, 19.245228376542588 ], [ -99.038266470494221, 19.245046278656606 ], [ -99.038344729249658, 19.244729975177776 ], [ -99.038336279554557, 19.244730258291252 ], [ -99.038258805958293, 19.245043388344705 ], [ -99.038288415981967, 19.245225486189003 ], [ -99.038362153251185, 19.245365059098969 ], [ -99.038351785521243, 19.245503098176808 ], [ -99.038421162395025, 19.246089226397743 ], [ -99.038428583636161, 19.246090061131262 ], [ -99.038359450080691, 19.24550598859393 ] ], [ [ -99.033167975525345, 19.246811210472838 ], [ -99.033167783933109, 19.246811211966961 ], [ -99.033376826101531, 19.246892130074926 ], [ -99.033376853194753, 19.24689206490325 ], [ -99.033167975525345, 19.246811210472838 ] ], [ [ -99.032304727795719, 19.246585946623156 ], [ -99.032298485084354, 19.246584816614842 ], [ -99.032407313068276, 19.246719718463329 ], [ -99.032413699923254, 19.246721027147689 ], [ -99.032304727795719, 19.246585946623156 ] ], [ [ -99.031174715898672, 19.246187768892998 ], [ -99.031203509834498, 19.245969743702481 ], [ -99.031420349787169, 19.246015767197555 ], [ -99.031502255440429, 19.24579724787003 ], [ -99.031493865639902, 19.245796296768518 ], [ -99.031412686931233, 19.246012876654479 ], [ -99.031195847031896, 19.245966853169659 ], [ -99.031167054115556, 19.246184875612045 ], [ -99.031999593638517, 19.246529208098284 ], [ -99.032000791879483, 19.246529425003988 ], [ -99.031174715898672, 19.246187768892998 ] ], [ [ -99.138065200000241, 19.252872751230417 ], [ -99.137973879085337, 19.252830607027708 ], [ -99.137895418585316, 19.252780690226242 ], [ -99.137790048637768, 19.252737429772118 ], [ -99.137788169556146, 19.252736923124797 ], [ -99.137887729586907, 19.252777798273087 ], [ -99.137966190067615, 19.252827715063233 ], [ -99.138057510960053, 19.252869859256414 ], [ -99.138124251417068, 19.252904247787178 ], [ -99.138201540623967, 19.252934188426561 ], [ -99.138202010557123, 19.252934283831387 ], [ -99.13813194047367, 19.252907139768958 ], [ -99.138065200000241, 19.252872751230417 ] ], [ [ -99.13719110893858, 19.252577649597715 ], [ -99.137187879028403, 19.252576633925162 ], [ -99.137257190547899, 19.252605799023996 ], [ -99.13734151123225, 19.252656829284216 ], [ -99.137346290098847, 19.252657960101175 ], [ -99.137264879391424, 19.252608690938608 ], [ -99.13719110893858, 19.252577649597715 ] ], [ [ -99.13689444039629, 19.252455420069559 ], [ -99.136994430041071, 19.252515328163437 ], [ -99.137000453493457, 19.252517222288983 ], [ -99.136901308908463, 19.25245782050791 ], [ -99.13689444039629, 19.252455420069559 ] ], [ [ -99.135442139966813, 19.252018851016111 ], [ -99.135188968558921, 19.25183406095103 ], [ -99.135069200412161, 19.25163911053027 ], [ -99.134928048961086, 19.251560619633146 ], [ -99.134805199144566, 19.251354020987506 ], [ -99.134663289075718, 19.251168690482743 ], [ -99.134580013558917, 19.250950820092303 ], [ -99.134546488981513, 19.250863109771526 ], [ -99.134368368929131, 19.250566320418486 ], [ -99.134322319033103, 19.250525600437651 ], [ -99.134319219888582, 19.250479031092379 ], [ -99.134377460051866, 19.250423679851632 ], [ -99.134374338602726, 19.250374180079639 ], [ -99.134315939469431, 19.250214120905827 ], [ -99.134309604657844, 19.250214938647275 ], [ -99.134366650471335, 19.250371288672572 ], [ -99.134369771919637, 19.250420788433242 ], [ -99.134311531770564, 19.250476139661249 ], [ -99.134314630914261, 19.250522708995863 ], [ -99.134360680798935, 19.25056342896745 ], [ -99.134538800807206, 19.250860218252804 ], [ -99.134572325376254, 19.250947928553558 ], [ -99.134655600872307, 19.251165798894249 ], [ -99.134797510906097, 19.251351129356795 ], [ -99.134920360692192, 19.251557727955323 ], [ -99.135061512108535, 19.251636218834655 ], [ -99.135181280225638, 19.25183116921097 ], [ -99.135434451571186, 19.252015959234097 ], [ -99.135664590645405, 19.252155528172555 ], [ -99.135864020343448, 19.252236877919987 ], [ -99.135865216939877, 19.252237121626791 ], [ -99.13567227909769, 19.252158419986205 ], [ -99.135442139966813, 19.252018851016111 ] ], [ [ -99.133793538708161, 19.250089128999484 ], [ -99.13405288048402, 19.250194798299702 ], [ -99.134054162302974, 19.250195079072647 ], [ -99.133796708940423, 19.250090179573597 ], [ -99.133793538708161, 19.250089128999484 ] ], [ [ -99.133787749770647, 19.248933799854576 ], [ -99.134081342918535, 19.248056213223144 ], [ -99.134096819687684, 19.248009950398917 ], [ -99.13415544926869, 19.247731770849381 ], [ -99.134177714720181, 19.247609221304888 ], [ -99.134169829258653, 19.24760741692678 ], [ -99.13414776119474, 19.247728880046658 ], [ -99.134089131627718, 19.248007059532476 ], [ -99.134073654862291, 19.248053322346099 ], [ -99.133780061785174, 19.248930908776341 ], [ -99.13358962096963, 19.24960178920071 ], [ -99.133409191838112, 19.24997162898644 ], [ -99.133417282168708, 19.249973695405824 ], [ -99.133597309862921, 19.249604680450783 ], [ -99.133787749770647, 19.248933799854576 ] ], [ [ -99.133588096255664, 19.247460849312279 ], [ -99.133689189264288, 19.247536076152375 ], [ -99.133695021118641, 19.247537585717623 ], [ -99.133588780848953, 19.247458528622229 ], [ -99.133588096255664, 19.247460849312279 ] ], [ [ -99.133245509932124, 19.247768020148467 ], [ -99.133199429823463, 19.247668249952564 ], [ -99.133166488915123, 19.247595490639682 ], [ -99.133148920074447, 19.247533119662069 ], [ -99.133151049044827, 19.247462430551661 ], [ -99.133195460412281, 19.247355150091728 ], [ -99.133475629500666, 19.247051369971565 ], [ -99.134118935797744, 19.246413573345546 ], [ -99.134114851777994, 19.24640710966823 ], [ -99.133467941594404, 19.24704847932367 ], [ -99.133187772574317, 19.247352259373965 ], [ -99.133143361217591, 19.247459539809295 ], [ -99.133141232247652, 19.247530228903528 ], [ -99.133158801083923, 19.247592599866895 ], [ -99.133191741984078, 19.247665359163157 ], [ -99.133237822081298, 19.24776512933629 ], [ -99.133316742507063, 19.247839930370493 ], [ -99.13342634129809, 19.247906369802834 ], [ -99.133427308813211, 19.247905186711947 ], [ -99.133324430377343, 19.247842821199679 ], [ -99.133245509932124, 19.247768020148467 ] ], [ [ -99.135573686456709, 19.246889643758003 ], [ -99.135713582770535, 19.246807341439652 ], [ -99.135735927900015, 19.246668500779915 ], [ -99.13557341552125, 19.246466785848597 ], [ -99.135631372238123, 19.246351145783841 ], [ -99.136273089842234, 19.246013938138958 ], [ -99.136548356989607, 19.245993989459379 ], [ -99.136804286078331, 19.246053810966842 ], [ -99.136802093031861, 19.246052205124293 ], [ -99.136540668331207, 19.245991099057346 ], [ -99.136265401251322, 19.246011047732019 ], [ -99.135623683804113, 19.246348255298919 ], [ -99.13556572710128, 19.246463895337143 ], [ -99.135728239439928, 19.246665610222511 ], [ -99.13570589431572, 19.246804450850448 ], [ -99.135565998036085, 19.246886753149788 ], [ -99.134387336696633, 19.24682908761082 ], [ -99.134388976114138, 19.246831682276422 ], [ -99.135573686456709, 19.246889643758003 ] ], [ [ -99.137477034191605, 19.246167052192963 ], [ -99.137165473632422, 19.245819555055132 ], [ -99.136977883432351, 19.245695518518293 ], [ -99.136525095135511, 19.245393183218418 ], [ -99.136518644747525, 19.24539111976603 ], [ -99.136970194669018, 19.245692628185104 ], [ -99.13715778482289, 19.245816664693791 ], [ -99.137469345305178, 19.246164161752507 ], [ -99.137250054894082, 19.246377482382449 ], [ -99.137256136940167, 19.246381935916983 ], [ -99.137477034191605, 19.246167052192963 ] ], [ [ -99.134300221771511, 19.244908931253555 ], [ -99.13414839763216, 19.244816085874753 ], [ -99.134050459021225, 19.244760363541193 ], [ -99.134048478687049, 19.244760720829227 ], [ -99.134140709564036, 19.244813195739212 ], [ -99.134292533666027, 19.244906041096961 ], [ -99.134391091189784, 19.244953936331616 ], [ -99.134576270779775, 19.245041773759642 ], [ -99.134582039275713, 19.245043753373078 ], [ -99.134398779319511, 19.244956826499049 ], [ -99.134300221771511, 19.244908931253555 ] ], [ [ -99.133245539576535, 19.245119283074438 ], [ -99.133365590434863, 19.245209456075962 ], [ -99.133367390474248, 19.245207923809822 ], [ -99.133247172714633, 19.245117625446579 ], [ -99.133245539576535, 19.245119283074438 ] ], [ [ -99.132782121085427, 19.245202377434293 ], [ -99.132985498715897, 19.245372530051075 ], [ -99.13298741140791, 19.245370588677215 ], [ -99.132783860008104, 19.245200290682384 ], [ -99.132782121085427, 19.245202377434293 ] ], [ [ -99.132591829977272, 19.245207079986898 ], [ -99.132553442110819, 19.245160020069825 ], [ -99.132497029421287, 19.245130090861803 ], [ -99.132493356946981, 19.245129330872256 ], [ -99.132545754433409, 19.24515712985356 ], [ -99.132584142290384, 19.24520418975991 ], [ -99.132603631915273, 19.245286940353999 ], [ -99.132574769520744, 19.245486547712311 ], [ -99.132586288236553, 19.245462943253575 ], [ -99.132611319607051, 19.245289830599901 ], [ -99.132591829977272, 19.245207079986898 ] ], [ [ -99.131629400279067, 19.245119110293299 ], [ -99.131272230258219, 19.244795980180026 ], [ -99.130515149031993, 19.244354220360062 ], [ -99.130270749906771, 19.244235050054822 ], [ -99.130267790842296, 19.244234465470392 ], [ -99.130507461855686, 19.244351330325614 ], [ -99.130660467523327, 19.244440610430182 ], [ -99.131264542895593, 19.244793090045444 ], [ -99.131621712828377, 19.245116220085222 ], [ -99.131704991212004, 19.245233230692467 ], [ -99.131732971539208, 19.245247691041442 ], [ -99.131734983588316, 19.245247648194276 ], [ -99.131712678683286, 19.24523612092721 ], [ -99.131629400279067, 19.245119110293299 ] ], [ [ -99.129949249267284, 19.24409095024642 ], [ -99.129902970133571, 19.243984139659823 ], [ -99.129851369802722, 19.243679449998318 ], [ -99.130406708908481, 19.243837650895461 ], [ -99.130406742824576, 19.243836960499046 ], [ -99.129843682790181, 19.243676560117454 ], [ -99.129895283107956, 19.243981249709289 ], [ -99.129941562230144, 19.244088060271505 ], [ -99.129986833303334, 19.24414285113944 ], [ -99.130029191604734, 19.244176620075049 ], [ -99.130036689955318, 19.244179359627971 ], [ -99.129994520351644, 19.244145741126836 ], [ -99.129949249267284, 19.24409095024642 ] ], [ [ -99.130883179979449, 19.24413744989906 ], [ -99.131136219741137, 19.244124430076017 ], [ -99.131211509537124, 19.244134878563454 ], [ -99.131207002435119, 19.244132429924736 ], [ -99.131128532412816, 19.244121540094948 ], [ -99.130875491759653, 19.244134559896551 ], [ -99.130782473458808, 19.244115226856408 ], [ -99.130788539595585, 19.244117779723588 ], [ -99.130883179979449, 19.24413744989906 ] ], [ [ -99.131768780312697, 19.244362749823953 ], [ -99.13204346038502, 19.244408569970144 ], [ -99.132306550346442, 19.24437988959113 ], [ -99.132612379702309, 19.244364910060845 ], [ -99.132862213268197, 19.244279859582299 ], [ -99.133129829784039, 19.244146048665105 ], [ -99.133408942227334, 19.243968399739302 ], [ -99.133637261071826, 19.243762309021637 ], [ -99.133785200092987, 19.243581570254467 ], [ -99.133969581190982, 19.243272570248262 ], [ -99.134006417841931, 19.242859250074723 ], [ -99.134142181332976, 19.242357491261636 ], [ -99.134199825966576, 19.242287350813552 ], [ -99.134220232905292, 19.242217726624318 ], [ -99.134217887573612, 19.242173921725115 ], [ -99.134192473375862, 19.242132313575492 ], [ -99.134130117658614, 19.242092926939453 ], [ -99.134126644372017, 19.242092700310927 ], [ -99.134184784328127, 19.242129424941691 ], [ -99.134210199492145, 19.242171032194275 ], [ -99.134212543850637, 19.242214837970955 ], [ -99.134192136916909, 19.24228446214428 ], [ -99.13413449325077, 19.242354602594318 ], [ -99.13399872979231, 19.242856361292439 ], [ -99.133961893149831, 19.243269681371299 ], [ -99.133777511162165, 19.243578680382875 ], [ -99.133629572177043, 19.2437594191085 ], [ -99.133401253369257, 19.243965510684319 ], [ -99.133122141966695, 19.244143158681606 ], [ -99.133012817832721, 19.244197821621032 ], [ -99.132854524543717, 19.244276970455338 ], [ -99.132604692011569, 19.244362020026607 ], [ -99.132298861758102, 19.244377000440576 ], [ -99.132035772814703, 19.244405680830859 ], [ -99.131761092828867, 19.244359859789142 ], [ -99.131386832266173, 19.244228841754737 ], [ -99.131387859911797, 19.244229400055712 ], [ -99.131768780312697, 19.244362749823953 ] ], [ [ -99.133871520743369, 19.241959499290097 ], [ -99.134030739584574, 19.24152894983914 ], [ -99.134052480179932, 19.241392860263119 ], [ -99.13405885968271, 19.24116284209758 ], [ -99.134081859609935, 19.241045459851232 ], [ -99.134130480443503, 19.240929519780462 ], [ -99.134217150239053, 19.240796649599584 ], [ -99.135163702684025, 19.239743419575593 ], [ -99.135493710116421, 19.239624979801892 ], [ -99.135603170153757, 19.239564539613621 ], [ -99.135683179705978, 19.239492949595494 ], [ -99.1358030732179, 19.23932058641639 ], [ -99.135963921136721, 19.239006411810486 ], [ -99.136106506617594, 19.238727907439383 ], [ -99.136108169221629, 19.23870286391093 ], [ -99.136105784900352, 19.238676130049079 ], [ -99.136095718982858, 19.238650769817351 ], [ -99.136058952263056, 19.238634970437449 ], [ -99.136057624655706, 19.238634815131118 ], [ -99.136088030445691, 19.238647881095112 ], [ -99.136098096360669, 19.238673241321045 ], [ -99.136100480681321, 19.238699975176779 ], [ -99.136098818077684, 19.238725018699494 ], [ -99.135956232631401, 19.239003523006691 ], [ -99.135795383798083, 19.239317697522402 ], [ -99.135675490296308, 19.239490061567565 ], [ -99.135595480763598, 19.239561651569179 ], [ -99.135486021706512, 19.239622091761603 ], [ -99.135156013401499, 19.239740531489712 ], [ -99.134209462159689, 19.240793760383927 ], [ -99.134122791431707, 19.240926630516203 ], [ -99.134074171544341, 19.241042571484062 ], [ -99.134051171622602, 19.241159953703505 ], [ -99.134044792140116, 19.241389970910816 ], [ -99.134023051549917, 19.241526060455666 ], [ -99.133863832747153, 19.241956609807893 ], [ -99.133912362390362, 19.242020091693316 ], [ -99.133923942302374, 19.242077030301754 ], [ -99.13393113869455, 19.242077502471012 ], [ -99.133920050417629, 19.242022980284386 ], [ -99.133871520743369, 19.241959499290097 ] ], [ [ -99.13599656293799, 19.238217410669591 ], [ -99.135984846952582, 19.238198490619286 ], [ -99.135932701953877, 19.238157949566645 ], [ -99.135925877857588, 19.238155733000252 ], [ -99.135977158443239, 19.238195602000406 ], [ -99.135988874425749, 19.238214522046398 ], [ -99.13598987462241, 19.238238990935191 ], [ -99.135920516070669, 19.238620971887205 ], [ -99.135928634357654, 19.238621493599751 ], [ -99.135997563134936, 19.238241879563986 ], [ -99.13599656293799, 19.238217410669591 ] ], [ [ -99.135137246745472, 19.237977285141149 ], [ -99.135116078195523, 19.237957826884589 ], [ -99.135096763956312, 19.237922222856 ], [ -99.135083435733421, 19.237907947046775 ], [ -99.135055373479815, 19.237892312607183 ], [ -99.13504428522468, 19.237879517105039 ], [ -99.135035664663349, 19.237857420440346 ], [ -99.135178640747242, 19.237287146728423 ], [ -99.135182903349033, 19.237270145211454 ], [ -99.13519261859922, 19.237231396545788 ], [ -99.135213622403484, 19.237147619773289 ], [ -99.135337935924397, 19.236651783338825 ], [ -99.135365663498732, 19.236593340561043 ], [ -99.135438342982056, 19.236413498626369 ], [ -99.135440360825172, 19.236390843751614 ], [ -99.135444492856493, 19.236344445023736 ], [ -99.135448253774811, 19.236302222198169 ], [ -99.135371376885018, 19.236249705730291 ], [ -99.135366246592355, 19.236248565031907 ], [ -99.135440565399676, 19.236299334012582 ], [ -99.135436804482225, 19.236341556828478 ], [ -99.135432672451856, 19.236387955545734 ], [ -99.135430654609209, 19.236410610415305 ], [ -99.135357975143449, 19.236590452308725 ], [ -99.135330247575851, 19.236648895073102 ], [ -99.135205934084723, 19.237144731393936 ], [ -99.135184930285519, 19.23722850814724 ], [ -99.135175215037648, 19.237267256804031 ], [ -99.13517095243688, 19.237284258317107 ], [ -99.135027976387278, 19.237854531898339 ], [ -99.135036596946463, 19.237876628557988 ], [ -99.13504768519887, 19.237889424057226 ], [ -99.135075747445555, 19.237905058493268 ], [ -99.135089075665164, 19.237919334299239 ], [ -99.135108389899585, 19.237954938319707 ], [ -99.135129558444319, 19.237974396571833 ], [ -99.135162359147657, 19.237998750448924 ], [ -99.135347473919055, 19.238093233296681 ], [ -99.135348805036287, 19.238092877149739 ], [ -99.135170047456882, 19.238001639023771 ], [ -99.135137246745472, 19.237977285141149 ] ], [ [ -99.134313840256979, 19.235743169066232 ], [ -99.134363898680007, 19.23565767908444 ], [ -99.134377235460079, 19.235651540498203 ], [ -99.134463894210541, 19.235611651315782 ], [ -99.134684990605606, 19.235509880817041 ], [ -99.134730812306458, 19.235472476175069 ], [ -99.134743535424874, 19.235462090427198 ], [ -99.134773442424915, 19.235408004413603 ], [ -99.134778981668248, 19.235360647653945 ], [ -99.13476542026531, 19.235321830612833 ], [ -99.134754701781546, 19.235291150732596 ], [ -99.134747588813198, 19.235289909293041 ], [ -99.134757732059001, 19.235318942650768 ], [ -99.134771293458556, 19.235357759683005 ], [ -99.134765754216531, 19.235405116431828 ], [ -99.134735847223737, 19.23545920243301 ], [ -99.134723124108433, 19.235469588178486 ], [ -99.134677302418766, 19.23550699281185 ], [ -99.1344562060778, 19.235608763287015 ], [ -99.134369547348541, 19.235648652460199 ], [ -99.134356210571724, 19.235654791045015 ], [ -99.134306152160875, 19.235740281007185 ], [ -99.134301237939809, 19.235748673194536 ], [ -99.134184314834187, 19.236020050777679 ], [ -99.134192393654857, 19.236022031963913 ], [ -99.134308926034748, 19.235751561255512 ], [ -99.134313840256979, 19.235743169066232 ] ], [ [ -99.133986508610292, 19.235074320880717 ], [ -99.133998919756195, 19.234984519634217 ], [ -99.134036230258616, 19.234851749974979 ], [ -99.134034580226, 19.23481801961659 ], [ -99.134040690224268, 19.234732849764306 ], [ -99.134063029614808, 19.234661090367208 ], [ -99.134085369872892, 19.234584030070423 ], [ -99.134093630299461, 19.234419320241479 ], [ -99.134197349988511, 19.234217600168819 ], [ -99.134245719753892, 19.234087179546666 ], [ -99.134249047033336, 19.234074740117659 ], [ -99.134286140457036, 19.233936080246593 ], [ -99.134303820217255, 19.233810280162967 ], [ -99.134311340406299, 19.233636220260504 ], [ -99.134303219713729, 19.233582539667815 ], [ -99.134285420268313, 19.23353500003142 ], [ -99.134251449835617, 19.233499750237389 ], [ -99.134243777292355, 19.233496878811234 ], [ -99.13427773218217, 19.233532112477697 ], [ -99.134295531623167, 19.233579652103241 ], [ -99.134303652313676, 19.233633332683649 ], [ -99.134296132126224, 19.233807392546268 ], [ -99.134278452370197, 19.233933192601089 ], [ -99.134241358955393, 19.234071852440366 ], [ -99.134238031676745, 19.234084291866523 ], [ -99.134189661923045, 19.234214712458769 ], [ -99.134085942259162, 19.234416432485133 ], [ -99.134077681834398, 19.234581142276376 ], [ -99.134055341581686, 19.234658202555497 ], [ -99.134033002196531, 19.234729961936139 ], [ -99.134026892199643, 19.234815131768926 ], [ -99.134028542231803, 19.234848862119598 ], [ -99.133991231738364, 19.234981631748411 ], [ -99.133978820595374, 19.235071432974333 ], [ -99.133978512342395, 19.235073662188817 ], [ -99.133965661725597, 19.235151891986561 ], [ -99.133973596636451, 19.235153276881299 ], [ -99.133986200357242, 19.235076550095709 ], [ -99.133986508610292, 19.235074320880717 ] ], [ [ -99.133349290826956, 19.233296824319609 ], [ -99.133345749189274, 19.233296371575747 ], [ -99.133390960223139, 19.233322920552304 ], [ -99.133436451837539, 19.233351852614586 ], [ -99.133439849342111, 19.233352011506668 ], [ -99.133398648091486, 19.233325808059238 ], [ -99.133349290826956, 19.233296824319609 ] ], [ [ -99.132422518767072, 19.233533807129284 ], [ -99.132423089671306, 19.233518649984617 ], [ -99.13246221990363, 19.233442620127878 ], [ -99.132456580092267, 19.233395769659101 ], [ -99.132448149590857, 19.23335819963388 ], [ -99.132448110186743, 19.233304480372976 ], [ -99.132473250257448, 19.233240710030266 ], [ -99.132501179930173, 19.233179580163718 ], [ -99.132579579727533, 19.233195459901058 ], [ -99.132616249788214, 19.233174350255236 ], [ -99.132616247855808, 19.233172946849496 ], [ -99.132616224398049, 19.23314723820631 ], [ -99.132616199931519, 19.233121939955392 ], [ -99.132584029757993, 19.233085970207114 ], [ -99.13257854980769, 19.233085553197391 ], [ -99.132608511282868, 19.23311905338165 ], [ -99.132608535768398, 19.233144350721155 ], [ -99.132608559226213, 19.233170059358507 ], [ -99.132608562111983, 19.233171462782011 ], [ -99.132571892060284, 19.233192572422951 ], [ -99.132493492282165, 19.233176692689145 ], [ -99.132465562616204, 19.233237822541675 ], [ -99.132440422551582, 19.233301592869758 ], [ -99.132440461955596, 19.23335531211837 ], [ -99.132448892454903, 19.233392882135 ], [ -99.132454532264816, 19.233439732593066 ], [ -99.132415402041985, 19.233515762432354 ], [ -99.132414831137879, 19.233530919573553 ], [ -99.132412661979387, 19.233588512550195 ], [ -99.132454662346262, 19.233615052038463 ], [ -99.132458452669383, 19.233615476949932 ], [ -99.13242034960814, 19.23359140011911 ], [ -99.132422518767072, 19.233533807129284 ] ], [ [ -99.132483430063459, 19.23304377035976 ], [ -99.132481481359974, 19.233024201242973 ], [ -99.132475950123691, 19.23296865994681 ], [ -99.132489340253898, 19.232874620410005 ], [ -99.132559259770147, 19.232604369946664 ], [ -99.132677150252988, 19.232301419588271 ], [ -99.132771449719769, 19.232143200406103 ], [ -99.132796082928792, 19.232069553420239 ], [ -99.132799069721614, 19.232023586227392 ], [ -99.132796950490686, 19.231980398558278 ], [ -99.132787566586146, 19.231946660933549 ], [ -99.132741553812835, 19.231926611023837 ], [ -99.132739810967507, 19.231926315600184 ], [ -99.132779877897065, 19.231943774629002 ], [ -99.132789261799275, 19.231977512246022 ], [ -99.132791381048662, 19.232020698999676 ], [ -99.132788395209957, 19.232066666200087 ], [ -99.132763761053425, 19.232140313150975 ], [ -99.132669462543944, 19.23229853322049 ], [ -99.132551572089611, 19.232601483509427 ], [ -99.132481651655766, 19.23287173298711 ], [ -99.132468262463092, 19.232965773426095 ], [ -99.132473793717011, 19.233021313803938 ], [ -99.132475742400928, 19.2330408838219 ], [ -99.132499894591433, 19.233056974404974 ], [ -99.132534282597206, 19.233079883044923 ], [ -99.132538070048142, 19.233080171264831 ], [ -99.132507583213354, 19.233059860964655 ], [ -99.132483430063459, 19.23304377035976 ] ], [ [ -99.130539182446938, 19.23224812207485 ], [ -99.130549690732579, 19.232168922352159 ], [ -99.130541769000999, 19.232167802985202 ], [ -99.13053149528146, 19.232245234811067 ], [ -99.130525972468092, 19.232286857602215 ], [ -99.130523046085784, 19.232308912495405 ], [ -99.130531024844913, 19.232309602142053 ], [ -99.130533659632292, 19.232289744875533 ], [ -99.130539182446938, 19.23224812207485 ] ], [ [ -99.129394622676827, 19.231483518435596 ], [ -99.129260204136983, 19.231984912632196 ], [ -99.129268356180447, 19.231986064633531 ], [ -99.129402780760998, 19.231484647910005 ], [ -99.129394622676827, 19.231483518435596 ] ], [ [ -99.128364009406098, 19.23132252260206 ], [ -99.128454202181828, 19.2313723141419 ], [ -99.12845671502329, 19.231372344969408 ], [ -99.128371279674852, 19.23132517980082 ], [ -99.128364009406098, 19.23132252260206 ] ], [ [ -99.127810363212845, 19.231127420369138 ], [ -99.12786227927775, 19.231064860662631 ], [ -99.128075359472746, 19.231086370780687 ], [ -99.128111629945565, 19.231082320663862 ], [ -99.128176859878948, 19.231066221027966 ], [ -99.128278379895178, 19.231081060611913 ], [ -99.128439058671148, 19.231014979653484 ], [ -99.128396212001974, 19.230969254225556 ], [ -99.128385319591573, 19.230957630758201 ], [ -99.128379545784071, 19.230956784996785 ], [ -99.128388525363874, 19.230966367251867 ], [ -99.128431372022476, 19.231012092669378 ], [ -99.128270693285828, 19.231078173612485 ], [ -99.128169173294523, 19.231063334031806 ], [ -99.128103943377127, 19.23107943366395 ], [ -99.12806767291319, 19.231083483779795 ], [ -99.127854591797984, 19.231061974553896 ], [ -99.127802676718233, 19.231124533358532 ], [ -99.127647763279086, 19.231130002606402 ], [ -99.127715482840216, 19.231200514410059 ], [ -99.127721060465802, 19.231201204740888 ], [ -99.127655449735684, 19.231132889618454 ], [ -99.127810363212845, 19.231127420369138 ] ], [ [ -99.125985097862298, 19.230171983780682 ], [ -99.125858990921913, 19.230084418014258 ], [ -99.125855992137062, 19.230084785944801 ], [ -99.125977411816748, 19.230169096986529 ], [ -99.126295361668269, 19.230389873491536 ], [ -99.126727505918367, 19.230581092594868 ], [ -99.126730617106972, 19.230581955076619 ], [ -99.126303047792106, 19.230392760335832 ], [ -99.125985097862298, 19.230171983780682 ] ], [ [ -99.125076042565553, 19.230289934795636 ], [ -99.12513902433578, 19.230593732793963 ], [ -99.125146181838389, 19.230594071203189 ], [ -99.125083105706807, 19.230289818051805 ], [ -99.125076042565553, 19.230289934795636 ] ], [ [ -99.124601481364195, 19.229576286016094 ], [ -99.124608287147083, 19.230294652278957 ], [ -99.124615944308204, 19.230294525716815 ], [ -99.124609147172819, 19.229577072332916 ], [ -99.124601481364195, 19.229576286016094 ] ], [ [ -99.123475783862176, 19.229155751800871 ], [ -99.123322147748667, 19.229033131598566 ], [ -99.123254235079344, 19.228755551507113 ], [ -99.123253377093377, 19.228477970010371 ], [ -99.123286529036292, 19.228383736574287 ], [ -99.123549520207391, 19.228247579785933 ], [ -99.123709048824921, 19.228197891290911 ], [ -99.124316420235303, 19.228377720642548 ], [ -99.124397644132301, 19.228314727636118 ], [ -99.124396650028501, 19.227755511027976 ], [ -99.124369969747761, 19.227686090423568 ], [ -99.12437090484454, 19.227674279773282 ], [ -99.124371539410973, 19.227666268510436 ], [ -99.124382120226713, 19.227532689581334 ], [ -99.124406569081486, 19.227418119533564 ], [ -99.124391858977944, 19.227009659764505 ], [ -99.124338628586557, 19.226918430304927 ], [ -99.124238320229978, 19.226809769939852 ], [ -99.124078453420992, 19.226709683381245 ], [ -99.123799580393339, 19.226535090319469 ], [ -99.123650169158594, 19.226403170779019 ], [ -99.123457769335502, 19.226199437767686 ], [ -99.123296049515517, 19.226018971228765 ], [ -99.123115709985726, 19.225805849815828 ], [ -99.122713819674203, 19.225596710266345 ], [ -99.12264070996055, 19.225527421084212 ], [ -99.122452779787309, 19.225281089766266 ], [ -99.122373709021943, 19.225131230690959 ], [ -99.122316178842624, 19.225012030951667 ], [ -99.122269449301996, 19.224892819659196 ], [ -99.122240629897064, 19.2247599506412 ], [ -99.122229738474275, 19.224586212359899 ], [ -99.122253940280771, 19.224408636765709 ], [ -99.122296570509533, 19.224283964521018 ], [ -99.122827154211166, 19.224395938469844 ], [ -99.122928584225974, 19.224259713922425 ], [ -99.123067805547308, 19.224025304211633 ], [ -99.123270104221405, 19.223459183327936 ], [ -99.123460333619605, 19.223058948395725 ], [ -99.123543815466434, 19.223089251244321 ], [ -99.123665869650722, 19.222575592081977 ], [ -99.123671244459047, 19.222507681239161 ], [ -99.123845843634143, 19.222506173606266 ], [ -99.123844244683752, 19.222503236008016 ], [ -99.123663558991382, 19.222504796196706 ], [ -99.123658184184279, 19.222572707023975 ], [ -99.123536130029251, 19.223086366068571 ], [ -99.123452648202957, 19.223056063226814 ], [ -99.123262418850871, 19.223456298067177 ], [ -99.123060120225659, 19.224022418821022 ], [ -99.122920898938176, 19.224256828477987 ], [ -99.122819468948066, 19.224393052994106 ], [ -99.122288885376733, 19.22428107907027 ], [ -99.122246255158274, 19.224405751286366 ], [ -99.122222053357476, 19.22458332683988 ], [ -99.122232944777366, 19.224757065081413 ], [ -99.122261764175036, 19.224889934069033 ], [ -99.12230849370404, 19.225009145334266 ], [ -99.122366023869091, 19.22512834504634 ], [ -99.122445094614861, 19.225278204087441 ], [ -99.122633024741674, 19.225524535349212 ], [ -99.122706134437294, 19.225593824515574 ], [ -99.123108024649937, 19.22580296401766 ], [ -99.12328836413522, 19.226016085382035 ], [ -99.123450083915273, 19.226196551879834 ], [ -99.123642483690915, 19.226400284844765 ], [ -99.123791894888811, 19.226532204355191 ], [ -99.124070767847826, 19.226706797377332 ], [ -99.124230634617462, 19.226806883913227 ], [ -99.124330942949271, 19.226915544253547 ], [ -99.124384173327499, 19.227006773692302 ], [ -99.124398883426863, 19.227415233367878 ], [ -99.124374434577945, 19.227529803389391 ], [ -99.124363852811229, 19.227663382269739 ], [ -99.124363218244937, 19.227671393530755 ], [ -99.124362284101778, 19.227683204196499 ], [ -99.124388964375868, 19.227752624785055 ], [ -99.124389958478673, 19.228311841265171 ], [ -99.124308734601513, 19.228374834257089 ], [ -99.123701363340373, 19.228195004945885 ], [ -99.123541834761923, 19.228244693429332 ], [ -99.123278843655129, 19.228380850186198 ], [ -99.123245691720243, 19.228475083600678 ], [ -99.123246549705627, 19.228752665033877 ], [ -99.123314462357911, 19.229030245061864 ], [ -99.123468098433548, 19.229152865236287 ], [ -99.123732309385815, 19.229290179708183 ], [ -99.123869523228137, 19.229499107440581 ], [ -99.123875731148402, 19.229499744215186 ], [ -99.123739994879429, 19.229293066303878 ], [ -99.123475783862176, 19.229155751800871 ] ], [ [ -99.124090554868047, 19.222566292188173 ], [ -99.124133013398506, 19.222564118584625 ], [ -99.124137465367326, 19.222491390302402 ], [ -99.12416411093821, 19.222487043355514 ], [ -99.124159725299322, 19.22248361996601 ], [ -99.124129779785306, 19.222488505264245 ], [ -99.124125327817467, 19.222561233529799 ], [ -99.124082869297439, 19.22256340713281 ], [ -99.124003825683133, 19.222646664803566 ], [ -99.124008973955412, 19.222652222427193 ], [ -99.124090554868047, 19.222566292188173 ] ], [ [ -99.143695348942003, 19.229797019622783 ], [ -99.143661818577641, 19.229577381169737 ], [ -99.14335363882843, 19.229329666426857 ], [ -99.143352329310588, 19.229331908720177 ], [ -99.14365412819717, 19.229574494533168 ], [ -99.143687658553006, 19.229794132935986 ], [ -99.143902078422016, 19.230039053125015 ], [ -99.14413485827771, 19.230237173230709 ], [ -99.144354029837601, 19.230333854034644 ], [ -99.144356160269197, 19.230334288167285 ], [ -99.144142548776969, 19.230240060018343 ], [ -99.143909768863935, 19.230041939867593 ], [ -99.143695348942003, 19.229797019622783 ] ], [ [ -99.140979271028741, 19.236012695519836 ], [ -99.14093657415718, 19.235994778314133 ], [ -99.140934479651406, 19.235994238167407 ], [ -99.140971581297435, 19.236009807407335 ], [ -99.141008260510475, 19.236061213648927 ], [ -99.141005173866986, 19.236391945129697 ], [ -99.141041921993335, 19.236431257774942 ], [ -99.141047781580824, 19.236432188101841 ], [ -99.141012863607045, 19.236394833329602 ], [ -99.141015950250832, 19.236064101773145 ], [ -99.140979271028741, 19.236012695519836 ] ], [ [ -99.137913843250757, 19.238729459748217 ], [ -99.138395426126749, 19.238787985057247 ], [ -99.138395790083052, 19.238786074970214 ], [ -99.137906154267554, 19.238726571010229 ], [ -99.137637135230534, 19.238641502883112 ], [ -99.137190211745946, 19.238559928294624 ], [ -99.137188362545956, 19.238561076073186 ], [ -99.137644824147628, 19.238644391601969 ], [ -99.137913843250757, 19.238729459748217 ] ], [ [ -99.085349437485604, 19.298717254260609 ], [ -99.085343850522946, 19.298716866947373 ], [ -99.08850009088971, 19.30251669123566 ], [ -99.088502693962724, 19.302513486144026 ], [ -99.085349437485604, 19.298717254260609 ] ], [ [ -99.099284090006137, 19.277059932654584 ], [ -99.098761410278911, 19.277735882534305 ], [ -99.097222230611322, 19.277301422174752 ], [ -99.096858291074071, 19.277179822536151 ], [ -99.094176725269293, 19.276410678013644 ], [ -99.09417650982806, 19.276411311295167 ], [ -99.096865970043524, 19.277182720128177 ], [ -99.097229909670261, 19.277304319794101 ], [ -99.098769089716214, 19.277738780250932 ], [ -99.099291769570627, 19.277062830215794 ], [ -99.101055400351058, 19.275592689920831 ], [ -99.102180551272653, 19.27465550399905 ], [ -99.102179719547195, 19.27464690254979 ], [ -99.101047720356078, 19.275589792698508 ], [ -99.099284090006137, 19.277059932654584 ] ], [ [ -99.091785256412066, 19.26884588217963 ], [ -99.091644455715141, 19.268948892854805 ], [ -99.0908762813404, 19.268772696879648 ], [ -99.090875908319305, 19.268773746012211 ], [ -99.091652133392571, 19.268951788570128 ], [ -99.091792934123902, 19.268848777871185 ], [ -99.091908861249649, 19.268857860968954 ], [ -99.091979833528754, 19.268863421546754 ], [ -99.091980009986344, 19.2688611412188 ], [ -99.091901183509364, 19.268854965275484 ], [ -99.091785256412066, 19.26884588217963 ] ], [ [ -99.090077330765652, 19.264451012223766 ], [ -99.088108073135018, 19.263940765531483 ], [ -99.085036064166061, 19.263144765716532 ], [ -99.083409924515848, 19.262723386010684 ], [ -99.0827236040777, 19.262562276023157 ], [ -99.080990905179988, 19.262135215512934 ], [ -99.079695344690961, 19.261782284772337 ], [ -99.078080526244506, 19.261331521341319 ], [ -99.075552631040011, 19.260733960348109 ], [ -99.074987451897002, 19.260596529880996 ], [ -99.074950495336537, 19.260695100200138 ], [ -99.074832648290453, 19.260653357346563 ], [ -99.072461391721447, 19.259813411603279 ], [ -99.072117975795209, 19.259705954627304 ], [ -99.071783370626306, 19.259649033367722 ], [ -99.070412297321454, 19.2596516862165 ], [ -99.06972372786754, 19.25968364597697 ], [ -99.068794513855053, 19.25973478312866 ], [ -99.068154847396116, 19.25977867239067 ], [ -99.067966188166665, 19.259768356189483 ], [ -99.067586336848336, 19.259688505030308 ], [ -99.06759278029746, 19.259691140446694 ], [ -99.067973860018611, 19.259771249835026 ], [ -99.06816251929439, 19.25978156603832 ], [ -99.0688021859103, 19.259737676765397 ], [ -99.069731400150815, 19.259686539600747 ], [ -99.070419969773695, 19.259654579832034 ], [ -99.071791043415118, 19.259651926980805 ], [ -99.072125648666258, 19.259708848252966 ], [ -99.072469064676937, 19.259816305253079 ], [ -99.074840321829257, 19.260656251185512 ], [ -99.074958168904331, 19.260697994048485 ], [ -99.074995125473706, 19.260599423706726 ], [ -99.075560304755669, 19.260736854204545 ], [ -99.078088200581533, 19.261334415331174 ], [ -99.079703019425011, 19.261785178863224 ], [ -99.08099858023256, 19.262138109682876 ], [ -99.082731279556185, 19.262565170288543 ], [ -99.083417600163017, 19.26272628031202 ], [ -99.085043740212953, 19.26314766011215 ], [ -99.088115749937046, 19.263943660105177 ], [ -99.09008500805173, 19.264453906911605 ], [ -99.090746599743937, 19.264625319551119 ], [ -99.09302613369681, 19.265215898739562 ], [ -99.093026372251813, 19.265215054896139 ], [ -99.09073892229523, 19.264622424824928 ], [ -99.090077330765652, 19.264451012223766 ] ], [ [ -99.066264773179043, 19.259280342997123 ], [ -99.066133596415284, 19.259254248598403 ], [ -99.065770214788003, 19.260768526847929 ], [ -99.065728497657972, 19.260792974240566 ], [ -99.065605404235185, 19.260815697053911 ], [ -99.065290339044154, 19.261961041194997 ], [ -99.065298259970021, 19.261963027521642 ], [ -99.065613075509162, 19.260818590942492 ], [ -99.065736168962118, 19.260795868123783 ], [ -99.065777886102353, 19.260771420725487 ], [ -99.06614126781659, 19.259257142128682 ], [ -99.066272444612594, 19.2592832365332 ], [ -99.066364017392942, 19.259301520685209 ], [ -99.067158960057824, 19.259473957462255 ], [ -99.067155588127122, 19.259471996567324 ], [ -99.066356345936882, 19.259298627145068 ], [ -99.066264773179043, 19.259280342997123 ] ], [ [ -99.065423260230901, 19.261995344222939 ], [ -99.065415320329663, 19.261993353137896 ], [ -99.065379761683829, 19.262112874539874 ], [ -99.065387599301786, 19.262115209422969 ], [ -99.065423260230901, 19.261995344222939 ] ], [ [ -99.064885995224685, 19.264476012363172 ], [ -99.065089353737889, 19.263913641198695 ], [ -99.065644443028518, 19.262192333899627 ], [ -99.06563659260479, 19.262189995201652 ], [ -99.065081682587817, 19.263910746600608 ], [ -99.064878649218898, 19.26447221861206 ], [ -99.064885995224685, 19.264476012363172 ] ], [ [ -99.063847209370721, 19.264066933375766 ], [ -99.064477707463666, 19.264266224260993 ], [ -99.064475361633825, 19.264265012787032 ], [ -99.063847299333361, 19.264066491814646 ], [ -99.063847209370721, 19.264066933375766 ] ], [ [ -99.063633157137389, 19.263949380990553 ], [ -99.063846772097051, 19.264028534401923 ], [ -99.063846781995522, 19.264028485817501 ], [ -99.063633165784381, 19.263949331940761 ], [ -99.063633157137389, 19.263949380990553 ] ], [ [ -99.062522403246106, 19.263444470494612 ], [ -99.062523759368332, 19.263445306603707 ], [ -99.063167814136449, 19.263655257409088 ], [ -99.063359775490724, 19.263673406550634 ], [ -99.063352938002694, 19.263670590784287 ], [ -99.063160143458504, 19.263652362867564 ], [ -99.062522403246106, 19.263444470494612 ] ], [ [ -99.061003709455804, 19.26318038647295 ], [ -99.060783309704235, 19.263638955665044 ], [ -99.060604789299958, 19.263641255617294 ], [ -99.060514178717625, 19.263785985153056 ], [ -99.060461838937059, 19.263813105582681 ], [ -99.060085710154766, 19.263727425260367 ], [ -99.05987832940491, 19.263684595961031 ], [ -99.05966886985766, 19.263684676031982 ], [ -99.059456928345, 19.263626309897482 ], [ -99.059456673672813, 19.263627022142757 ], [ -99.059676539678534, 19.263687570585681 ], [ -99.059885999277199, 19.263687490514421 ], [ -99.060093380078044, 19.263730319823281 ], [ -99.060469508952806, 19.263816000164709 ], [ -99.060521848746177, 19.263788879728803 ], [ -99.060612459350537, 19.263644150159763 ], [ -99.060790979798639, 19.263641850206749 ], [ -99.061011379603627, 19.263183280909335 ], [ -99.061166760951608, 19.262744699653851 ], [ -99.061423864751205, 19.262769007825099 ], [ -99.061419709277686, 19.262766445792568 ], [ -99.061159090766282, 19.262741805318129 ], [ -99.061003709455804, 19.26318038647295 ] ], [ [ -99.059024610255989, 19.263657795895551 ], [ -99.05882858026294, 19.263658025830857 ], [ -99.058429891876301, 19.263530895293609 ], [ -99.058429689981949, 19.263531279841835 ], [ -99.058836249877473, 19.263660920379593 ], [ -99.05903227991864, 19.26366069044397 ], [ -99.059350059108638, 19.263593511323247 ], [ -99.059458908611077, 19.263596426974843 ], [ -99.059459861007028, 19.263593763395708 ], [ -99.059342389368055, 19.263590616790648 ], [ -99.059024610255989, 19.263657795895551 ] ], [ [ -99.059392181346126, 19.258060026331588 ], [ -99.059457545747335, 19.258073715598311 ], [ -99.059457725765625, 19.258072466308921 ], [ -99.059391217654237, 19.258058537514643 ], [ -99.059392181346126, 19.258060026331588 ] ], [ [ -99.058250160955069, 19.256639093007003 ], [ -99.057441176550938, 19.256455233218823 ], [ -99.057358475479305, 19.256441827858076 ], [ -99.056878531336068, 19.256405786786779 ], [ -99.056389846492394, 19.256479407649511 ], [ -99.05591267770501, 19.256579588540703 ], [ -99.055772944158278, 19.256572342866175 ], [ -99.055467481455509, 19.256490225038092 ], [ -99.055470660417825, 19.256491910948125 ], [ -99.055780613011947, 19.256575235796138 ], [ -99.055920346592998, 19.256582481472133 ], [ -99.056397515497395, 19.256482300557355 ], [ -99.056886200460951, 19.256408679677108 ], [ -99.057366144722067, 19.256444720756008 ], [ -99.057448845814037, 19.256458126119718 ], [ -99.058257830417048, 19.256641985948928 ], [ -99.058746577784206, 19.256701191600783 ], [ -99.059537036861016, 19.256756038762347 ], [ -99.05953745063357, 19.256753706684918 ], [ -99.058738908202145, 19.256698298645958 ], [ -99.058250160955069, 19.256639093007003 ] ], [ [ -99.053807591146409, 19.256202997734853 ], [ -99.053562271248282, 19.256390308407109 ], [ -99.053453787311014, 19.256416100409989 ], [ -99.053341782649824, 19.256409089745201 ], [ -99.053347607899653, 19.25641186728242 ], [ -99.053461455595041, 19.256418993307271 ], [ -99.053569939558912, 19.256393201298344 ], [ -99.053815259516981, 19.256205890582848 ], [ -99.054326540145013, 19.256157540173884 ], [ -99.054866381674074, 19.256172615812599 ], [ -99.054861049976253, 19.256169788234878 ], [ -99.054318871648988, 19.256154647337645 ], [ -99.053807591146409, 19.256202997734853 ] ], [ [ -99.052540431249724, 19.256120965706302 ], [ -99.053113873234025, 19.256301183665542 ], [ -99.053110901861913, 19.256299766885654 ], [ -99.052535394426201, 19.256118899804711 ], [ -99.052540431249724, 19.256120965706302 ] ], [ [ -99.05134002906712, 19.255969936573642 ], [ -99.051148881108318, 19.256095197040558 ], [ -99.05070610173378, 19.256462187907335 ], [ -99.05040596124519, 19.257409136766714 ], [ -99.050107192041281, 19.257890760844827 ], [ -99.050114570253029, 19.257894120367713 ], [ -99.050413628782323, 19.257412029895583 ], [ -99.050713769343204, 19.256465080818877 ], [ -99.051156548825915, 19.256098089867432 ], [ -99.051347696831456, 19.255972829371565 ], [ -99.051710750147436, 19.255789020831951 ], [ -99.051889578269169, 19.255803905072863 ], [ -99.05188438164231, 19.255801218003391 ], [ -99.051703082294225, 19.255786128076618 ], [ -99.05134002906712, 19.255969936573642 ] ] ] } }
]
}
