{
"type": "FeatureCollection",
"name": "tulyehualco_urbano",
"crs": { "type": "name", "properties": { "name": "urn:ogc:def:crs:OGC:1.3:CRS84" } },
"features": [
{ "type": "Feature", "properties": { "index": 0, "EDICION": "2025", "VERSION": "1", "TIPO_GEO": "a", "CVEGEO": "0901300011084", "CVE_ENT": "09", "CVE_MUN": "013", "CVE_LOC": "0001", "CVE_AGEB": "1084" }, "geometry": { "type": "MultiPolygon", "coordinates": [ [ [ [ -99.119788884167193, 19.193213441203131 ], [ -99.119848035861637, 19.192073771846399 ], [ -99.119839455265918, 19.192007142831375 ], [ -99.119861294624897, 19.191852072924934 ], [ -99.119901487347619, 19.191747430048764 ], [ -99.119979594980038, 19.191558201852178 ], [ -99.119968455200535, 19.191326202608469 ], [ -99.120020824677013, 19.191142772397701 ], [ -99.120042654897347, 19.190910982028978 ], [ -99.120140035760784, 19.190541872348025 ], [ -99.120127735553979, 19.190384522396229 ], [ -99.120077544382085, 19.190264632999249 ], [ -99.119992115793181, 19.190176752062218 ], [ -99.119960334715856, 19.190110832852142 ], [ -99.119989235156382, 19.189085543089195 ], [ -99.120227914456649, 19.189116552534891 ], [ -99.120355544104058, 19.189053323496221 ], [ -99.120937824824466, 19.189091582893393 ], [ -99.121021365162875, 19.189454462703743 ], [ -99.121259164234914, 19.189932152032252 ], [ -99.121487147074816, 19.190768032748117 ], [ -99.121595394421888, 19.191390662352472 ], [ -99.12165360405281, 19.191567443332669 ], [ -99.122114964657598, 19.192025342925881 ], [ -99.122247655811293, 19.192258603412455 ], [ -99.122274294110454, 19.192305432075919 ], [ -99.122502601400697, 19.192708185243887 ], [ -99.122528347536544, 19.192759475850366 ], [ -99.122810634014655, 19.193321832101983 ], [ -99.122851973733134, 19.193726661364636 ], [ -99.122832994647936, 19.194053747145116 ], [ -99.122794164310235, 19.194285941204498 ], [ -99.123072064019723, 19.194324432203242 ], [ -99.123248513623935, 19.194324061068897 ], [ -99.1234249732412, 19.194315402351442 ], [ -99.123563774055228, 19.1942792714385 ], [ -99.124011893709167, 19.194093672693242 ], [ -99.124139293855578, 19.193937551161703 ], [ -99.124305373713767, 19.194105031776381 ], [ -99.124305396850531, 19.194334830977091 ], [ -99.124360844674342, 19.19436141505518 ], [ -99.124420483367913, 19.194427301763422 ], [ -99.124577233361222, 19.194553461900661 ], [ -99.12461793328383, 19.194721581298037 ], [ -99.124634944215373, 19.194748701358051 ], [ -99.124658493070356, 19.194768571586181 ], [ -99.124726773978139, 19.194805182388926 ], [ -99.124873113854662, 19.194937942152421 ], [ -99.124996344127837, 19.19497634241927 ], [ -99.125156233959288, 19.195155211651574 ], [ -99.125247791098829, 19.195299879018084 ], [ -99.125551202917322, 19.195779290618709 ], [ -99.125585744393007, 19.195808570837425 ], [ -99.125629082700613, 19.195833631989867 ], [ -99.125674604165781, 19.195846151135953 ], [ -99.125881150361863, 19.19585347618241 ], [ -99.125961292876781, 19.195869722019083 ], [ -99.126028284233968, 19.195888400810126 ], [ -99.126105593685267, 19.19592992102233 ], [ -99.126178632644411, 19.195983672578631 ], [ -99.126559854076618, 19.196396501178555 ], [ -99.126735312834754, 19.19629249051275 ], [ -99.126897963255871, 19.196142402299159 ], [ -99.126975083861041, 19.196051001906099 ], [ -99.127085973350887, 19.195846461256693 ], [ -99.127142423279935, 19.195788042353712 ], [ -99.127219483718491, 19.19575935200297 ], [ -99.127327148425977, 19.195512538329073 ], [ -99.127257618335634, 19.194991726968919 ], [ -99.127312234836268, 19.194763100803062 ], [ -99.128129000058763, 19.195124069053382 ], [ -99.128148173965457, 19.195221686906489 ], [ -99.12849433289604, 19.195361593348803 ], [ -99.128450198470162, 19.195449840572966 ], [ -99.12902102534278, 19.195533722161002 ], [ -99.12900948389175, 19.195626472390575 ], [ -99.129230449039227, 19.195673093369749 ], [ -99.129393132139981, 19.195418509012192 ], [ -99.129521154824744, 19.195218163754088 ], [ -99.129786490831123, 19.195305199347228 ], [ -99.129935882066533, 19.195354201561166 ], [ -99.130039652957507, 19.195456210835275 ], [ -99.130116543443165, 19.195583801029588 ], [ -99.130212762893308, 19.195840750617219 ], [ -99.130353026022419, 19.196012915909225 ], [ -99.130353440587086, 19.196013424778155 ], [ -99.130418482686238, 19.196093261076602 ], [ -99.130442972572894, 19.196202601236678 ], [ -99.130386083208421, 19.196378870955414 ], [ -99.130215533410279, 19.19660854127827 ], [ -99.130012942776631, 19.196742240667653 ], [ -99.12960537288123, 19.19711775138407 ], [ -99.129498232654356, 19.197268121047561 ], [ -99.129465293133393, 19.197375010416827 ], [ -99.129473762078916, 19.197451341581548 ], [ -99.129500033017806, 19.19751052111868 ], [ -99.129533402756977, 19.197652410814083 ], [ -99.129430133319119, 19.197767940796378 ], [ -99.129301253515266, 19.197934671501265 ], [ -99.129266513152402, 19.198001610670143 ], [ -99.129266053036631, 19.198033900719146 ], [ -99.129261932728895, 19.198124000262265 ], [ -99.129285232303957, 19.198161371593802 ], [ -99.129367391833014, 19.19818787126016 ], [ -99.129449373590475, 19.198233671410751 ], [ -99.129472633110424, 19.198259460333603 ], [ -99.129491943253726, 19.198289580669631 ], [ -99.129504802585515, 19.198322640424536 ], [ -99.129507692071556, 19.198366441729789 ], [ -99.129502143155449, 19.198404780958143 ], [ -99.129490691783914, 19.198452980599164 ], [ -99.129470433547738, 19.198517640503571 ], [ -99.129441082126974, 19.198596780262271 ], [ -99.12937025273844, 19.198739261362547 ], [ -99.129269462775582, 19.198898090294282 ], [ -99.129191942070307, 19.199043140204754 ], [ -99.129132262094117, 19.199188119947774 ], [ -99.129105081831455, 19.199320601537135 ], [ -99.129085193175072, 19.199438300869961 ], [ -99.129076942637283, 19.199582030227553 ], [ -99.129081803334302, 19.199668580933299 ], [ -99.12910965246553, 19.199712431260966 ], [ -99.129145033694158, 19.199740770059559 ], [ -99.129279773123869, 19.199801900472625 ], [ -99.129312992466865, 19.199833370747843 ], [ -99.129332372724008, 19.199879179892353 ], [ -99.129326891752925, 19.200034940459293 ], [ -99.129334802316748, 19.200096140969588 ], [ -99.129352493445154, 19.200155499982404 ], [ -99.129395862390581, 19.200222469913435 ], [ -99.129461712170098, 19.200319890516329 ], [ -99.1295323427141, 19.200379230765968 ], [ -99.129532572612021, 19.200678794436815 ], [ -99.129532573386186, 19.200679210282235 ], [ -99.129532367217266, 19.200744437424635 ], [ -99.129531342208992, 19.20106920986931 ], [ -99.129472972748715, 19.201658719409643 ], [ -99.12945757324195, 19.201813319598301 ], [ -99.129422083309834, 19.202066179459752 ], [ -99.129388532975995, 19.202462089713805 ], [ -99.12938448355797, 19.202512979702966 ], [ -99.129307003967895, 19.202990740912448 ], [ -99.129305463059239, 19.203000239501044 ], [ -99.12962971269647, 19.203010353110425 ], [ -99.129739593233978, 19.203013779776615 ], [ -99.129909772120257, 19.20304267046966 ], [ -99.130053909138169, 19.203091348273297 ], [ -99.13016490795448, 19.203128834310089 ], [ -99.130294712518051, 19.203172669764662 ], [ -99.130220791736534, 19.203429379140776 ], [ -99.130191742554047, 19.203514060633168 ], [ -99.130081032081719, 19.203750139630127 ], [ -99.130071973029715, 19.203797299780661 ], [ -99.130075652735826, 19.203843439241304 ], [ -99.130106622928437, 19.203879699058156 ], [ -99.130430762515743, 19.203967438995537 ], [ -99.130499851932683, 19.203989949910213 ], [ -99.13054531243823, 19.204004199577124 ], [ -99.130757972486961, 19.204074859537585 ], [ -99.130825002370543, 19.204120999170314 ], [ -99.130834182786941, 19.20412910166624 ], [ -99.130916483042512, 19.204201719899373 ], [ -99.131199202501918, 19.204562599378733 ], [ -99.131205331746486, 19.204774153588986 ], [ -99.131206001582157, 19.204797230081674 ], [ -99.131293109788672, 19.205038532059813 ], [ -99.131358331792626, 19.205219199359256 ], [ -99.131433086815065, 19.205348575149028 ], [ -99.131477431307971, 19.205425318696953 ], [ -99.131558262866292, 19.205526348472517 ], [ -99.131635192854858, 19.205606519671779 ], [ -99.131972341591023, 19.205911659050766 ], [ -99.132135494844931, 19.206093010950283 ], [ -99.132142114482406, 19.206100368049306 ], [ -99.132263992405015, 19.206235839014013 ], [ -99.132423511385952, 19.206476169949575 ], [ -99.132426686324933, 19.206487525713047 ], [ -99.132491881246793, 19.206720598167681 ], [ -99.132514711222257, 19.207006288255293 ], [ -99.132490061775471, 19.207152269548171 ], [ -99.132421003964922, 19.207338923569498 ], [ -99.132331631700112, 19.207580487619555 ], [ -99.132331407230737, 19.20758109396964 ], [ -99.132315311581834, 19.20762459842064 ], [ -99.132313546010806, 19.207671234313754 ], [ -99.132312562472791, 19.207697209329279 ], [ -99.13238869495062, 19.207926795455229 ], [ -99.132412081202418, 19.207997319105068 ], [ -99.132477777174145, 19.20807505343997 ], [ -99.13251745197428, 19.20812199824428 ], [ -99.132624221744663, 19.208190277278909 ], [ -99.132696561560593, 19.20823653795912 ], [ -99.132702391777684, 19.208244979886086 ], [ -99.132762461983489, 19.208331938608559 ], [ -99.132788971117904, 19.208981149298939 ], [ -99.132761004022825, 19.209231745965788 ], [ -99.132760439874161, 19.209236801366995 ], [ -99.132760244694538, 19.20923855340618 ], [ -99.132758651115353, 19.209252828213391 ], [ -99.132765312748802, 19.209436177531213 ], [ -99.132857314154705, 19.209638192569574 ], [ -99.132908002074728, 19.209749488393161 ], [ -99.132910992066584, 19.209853737669754 ], [ -99.132862791474082, 19.209919598554453 ], [ -99.132813792306067, 19.20997645805603 ], [ -99.132866912536088, 19.210022938011473 ], [ -99.132965771622864, 19.210073858887814 ], [ -99.133006651238475, 19.210092138449507 ], [ -99.133055020871211, 19.210086488928965 ], [ -99.133137172500341, 19.210076942138485 ], [ -99.133209791000311, 19.210054637732597 ], [ -99.133280761570319, 19.210014749951178 ], [ -99.133404120307034, 19.210145601089824 ], [ -99.133357058491683, 19.21028551512509 ], [ -99.133305457267241, 19.210409655373006 ], [ -99.133196608696508, 19.210657674633225 ], [ -99.133401797579424, 19.210688068896484 ], [ -99.13357070823389, 19.210691517469449 ], [ -99.133649901682332, 19.210693133614853 ], [ -99.133812048989512, 19.210689332648723 ], [ -99.133890991810773, 19.211031852883597 ], [ -99.133892787389598, 19.211039611189644 ], [ -99.134115546215369, 19.211416744567856 ], [ -99.134103545207836, 19.211716123239057 ], [ -99.134053286310078, 19.211966491572991 ], [ -99.134013230626181, 19.212166490192153 ], [ -99.132841279826835, 19.214445922708681 ], [ -99.132696375392214, 19.214687456242146 ], [ -99.131892894301558, 19.215076208818559 ], [ -99.130251772006062, 19.216422691171562 ], [ -99.129498033026152, 19.217016486597046 ], [ -99.129381842088122, 19.218082758702149 ], [ -99.129433716668501, 19.21812454269778 ], [ -99.129464789827381, 19.218159683571209 ], [ -99.129465018347773, 19.218197356254706 ], [ -99.129379303050484, 19.218493527108727 ], [ -99.129331079911779, 19.218514974817985 ], [ -99.129264052389928, 19.218520634458617 ], [ -99.128904664290161, 19.218541489599282 ], [ -99.128690873167329, 19.219169445270666 ], [ -99.128190166523567, 19.219629093284105 ], [ -99.128115932679648, 19.21974682513736 ], [ -99.128058698154632, 19.219832600671118 ], [ -99.128009965185868, 19.219900815349909 ], [ -99.12795475272803, 19.219970381663877 ], [ -99.127909711672331, 19.22002289181043 ], [ -99.127861710675091, 19.220062444615383 ], [ -99.127831003635933, 19.220086653161317 ], [ -99.127796876190558, 19.220108888650373 ], [ -99.127762376652825, 19.220136467713573 ], [ -99.127726538071059, 19.220174179031954 ], [ -99.127634867744831, 19.22034699538067 ], [ -99.127464244814732, 19.220598303881602 ], [ -99.127325807604237, 19.220854673075653 ], [ -99.127050578038549, 19.221446624582857 ], [ -99.127088465950877, 19.221612852203211 ], [ -99.127039483231698, 19.221711395738208 ], [ -99.127304062812129, 19.221880094664954 ], [ -99.126138883931759, 19.222650884578638 ], [ -99.125896764252346, 19.222593315548874 ], [ -99.12584322301295, 19.222689434633391 ], [ -99.125682734259115, 19.222968662202799 ], [ -99.125524863468058, 19.223199364857798 ], [ -99.12535737275519, 19.223532565541721 ], [ -99.124439914146038, 19.223275416829146 ], [ -99.124003005409179, 19.223164657140309 ], [ -99.124102844834596, 19.222811933828549 ], [ -99.124162823403637, 19.222717882174912 ], [ -99.124214696761143, 19.222729827208891 ], [ -99.124254046157517, 19.222557245963198 ], [ -99.124159725299322, 19.22248361996601 ], [ -99.124129779785306, 19.222488505264245 ], [ -99.124125327817467, 19.222561233529799 ], [ -99.124082869297439, 19.22256340713281 ], [ -99.124001288404699, 19.222649337352053 ], [ -99.123915572716086, 19.222556806203954 ], [ -99.12386131622165, 19.222534599907753 ], [ -99.123844244683752, 19.222503236008016 ], [ -99.123663558991382, 19.222504796196706 ], [ -99.123658184184279, 19.222572707023975 ], [ -99.123536130029251, 19.223086366068571 ], [ -99.123452648202957, 19.223056063226814 ], [ -99.123262418850871, 19.223456298067177 ], [ -99.123060120225659, 19.224022418821022 ], [ -99.122920898938176, 19.224256828477987 ], [ -99.122819468948066, 19.224393052994106 ], [ -99.122288885376733, 19.22428107907027 ], [ -99.122246255158274, 19.224405751286366 ], [ -99.122222053357476, 19.22458332683988 ], [ -99.122232944777366, 19.224757065081413 ], [ -99.122261764175036, 19.224889934069033 ], [ -99.12230849370404, 19.225009145334266 ], [ -99.122366023869091, 19.22512834504634 ], [ -99.122445094614861, 19.225278204087441 ], [ -99.122633024741674, 19.225524535349212 ], [ -99.122706134437294, 19.225593824515574 ], [ -99.123108024649937, 19.22580296401766 ], [ -99.12328836413522, 19.226016085382035 ], [ -99.123450083915273, 19.226196551879834 ], [ -99.123642483690915, 19.226400284844765 ], [ -99.123791894888811, 19.226532204355191 ], [ -99.124070767847826, 19.226706797377332 ], [ -99.124230634617462, 19.226806883913227 ], [ -99.124330942949271, 19.226915544253547 ], [ -99.124384173327499, 19.227006773692302 ], [ -99.124398883426863, 19.227415233367878 ], [ -99.124374434577945, 19.227529803389391 ], [ -99.124363852811229, 19.227663382269739 ], [ -99.124363218244937, 19.227671393530755 ], [ -99.124362284101778, 19.227683204196499 ], [ -99.124388964375868, 19.227752624785055 ], [ -99.124389958478673, 19.228311841265171 ], [ -99.124308734601513, 19.228374834257089 ], [ -99.123701363340373, 19.228195004945885 ], [ -99.123541834761923, 19.228244693429332 ], [ -99.123278843655129, 19.228380850186198 ], [ -99.123245691720243, 19.228475083600678 ], [ -99.123246549705627, 19.228752665033877 ], [ -99.123314462357911, 19.229030245061864 ], [ -99.123468098433548, 19.229152865236287 ], [ -99.123732309385815, 19.229290179708183 ], [ -99.123869523228137, 19.229499107440581 ], [ -99.124601461465602, 19.229574185673268 ], [ -99.124608287147083, 19.230294652278957 ], [ -99.125075419882364, 19.230286931229585 ], [ -99.12513902433578, 19.230593732793963 ], [ -99.125569285480324, 19.23061407569125 ], [ -99.125832078204738, 19.230626499019916 ], [ -99.12573522211386, 19.23009577381076 ], [ -99.125851304907414, 19.230081531240003 ], [ -99.125977411816748, 19.230169096986529 ], [ -99.126295361668269, 19.230389873491536 ], [ -99.126727505918367, 19.230581092594868 ], [ -99.127339662376201, 19.230750794224079 ], [ -99.127900572716129, 19.23088486283682 ], [ -99.128377632956187, 19.230954743787159 ], [ -99.128388525363874, 19.230966367251867 ], [ -99.128431372022476, 19.231012092669378 ], [ -99.128270693285828, 19.231078173612485 ], [ -99.128169173294523, 19.231063334031806 ], [ -99.128103943377127, 19.23107943366395 ], [ -99.12806767291319, 19.231083483779795 ], [ -99.127854591797984, 19.231061974553896 ], [ -99.127802676718233, 19.231124533358532 ], [ -99.127647763279086, 19.231130002606402 ], [ -99.127715482840216, 19.231200514410059 ], [ -99.127862932563914, 19.231218763947982 ], [ -99.128131093283073, 19.231290373540272 ], [ -99.128202992050092, 19.231274282970826 ], [ -99.12827166296681, 19.231288693370402 ], [ -99.128363593042394, 19.231322292745624 ], [ -99.128454202181828, 19.2313723141419 ], [ -99.128770342240799, 19.231376192544239 ], [ -99.128926492850098, 19.231416884623236 ], [ -99.129395093875303, 19.23148176081958 ], [ -99.129260204136983, 19.231984912632196 ], [ -99.129360670197372, 19.231999109935781 ], [ -99.130259360682416, 19.232126096728486 ], [ -99.130542003564628, 19.232166035106516 ], [ -99.13053149528146, 19.232245234811067 ], [ -99.130525972468092, 19.232286857602215 ], [ -99.130523046085784, 19.232308912495405 ], [ -99.13177603144868, 19.232417214693672 ], [ -99.131819066012184, 19.232420934149115 ], [ -99.13194201743417, 19.23243156062351 ], [ -99.132181518597847, 19.232452260417606 ], [ -99.132189063756513, 19.232452912907284 ], [ -99.1324160505458, 19.232168864736529 ], [ -99.132520076552098, 19.231974559507798 ], [ -99.132557850039746, 19.23192213203864 ], [ -99.132588511231845, 19.231905623948979 ], [ -99.132676532688762, 19.231914005447546 ], [ -99.13273386513508, 19.231923724723845 ], [ -99.132779877897065, 19.231943774629002 ], [ -99.132789261799275, 19.231977512246022 ], [ -99.132791381048662, 19.232020698999676 ], [ -99.132788395209957, 19.232066666200087 ], [ -99.132763761053425, 19.232140313150975 ], [ -99.132669462543944, 19.23229853322049 ], [ -99.132551572089611, 19.232601483509427 ], [ -99.132481651655766, 19.23287173298711 ], [ -99.132468262463092, 19.232965773426095 ], [ -99.132473793717011, 19.233021313803938 ], [ -99.132475742400928, 19.2330408838219 ], [ -99.132499894591433, 19.233056974404974 ], [ -99.132534282597206, 19.233079883044923 ], [ -99.132576341117272, 19.233083083641556 ], [ -99.132608511282868, 19.23311905338165 ], [ -99.132608535768398, 19.233144350721155 ], [ -99.132608559226213, 19.233170059358507 ], [ -99.132608562111983, 19.233171462782011 ], [ -99.132571892060284, 19.233192572422951 ], [ -99.132493492282165, 19.233176692689145 ], [ -99.132465562616204, 19.233237822541675 ], [ -99.132440422551582, 19.233301592869758 ], [ -99.132440461955596, 19.23335531211837 ], [ -99.132448892454903, 19.233392882135 ], [ -99.132454532264816, 19.233439732593066 ], [ -99.132415402041985, 19.233515762432354 ], [ -99.132414831137879, 19.233530919573553 ], [ -99.132412661979387, 19.233588512550195 ], [ -99.132454662346262, 19.233615052038463 ], [ -99.132572232179413, 19.233628232120797 ], [ -99.132715002001518, 19.233638772321129 ], [ -99.132793222362224, 19.233659972098462 ], [ -99.132857531834418, 19.23365609274369 ], [ -99.132902862463553, 19.233661542435424 ], [ -99.133192455361979, 19.233329937886968 ], [ -99.133236212596699, 19.233301284458694 ], [ -99.133288748643835, 19.233287180206922 ], [ -99.133341602970759, 19.233293936819251 ], [ -99.133390960223139, 19.233322920552304 ], [ -99.133436451837539, 19.233351852614586 ], [ -99.133459541837851, 19.233352932471327 ], [ -99.133541792054572, 19.233356452901468 ], [ -99.133631362240095, 19.23335637236482 ], [ -99.133698531804185, 19.23336696206572 ], [ -99.134174262076371, 19.233470852645183 ], [ -99.134243761757858, 19.233496862691695 ], [ -99.13427773218217, 19.233532112477697 ], [ -99.134295531623167, 19.233579652103241 ], [ -99.134303652313676, 19.233633332683649 ], [ -99.134296132126224, 19.233807392546268 ], [ -99.134278452370197, 19.233933192601089 ], [ -99.134241358955393, 19.234071852440366 ], [ -99.134238031676745, 19.234084291866523 ], [ -99.134189661923045, 19.234214712458769 ], [ -99.134085942259162, 19.234416432485133 ], [ -99.134077681834398, 19.234581142276376 ], [ -99.134055341581686, 19.234658202555497 ], [ -99.134033002196531, 19.234729961936139 ], [ -99.134026892199643, 19.234815131768926 ], [ -99.134028542231803, 19.234848862119598 ], [ -99.133991231738364, 19.234981631748411 ], [ -99.133978820595374, 19.235071432974333 ], [ -99.133978512342395, 19.235073662188817 ], [ -99.133965661725597, 19.235151891986561 ], [ -99.134747013577922, 19.235288262777541 ], [ -99.134757732059001, 19.235318942650768 ], [ -99.134771293458556, 19.235357759683005 ], [ -99.134765754216531, 19.235405116431828 ], [ -99.134735847223737, 19.23545920243301 ], [ -99.134723124108433, 19.235469588178486 ], [ -99.134677302418766, 19.23550699281185 ], [ -99.1344562060778, 19.235608763287015 ], [ -99.134369547348541, 19.235648652460199 ], [ -99.134356210571724, 19.235654791045015 ], [ -99.134306152160875, 19.235740281007185 ], [ -99.134301237939809, 19.235748673194536 ], [ -99.134184314834187, 19.236020050777679 ], [ -99.134230413028746, 19.236031355535172 ], [ -99.134299670897107, 19.236048339205631 ], [ -99.134432909651977, 19.236081013106695 ], [ -99.134582394454085, 19.23613706527663 ], [ -99.134678583403897, 19.236135295920068 ], [ -99.134690323967234, 19.236137704889035 ], [ -99.134929616150345, 19.236186803525449 ], [ -99.135179814421491, 19.236205933943296 ], [ -99.135363688528813, 19.23624681755663 ], [ -99.135440565399676, 19.236299334012582 ], [ -99.135436804482225, 19.236341556828478 ], [ -99.135432672451856, 19.236387955545734 ], [ -99.135430654609209, 19.236410610415305 ], [ -99.135357975143449, 19.236590452308725 ], [ -99.135330247575851, 19.236648895073102 ], [ -99.135205934084723, 19.237144731393936 ], [ -99.135184930285519, 19.23722850814724 ], [ -99.135175215037648, 19.237267256804031 ], [ -99.13517095243688, 19.237284258317107 ], [ -99.135027976387278, 19.237854531898339 ], [ -99.135036596946463, 19.237876628557988 ], [ -99.13504768519887, 19.237889424057226 ], [ -99.135075747445555, 19.237905058493268 ], [ -99.135089075665164, 19.237919334299239 ], [ -99.135108389899585, 19.237954938319707 ], [ -99.135129558444319, 19.237974396571833 ], [ -99.135162359147657, 19.237998750448924 ], [ -99.135347473919055, 19.238093233296681 ], [ -99.135361816487119, 19.238089395872255 ], [ -99.135407523377552, 19.238077165241439 ], [ -99.135519536303249, 19.238070665513057 ], [ -99.135527799821247, 19.238071282540162 ], [ -99.135708694249914, 19.238084797309543 ], [ -99.135925013457367, 19.238155060956977 ], [ -99.135977158443239, 19.238195602000406 ], [ -99.135988874425749, 19.238214522046398 ], [ -99.13598987462241, 19.238238990935191 ], [ -99.135920516070669, 19.238620971887205 ], [ -99.135999906187124, 19.238626073803406 ], [ -99.136051263734942, 19.238632081718773 ], [ -99.136088030445691, 19.238647881095112 ], [ -99.136098096360669, 19.238673241321045 ], [ -99.136100480681321, 19.238699975176779 ], [ -99.136098818077684, 19.238725018699494 ], [ -99.135956232631401, 19.239003523006691 ], [ -99.135795383798083, 19.239317697522402 ], [ -99.135675490296308, 19.239490061567565 ], [ -99.135595480763598, 19.239561651569179 ], [ -99.135486021706512, 19.239622091761603 ], [ -99.135156013401499, 19.239740531489712 ], [ -99.134209462159689, 19.240793760383927 ], [ -99.134122791431707, 19.240926630516203 ], [ -99.134074171544341, 19.241042571484062 ], [ -99.134051171622602, 19.241159953703505 ], [ -99.134044792140116, 19.241389970910816 ], [ -99.134023051549917, 19.241526060455666 ], [ -99.133863832747153, 19.241956609807893 ], [ -99.133912362390362, 19.242020091693316 ], [ -99.133923942302374, 19.242077030301754 ], [ -99.13407831162651, 19.242087158772762 ], [ -99.134122428645355, 19.242090037408932 ], [ -99.134184784328127, 19.242129424941691 ], [ -99.134210199492145, 19.242171032194275 ], [ -99.134212543850637, 19.242214837970955 ], [ -99.134192136916909, 19.24228446214428 ], [ -99.13413449325077, 19.242354602594318 ], [ -99.13399872979231, 19.242856361292439 ], [ -99.133961893149831, 19.243269681371299 ], [ -99.133777511162165, 19.243578680382875 ], [ -99.133629572177043, 19.2437594191085 ], [ -99.133401253369257, 19.243965510684319 ], [ -99.133122141966695, 19.244143158681606 ], [ -99.133012817832721, 19.244197821621032 ], [ -99.132854524543717, 19.244276970455338 ], [ -99.132604692011569, 19.244362020026607 ], [ -99.132298861758102, 19.244377000440576 ], [ -99.132035772814703, 19.244405680830859 ], [ -99.131761092828867, 19.244359859789142 ], [ -99.131380171568168, 19.24422651003281 ], [ -99.131207002435119, 19.244132429924736 ], [ -99.131128532412816, 19.244121540094948 ], [ -99.130875491759653, 19.244134559896551 ], [ -99.130780851399024, 19.244114889725473 ], [ -99.130755907136319, 19.244104391751264 ], [ -99.130656172630921, 19.244062419648206 ], [ -99.130422972540231, 19.24392677043522 ], [ -99.130404483062804, 19.243882960231954 ], [ -99.130406742824576, 19.243836960499046 ], [ -99.129843682790181, 19.243676560117454 ], [ -99.129895283107956, 19.243981249709289 ], [ -99.129941562230144, 19.244088060271505 ], [ -99.129986833303334, 19.24414285113944 ], [ -99.130029191604734, 19.244176620075049 ], [ -99.130084062162481, 19.244196667256766 ], [ -99.130175492314805, 19.244214859870784 ], [ -99.130263062790576, 19.244232160047339 ], [ -99.130507461855686, 19.244351330325614 ], [ -99.130660467523327, 19.244440610430182 ], [ -99.131264542895593, 19.244793090045444 ], [ -99.131621712828377, 19.245116220085222 ], [ -99.131704991212004, 19.245233230692467 ], [ -99.131732971539208, 19.245247691041442 ], [ -99.131771961301425, 19.245246860743233 ], [ -99.13188296225043, 19.245214600424298 ], [ -99.132079801198074, 19.245222790694793 ], [ -99.132259262539279, 19.245114529975194 ], [ -99.132417141413342, 19.245112259361026 ], [ -99.132489341757761, 19.24512720065232 ], [ -99.132545754433409, 19.24515712985356 ], [ -99.132584142290384, 19.24520418975991 ], [ -99.132603631915273, 19.245286940353999 ], [ -99.132574769520744, 19.245486547712311 ], [ -99.132630655910631, 19.24537202383603 ], [ -99.132776172274134, 19.245197400457197 ], [ -99.132985498715897, 19.245372530051075 ], [ -99.133239484867133, 19.245114735240897 ], [ -99.133365590434863, 19.245209456075962 ], [ -99.133451025500094, 19.245136730301798 ], [ -99.133692725760255, 19.244838565942313 ], [ -99.133772417008771, 19.244795849003474 ], [ -99.133858841868332, 19.244790657550098 ], [ -99.134042770977217, 19.244757473418282 ], [ -99.134140709564036, 19.244813195739212 ], [ -99.134292533666027, 19.244906041096961 ], [ -99.134391091189784, 19.244953936331616 ], [ -99.134576270779775, 19.245041773759642 ], [ -99.134689028978073, 19.245080469746807 ], [ -99.134843704543599, 19.245106177290022 ], [ -99.135074356161354, 19.245149507452361 ], [ -99.135248349958033, 19.245198713947474 ], [ -99.135380173581595, 19.245214160002345 ], [ -99.135737568010001, 19.245194140247115 ], [ -99.135846230717519, 19.245175586602759 ], [ -99.136517406483648, 19.245390292953829 ], [ -99.136970194669018, 19.245692628185104 ], [ -99.13715778482289, 19.245816664693791 ], [ -99.137469345305178, 19.246164161752507 ], [ -99.137248448107627, 19.246379045427084 ], [ -99.136802093031861, 19.246052205124293 ], [ -99.136540668331207, 19.245991099057346 ], [ -99.136265401251322, 19.246011047732019 ], [ -99.135623683804113, 19.246348255298919 ], [ -99.13556572710128, 19.246463895337143 ], [ -99.135728239439928, 19.246665610222511 ], [ -99.13570589431572, 19.246804450850448 ], [ -99.135565998036085, 19.246886753149788 ], [ -99.134381287984169, 19.24682879167996 ], [ -99.134114851777994, 19.24640710966823 ], [ -99.133467941594404, 19.24704847932367 ], [ -99.133187772574317, 19.247352259373965 ], [ -99.133143361217591, 19.247459539809295 ], [ -99.133141232247652, 19.247530228903528 ], [ -99.133158801083923, 19.247592599866895 ], [ -99.133191741984078, 19.247665359163157 ], [ -99.133237822081298, 19.24776512933629 ], [ -99.133316742507063, 19.247839930370493 ], [ -99.13342634129809, 19.247906369802834 ], [ -99.13346042316391, 19.247864694025484 ], [ -99.133581092914369, 19.247455637881316 ], [ -99.133689189264288, 19.247536076152375 ], [ -99.133848085420681, 19.247577206143173 ], [ -99.133919851254547, 19.247549084546751 ], [ -99.134170026640945, 19.247606330530239 ], [ -99.13414776119474, 19.247728880046658 ], [ -99.134089131627718, 19.248007059532476 ], [ -99.134073654862291, 19.248053322346099 ], [ -99.133780061785174, 19.248930908776341 ], [ -99.13358962096963, 19.24960178920071 ], [ -99.133409191838112, 19.24997162898644 ], [ -99.133543601564497, 19.250005959705128 ], [ -99.133789020951113, 19.250087288230773 ], [ -99.13405288048402, 19.250194798299702 ], [ -99.134194771002214, 19.250225878366624 ], [ -99.134308251352593, 19.25021122953531 ], [ -99.134366650471335, 19.250371288672572 ], [ -99.134369771919637, 19.250420788433242 ], [ -99.134311531770564, 19.250476139661249 ], [ -99.134314630914261, 19.250522708995863 ], [ -99.134360680798935, 19.25056342896745 ], [ -99.134538800807206, 19.250860218252804 ], [ -99.134572325376254, 19.250947928553558 ], [ -99.134655600872307, 19.251165798894249 ], [ -99.134797510906097, 19.251351129356795 ], [ -99.134920360692192, 19.251557727955323 ], [ -99.135061512108535, 19.251636218834655 ], [ -99.135181280225638, 19.25183116921097 ], [ -99.135434451571186, 19.252015959234097 ], [ -99.135664590645405, 19.252155528172555 ], [ -99.135864020343448, 19.252236877919987 ], [ -99.136063421673413, 19.252277489323607 ], [ -99.136302061646674, 19.252298727778065 ], [ -99.136468310274708, 19.252306289425533 ], [ -99.136893620154325, 19.252454928627344 ], [ -99.136994430041071, 19.252515328163437 ], [ -99.137183420113189, 19.252574757690102 ], [ -99.137257190547899, 19.252605799023996 ], [ -99.13734151123225, 19.252656829284216 ], [ -99.137458571408558, 19.252684529080707 ], [ -99.137670430292175, 19.252704358874652 ], [ -99.137782359665266, 19.252734537828719 ], [ -99.137887729586907, 19.252777798273087 ], [ -99.137966190067615, 19.252827715063233 ], [ -99.138057510960053, 19.252869859256414 ], [ -99.138124251417068, 19.252904247787178 ], [ -99.138201540623967, 19.252934188426561 ], [ -99.138345219776582, 19.252963357861983 ], [ -99.138447061159326, 19.252976618484318 ], [ -99.138529000708076, 19.252992087605108 ], [ -99.138770160506738, 19.253054109277873 ], [ -99.138866200753611, 19.25313735903487 ], [ -99.138916601153085, 19.253205088394665 ], [ -99.138938089843961, 19.253242458740214 ], [ -99.138960490013858, 19.253451278689219 ], [ -99.138964829490718, 19.253720157984105 ], [ -99.139014339638976, 19.253804258298743 ], [ -99.139085530621713, 19.253886937465879 ], [ -99.139243939214708, 19.254047938880081 ], [ -99.139349569924235, 19.254167597636261 ], [ -99.139367969358204, 19.254226389000561 ], [ -99.139446019280754, 19.254278567751406 ], [ -99.139471060630939, 19.254339337723284 ], [ -99.139395690659796, 19.254601387985598 ], [ -99.139386970928911, 19.254690387333188 ], [ -99.139449341028936, 19.254931137741693 ], [ -99.139579250593101, 19.255456327292556 ], [ -99.139725370157365, 19.255720737377665 ], [ -99.139810600357976, 19.255889487503936 ], [ -99.139943880284079, 19.256126057298548 ], [ -99.140001330165617, 19.256229087609427 ], [ -99.14003677083096, 19.25627770752385 ], [ -99.140113090401968, 19.256338396902962 ], [ -99.140214000390301, 19.256375787414907 ], [ -99.14038293041871, 19.256440166806904 ], [ -99.140477280192101, 19.256490047243954 ], [ -99.140528690100908, 19.256522787280161 ], [ -99.140580860265231, 19.256573796843352 ], [ -99.140739290129517, 19.256860246967996 ], [ -99.140773850746015, 19.256940127277552 ], [ -99.140793110411394, 19.256996796751071 ], [ -99.140785659963669, 19.257068587270421 ], [ -99.140630050509131, 19.257195306633893 ], [ -99.140446110249542, 19.257306726826659 ], [ -99.140309570809578, 19.25739861678235 ], [ -99.140242600485593, 19.257472676671075 ], [ -99.140198860673124, 19.257561216939322 ], [ -99.140178690827852, 19.257634126497361 ], [ -99.140166620277554, 19.257699357014701 ], [ -99.140152740590821, 19.257771056602689 ], [ -99.140155390792643, 19.257819937054553 ], [ -99.140165200147422, 19.257859526986771 ], [ -99.140199990608778, 19.257919417162224 ], [ -99.140248540007931, 19.258011126937138 ], [ -99.140325050481238, 19.258131197054094 ], [ -99.140446540550272, 19.25828565673412 ], [ -99.140565590747215, 19.258390356485808 ], [ -99.140746560306198, 19.258539686337581 ], [ -99.14084832986228, 19.258674586657744 ], [ -99.140936600408608, 19.258769057035693 ], [ -99.141052340564897, 19.258830926480105 ], [ -99.141180510264675, 19.258897616486731 ], [ -99.141320390534247, 19.258959886606601 ], [ -99.141411370006011, 19.259012086472591 ], [ -99.141496600072173, 19.25907745683304 ], [ -99.141629130290482, 19.259175856928408 ], [ -99.141713309739032, 19.259220886383012 ], [ -99.141781160450194, 19.259292566850785 ], [ -99.14190705044733, 19.259559656145463 ], [ -99.142014620414372, 19.259781786683781 ], [ -99.142087570350029, 19.259851936373199 ], [ -99.14220270987424, 19.25990362636448 ], [ -99.142251189821977, 19.259989196130849 ], [ -99.142358989478168, 19.260231566626036 ], [ -99.142376199757948, 19.260344676242795 ], [ -99.142391159772984, 19.26046650622856 ], [ -99.142389130345876, 19.260615646247135 ], [ -99.142426649540653, 19.260953446139649 ], [ -99.142405429605276, 19.261052246532184 ], [ -99.142342629889413, 19.261197306527571 ], [ -99.142294250022829, 19.261314305702903 ], [ -99.142258730305556, 19.261397195899921 ], [ -99.142211309767987, 19.261506706014469 ], [ -99.142138359483482, 19.261676655956581 ], [ -99.142119189469611, 19.261721126270718 ], [ -99.14210723027594, 19.261773485814871 ], [ -99.14210249003888, 19.261844075978072 ], [ -99.142246169850722, 19.26254405591019 ], [ -99.142277969785781, 19.263023845799811 ], [ -99.14230886022446, 19.263227055981027 ], [ -99.142349829693075, 19.263289655946213 ], [ -99.142386849550959, 19.263349755757947 ], [ -99.142415960177857, 19.263433655475932 ], [ -99.142422309891558, 19.263593935482969 ], [ -99.142428419659637, 19.263762105086919 ], [ -99.142413329718082, 19.263952525722193 ], [ -99.14236636946373, 19.264157364999178 ], [ -99.142394929494046, 19.264232185162676 ], [ -99.142460490217488, 19.264323795467071 ], [ -99.142491229485884, 19.264374055823549 ], [ -99.142447310028899, 19.264888325519248 ], [ -99.142423960015492, 19.265161584819406 ], [ -99.142395449763342, 19.266621995327071 ], [ -99.142479819645445, 19.266689734882668 ], [ -99.143323340078439, 19.266519085287932 ], [ -99.143215679557059, 19.267229324649648 ], [ -99.143432829272555, 19.26725032541686 ], [ -99.143621018878491, 19.267268874516795 ], [ -99.143846959576834, 19.267303644846027 ], [ -99.144119169253344, 19.267340985985481 ], [ -99.144913739069608, 19.267443935080404 ], [ -99.144902049288774, 19.267556645650423 ], [ -99.144802538438, 19.267867704828969 ], [ -99.144722879440607, 19.268127054198679 ], [ -99.144672278472385, 19.26822870408358 ], [ -99.144544079654125, 19.268462615113702 ], [ -99.144351229830292, 19.268841384731669 ], [ -99.143938508944458, 19.269537644087929 ], [ -99.143755739870542, 19.269507684210303 ], [ -99.143584089746525, 19.26950782406724 ], [ -99.143360049373442, 19.269467614188418 ], [ -99.143157198499409, 19.269796794621705 ], [ -99.143062889307686, 19.270101305408943 ], [ -99.142992078866513, 19.270242354251145 ], [ -99.142888090114113, 19.270369554665162 ], [ -99.142788388584364, 19.270500764661335 ], [ -99.142602249185487, 19.270621284238189 ], [ -99.142510160217, 19.270674674926411 ], [ -99.142379999712688, 19.270690794353268 ], [ -99.142203109690712, 19.270667363907648 ], [ -99.142131588664839, 19.270690054369272 ], [ -99.142040130194189, 19.270853955210864 ], [ -99.141860939678779, 19.271452844221699 ], [ -99.14175222878211, 19.271889934319773 ], [ -99.141623770087094, 19.272291183556664 ], [ -99.141408048921335, 19.27277484379551 ], [ -99.141180449445713, 19.273531654170437 ], [ -99.141130989739608, 19.27372719308206 ], [ -99.142080228808624, 19.273941734072864 ], [ -99.14199399996788, 19.274672812735005 ], [ -99.141968989482592, 19.274794723648782 ], [ -99.141906090321982, 19.275116533586484 ], [ -99.141964204391229, 19.275430671305966 ], [ -99.141929950208564, 19.275536952359875 ], [ -99.141872980199167, 19.275715350931335 ], [ -99.141744234993254, 19.276839486032092 ], [ -99.141701318307071, 19.277102795680822 ], [ -99.141571616144049, 19.277495499946269 ], [ -99.141571455980014, 19.277916938495078 ], [ -99.141494088754698, 19.278385252554788 ], [ -99.141424678872824, 19.278855181613757 ], [ -99.141444229917866, 19.279064212486716 ], [ -99.141452450253723, 19.279152182456979 ], [ -99.141339880056009, 19.280066591575324 ], [ -99.141187110149232, 19.281071132067627 ], [ -99.141187989371645, 19.281187501530784 ], [ -99.141072188984779, 19.282289821098665 ], [ -99.141048260383698, 19.282525700945317 ], [ -99.140890879554547, 19.282496021487049 ], [ -99.140225220687526, 19.282382281347545 ], [ -99.139683480200333, 19.282313251576877 ], [ -99.139259740575184, 19.282262550931897 ], [ -99.138896510704456, 19.282240321516554 ], [ -99.138545560784607, 19.282225451683598 ], [ -99.1378777406441, 19.282203561159786 ], [ -99.137451161503179, 19.282207730893621 ], [ -99.136984601300426, 19.282232011069201 ], [ -99.13646474111107, 19.282273391707268 ], [ -99.135921061562414, 19.282332351646261 ], [ -99.135099361603537, 19.282458551101715 ], [ -99.134005711558473, 19.282698041362053 ], [ -99.132476602683553, 19.283128160872874 ], [ -99.131986741949291, 19.283263901478112 ], [ -99.131933805376349, 19.283278568761702 ], [ -99.131408632182868, 19.283424080781316 ], [ -99.130824282782555, 19.283588241012239 ], [ -99.130782217767546, 19.283600051137832 ], [ -99.13036520310078, 19.283717130883566 ], [ -99.12951423260921, 19.283955980826189 ], [ -99.129126592922802, 19.284064760875815 ], [ -99.12828206346542, 19.284302881166099 ], [ -99.127576883841101, 19.284498561100886 ], [ -99.125729793781559, 19.285015720899718 ], [ -99.125434603879981, 19.285100300457728 ], [ -99.125192793863178, 19.285164680685135 ], [ -99.124991333796245, 19.285217850850895 ], [ -99.124917534050709, 19.285238280532823 ], [ -99.124329914207649, 19.285428130860353 ], [ -99.123902494090487, 19.285566220892157 ], [ -99.122214424590666, 19.286283640525188 ], [ -99.121638434880225, 19.286528719953708 ], [ -99.117924546305261, 19.288114979577109 ], [ -99.115705936860536, 19.289057759534746 ], [ -99.114899226754204, 19.289401299361142 ], [ -99.114525456526721, 19.289560809277173 ], [ -99.112832887470859, 19.290283069149936 ], [ -99.11159788771495, 19.29080458924367 ], [ -99.110353888166543, 19.291338719125534 ], [ -99.110285058133499, 19.291366788908412 ], [ -99.109286317935485, 19.29178364896941 ], [ -99.108129428555586, 19.292278238882872 ], [ -99.106169768685064, 19.29309509918734 ], [ -99.105724718629261, 19.29325791864315 ], [ -99.105676289035713, 19.293276698944421 ], [ -99.105014368947167, 19.293514239028923 ], [ -99.10461251875229, 19.293699468279918 ], [ -99.104438028807593, 19.293782038388422 ], [ -99.103956609301164, 19.294009818930515 ], [ -99.103750868894835, 19.294107158396816 ], [ -99.10288476990722, 19.294502648247221 ], [ -99.102736629825955, 19.294568958182737 ], [ -99.102175668476377, 19.294824214721348 ], [ -99.10135605969478, 19.295197158692392 ], [ -99.101289822083345, 19.295866921638861 ], [ -99.101249426642909, 19.296275388382739 ], [ -99.101214869466887, 19.296624808328929 ], [ -99.100921615768911, 19.300016663678448 ], [ -99.100921542392868, 19.300017510340695 ], [ -99.100785689555579, 19.301250576947474 ], [ -99.100638889858303, 19.302710916259972 ], [ -99.10048940876986, 19.30445403586782 ], [ -99.100322288844254, 19.306463815939665 ], [ -99.100313980513135, 19.306585065568218 ], [ -99.100305289049956, 19.30671211573836 ], [ -99.100224890281225, 19.307762545765371 ], [ -99.100061500069017, 19.309896645159029 ], [ -99.099871230015665, 19.31296651464228 ], [ -99.099657410657059, 19.315501034054989 ], [ -99.099586400500698, 19.316343573654105 ], [ -99.099342630807612, 19.319270352550305 ], [ -99.099286840138603, 19.320446632653567 ], [ -99.099068580112018, 19.320438582153717 ], [ -99.099051500311887, 19.320439002558974 ], [ -99.098792980667184, 19.320445242956445 ], [ -99.098688810751952, 19.319638512898294 ], [ -99.098481060613622, 19.31903517287898 ], [ -99.098637660281312, 19.318954643183485 ], [ -99.098702060755059, 19.318792013156465 ], [ -99.09867780025904, 19.318671512629525 ], [ -99.098638870352445, 19.318587293318465 ], [ -99.098434940344106, 19.318269752583234 ], [ -99.09823035064548, 19.317956832678355 ], [ -99.097702430749962, 19.317170063124493 ], [ -99.097432740987642, 19.316823522923215 ], [ -99.096749181018126, 19.315985543172374 ], [ -99.095842841624076, 19.31481211379398 ], [ -99.094957291832742, 19.313688414004577 ], [ -99.094257721378682, 19.312768614432709 ], [ -99.094081272011792, 19.312865344516947 ], [ -99.09392755213544, 19.312665314420624 ], [ -99.093565301412482, 19.312201554264927 ], [ -99.093384085932954, 19.311969557584348 ], [ -99.093215941698332, 19.311754294640412 ], [ -99.093175232336264, 19.311699314515536 ], [ -99.093052239807122, 19.311544296154135 ], [ -99.092826632439284, 19.311259944394937 ], [ -99.092732023522402, 19.311135398766741 ], [ -99.09272023179085, 19.311119874600038 ], [ -99.092671490933057, 19.311059754578132 ], [ -99.092611351825511, 19.310985574906837 ], [ -99.092422671886879, 19.310769925955125 ], [ -99.092341292304255, 19.310676915083523 ], [ -99.092263300959715, 19.31060199386696 ], [ -99.092242201665783, 19.310581724799093 ], [ -99.091945482470635, 19.310238861637007 ], [ -99.091919271971747, 19.310208574465303 ], [ -99.091786151904074, 19.310049215024925 ], [ -99.091727951864044, 19.309983664668788 ], [ -99.09141163267121, 19.309564245437439 ], [ -99.0914067575454, 19.309557827191146 ], [ -99.091209254388716, 19.309297792718869 ], [ -99.090832814912275, 19.308802166835289 ], [ -99.090806632322213, 19.308767694915822 ], [ -99.090791082351544, 19.308749512324663 ], [ -99.090565194344606, 19.308485382315805 ], [ -99.090527293008421, 19.308441064893071 ], [ -99.090371086321483, 19.308241456162062 ], [ -99.090357172204179, 19.308223675629968 ], [ -99.090284752357334, 19.308126585195794 ], [ -99.090017514676902, 19.307868046616111 ], [ -99.089869402758552, 19.307724755142431 ], [ -99.08976403274491, 19.307624915780512 ], [ -99.089661307965059, 19.307486742669628 ], [ -99.089593633178595, 19.307395715292856 ], [ -99.089551393400896, 19.307300625026127 ], [ -99.089479183174006, 19.307138065895838 ], [ -99.08936642100889, 19.307012409540349 ], [ -99.089298587448866, 19.306936819304472 ], [ -99.08922487320406, 19.306854675387331 ], [ -99.08903558144074, 19.306591742626225 ], [ -99.089013273274389, 19.306560755574434 ], [ -99.088953924681007, 19.306500671175808 ], [ -99.088833367835335, 19.306378619910468 ], [ -99.088645524846811, 19.306188448281745 ], [ -99.088607522692016, 19.306149975374208 ], [ -99.088534203536526, 19.306065550070599 ], [ -99.088435752780171, 19.305952186171055 ], [ -99.088396170857195, 19.305914673095593 ], [ -99.088382772660793, 19.305901975430363 ], [ -99.088340919798711, 19.30584543738351 ], [ -99.088137093073627, 19.305570095849522 ], [ -99.087942202651803, 19.305338962106109 ], [ -99.087927863176475, 19.305321956037812 ], [ -99.087651219852731, 19.304678994763389 ], [ -99.087651203495795, 19.304678956393261 ], [ -99.087457903214556, 19.304480786529687 ], [ -99.087190693183388, 19.30416274578733 ], [ -99.087177703528255, 19.304146756027276 ], [ -99.086710633223618, 19.303792476327388 ], [ -99.086284153704341, 19.303601325991199 ], [ -99.086150243359384, 19.303501526447505 ], [ -99.085867603278459, 19.303187946402712 ], [ -99.085617093703263, 19.302885836929526 ], [ -99.08537609371561, 19.302588416490654 ], [ -99.085125673712113, 19.302266846774373 ], [ -99.084849103623242, 19.301978067092968 ], [ -99.08457750373185, 19.301660006567808 ], [ -99.084463998925628, 19.301512051865128 ], [ -99.084350494366149, 19.3013640971025 ], [ -99.084105063781905, 19.301037067314859 ], [ -99.08383663403265, 19.300720956982346 ], [ -99.083582974614316, 19.300406647318198 ], [ -99.083364374157185, 19.300075976792293 ], [ -99.083160544798403, 19.299649417545943 ], [ -99.083570611095041, 19.299422955935739 ], [ -99.084024933976167, 19.29884968002332 ], [ -99.084226293341672, 19.298671812063308 ], [ -99.084335116293175, 19.298644566587097 ], [ -99.085341761308058, 19.298714351724023 ], [ -99.08850009088971, 19.30251669123566 ], [ -99.090251632366048, 19.300360066773727 ], [ -99.090189542544735, 19.300026837616389 ], [ -99.090574032581472, 19.29922634695323 ], [ -99.09064204211208, 19.298834727464545 ], [ -99.090649522175283, 19.298504317908176 ], [ -99.0906418127976, 19.29829695754216 ], [ -99.090694642641779, 19.298099807673982 ], [ -99.090899412773666, 19.29786366759965 ], [ -99.09135844240771, 19.297458547356772 ], [ -99.091618402223745, 19.29733055805891 ], [ -99.091665072437053, 19.297081808261183 ], [ -99.09160597234731, 19.296965378109942 ], [ -99.091329151969674, 19.296125577637426 ], [ -99.091278982628879, 19.29546163809955 ], [ -99.091306542518467, 19.295246548684645 ], [ -99.091350812294124, 19.295077328495527 ], [ -99.09139981213265, 19.294938128210351 ], [ -99.091669971988665, 19.294818038097393 ], [ -99.091791072413272, 19.294678518244762 ], [ -99.091956942158276, 19.294347448073321 ], [ -99.092152691778153, 19.294099818086483 ], [ -99.092361632295535, 19.293926668478427 ], [ -99.092609831973462, 19.293803238412195 ], [ -99.092727351671471, 19.293716698471894 ], [ -99.093027432322103, 19.293301148496084 ], [ -99.09260446157262, 19.29302935886918 ], [ -99.092537631684706, 19.292802038598321 ], [ -99.092637571740156, 19.292347749215917 ], [ -99.092598152081251, 19.292238328510237 ], [ -99.092547982003481, 19.292182049144845 ], [ -99.092513702430637, 19.292106299305228 ], [ -99.092500981623672, 19.29201066896449 ], [ -99.092512872092115, 19.291901549291975 ], [ -99.092557741996913, 19.291788518880384 ], [ -99.092629012383, 19.291708958836033 ], [ -99.093037442024539, 19.291400529565092 ], [ -99.093196092008512, 19.291265449510231 ], [ -99.093361202203241, 19.291075679434098 ], [ -99.093473892047982, 19.290882149615793 ], [ -99.093604002005677, 19.290612879463243 ], [ -99.093700232211575, 19.290240779431464 ], [ -99.093894951859596, 19.289775099878657 ], [ -99.094077871525243, 19.289458079664858 ], [ -99.094410641250121, 19.289071279249921 ], [ -99.095366661711907, 19.288342249406959 ], [ -99.095494921617458, 19.287144069925152 ], [ -99.095416861715449, 19.28707237998205 ], [ -99.095385231300185, 19.28700518996823 ], [ -99.095388670975197, 19.286927500210513 ], [ -99.095417049098529, 19.286860960600805 ], [ -99.095485070914989, 19.286812850425903 ], [ -99.095541521485714, 19.286800470463895 ], [ -99.095612861154692, 19.285781650630749 ], [ -99.098959490451932, 19.286286100081377 ], [ -99.101862870171772, 19.286343389965545 ], [ -99.102223099818517, 19.285008920928075 ], [ -99.102285550003202, 19.284301950354067 ], [ -99.102348739364231, 19.282965161266368 ], [ -99.102449574177157, 19.280507927599206 ], [ -99.102308240125041, 19.275976022890731 ], [ -99.102179719547195, 19.27464690254979 ], [ -99.101047720356078, 19.275589792698508 ], [ -99.099284090006137, 19.277059932654584 ], [ -99.098761410278911, 19.277735882534305 ], [ -99.097222230611322, 19.277301422174752 ], [ -99.096858291074071, 19.277179822536151 ], [ -99.094168831519752, 19.276408413875949 ], [ -99.094724841504004, 19.274774043143683 ], [ -99.095036861572268, 19.274063852679117 ], [ -99.092825141675561, 19.273191903431535 ], [ -99.091511819938859, 19.27268828193138 ], [ -99.090018002573188, 19.272115423962099 ], [ -99.090868581426108, 19.271729753689986 ], [ -99.091074401933071, 19.271572104705324 ], [ -99.091253552251587, 19.271250673423538 ], [ -99.091260122476584, 19.27110575375055 ], [ -99.091891997637802, 19.2692851185754 ], [ -99.091963042058936, 19.269080414527433 ], [ -99.091980009986344, 19.2688611412188 ], [ -99.091901183509364, 19.268854965275484 ], [ -99.091785256412066, 19.26884588217963 ], [ -99.091644455715141, 19.268948892854805 ], [ -99.090868230832626, 19.26877085033658 ], [ -99.091465527408786, 19.267090936490746 ], [ -99.09172972636712, 19.266476712039577 ], [ -99.092627277515717, 19.266655893614516 ], [ -99.092731975787572, 19.266368585108104 ], [ -99.092834502219375, 19.265970844898508 ], [ -99.092837802322293, 19.26588208550972 ], [ -99.093026372251813, 19.265215054896139 ], [ -99.09073892229523, 19.264622424824928 ], [ -99.090077330765652, 19.264451012223766 ], [ -99.088108073135018, 19.263940765531483 ], [ -99.085036064166061, 19.263144765716532 ], [ -99.083409924515848, 19.262723386010684 ], [ -99.0827236040777, 19.262562276023157 ], [ -99.080990905179988, 19.262135215512934 ], [ -99.079695344690961, 19.261782284772337 ], [ -99.078080526244506, 19.261331521341319 ], [ -99.075552631040011, 19.260733960348109 ], [ -99.074987451897002, 19.260596529880996 ], [ -99.074950495336537, 19.260695100200138 ], [ -99.074832648290453, 19.260653357346563 ], [ -99.072461391721447, 19.259813411603279 ], [ -99.072117975795209, 19.259705954627304 ], [ -99.071783370626306, 19.259649033367722 ], [ -99.070412297321454, 19.2596516862165 ], [ -99.06972372786754, 19.25968364597697 ], [ -99.068794513855053, 19.25973478312866 ], [ -99.068154847396116, 19.25977867239067 ], [ -99.067966188166665, 19.259768356189483 ], [ -99.067585108539163, 19.259688246818985 ], [ -99.067390758256948, 19.259608756173684 ], [ -99.067155588127122, 19.259471996567324 ], [ -99.066356345936882, 19.259298627145068 ], [ -99.066264773179043, 19.259280342997123 ], [ -99.066133596415284, 19.259254248598403 ], [ -99.065770214788003, 19.260768526847929 ], [ -99.065728497657972, 19.260792974240566 ], [ -99.065605404235185, 19.260815697053911 ], [ -99.065290339044154, 19.261961041194997 ], [ -99.065415589001745, 19.261992450064614 ], [ -99.065379761683829, 19.262112874539874 ], [ -99.065636771744778, 19.262189439696485 ], [ -99.065081682587817, 19.263910746600608 ], [ -99.064878324123683, 19.264473117636033 ], [ -99.064475361633825, 19.264265012787032 ], [ -99.063839538525357, 19.26406403874088 ], [ -99.063846781995522, 19.264028485817501 ], [ -99.063625486344748, 19.263946486382292 ], [ -99.063638064883378, 19.263875135068037 ], [ -99.063464155417066, 19.263758140239062 ], [ -99.063478351859658, 19.26372223783893 ], [ -99.063352938002694, 19.263670590784287 ], [ -99.063160143458504, 19.263652362867564 ], [ -99.06251608884881, 19.263442412109377 ], [ -99.061419709277686, 19.262766445792568 ], [ -99.061159090766282, 19.262741805318129 ], [ -99.061003709455804, 19.26318038647295 ], [ -99.060783309704235, 19.263638955665044 ], [ -99.060604789299958, 19.263641255617294 ], [ -99.060514178717625, 19.263785985153056 ], [ -99.060461838937059, 19.263813105582681 ], [ -99.060085710154766, 19.263727425260367 ], [ -99.05987832940491, 19.263684595961031 ], [ -99.05966886985766, 19.263684676031982 ], [ -99.05944900390601, 19.263624127602633 ], [ -99.059459861007028, 19.263593763395708 ], [ -99.059342389368055, 19.263590616790648 ], [ -99.059024610255989, 19.263657795895551 ], [ -99.05882858026294, 19.263658025830857 ], [ -99.058422020467432, 19.263528385322235 ], [ -99.058625900327328, 19.26314005528404 ], [ -99.058718208984487, 19.262837796895777 ], [ -99.059123039378903, 19.261065765918829 ], [ -99.058964849195519, 19.260964926795221 ], [ -99.059005708917013, 19.260660757283254 ], [ -99.059060250429653, 19.260427556689432 ], [ -99.059064069409033, 19.260365704465585 ], [ -99.059107359684191, 19.25966458743742 ], [ -99.059290389911482, 19.259020486767248 ], [ -99.059394469533345, 19.258511056255557 ], [ -99.059429517462746, 19.2582682260425 ], [ -99.059457725765625, 19.258072466308921 ], [ -99.059384511603525, 19.258057133066391 ], [ -99.05932864898584, 19.257970830364489 ], [ -99.05933207035666, 19.257911257364743 ], [ -99.05953745063357, 19.256753706684918 ], [ -99.058738908202145, 19.256698298645958 ], [ -99.058250160955069, 19.256639093007003 ], [ -99.057441176550938, 19.256455233218823 ], [ -99.057358475479305, 19.256441827858076 ], [ -99.056878531336068, 19.256405786786779 ], [ -99.056389846492394, 19.256479407649511 ], [ -99.05591267770501, 19.256579588540703 ], [ -99.055772944158278, 19.256572342866175 ], [ -99.055462991640383, 19.256489018036834 ], [ -99.054861049976253, 19.256169788234878 ], [ -99.054318871648988, 19.256154647337645 ], [ -99.053807591146409, 19.256202997734853 ], [ -99.053562271248282, 19.256390308407109 ], [ -99.053453787311014, 19.256416100409989 ], [ -99.053339939643607, 19.25640897438662 ], [ -99.053110901861913, 19.256299766885654 ], [ -99.052532763192303, 19.256118072876045 ], [ -99.052360578571012, 19.256047449696741 ], [ -99.05188438164231, 19.255801218003391 ], [ -99.051703082294225, 19.255786128076618 ], [ -99.05134002906712, 19.255969936573642 ], [ -99.051148881108318, 19.256095197040558 ], [ -99.05070610173378, 19.256462187907335 ], [ -99.05040596124519, 19.257409136766714 ], [ -99.050106902788599, 19.257891227128013 ], [ -99.049178851909545, 19.257468657495124 ], [ -99.048756672407293, 19.257386846517612 ], [ -99.048597502197666, 19.258083337246234 ], [ -99.048551162770778, 19.258820986530903 ], [ -99.048405422963171, 19.258965106220376 ], [ -99.047772752019497, 19.259306367060681 ], [ -99.047472792151908, 19.259359797496671 ], [ -99.046853853607331, 19.25951113638126 ], [ -99.045710673704065, 19.259682626354611 ], [ -99.044842102639805, 19.260050426908649 ], [ -99.04409494571091, 19.260286851434756 ], [ -99.043428844442744, 19.260497626246238 ], [ -99.042213477209202, 19.261069509541446 ], [ -99.041673253303131, 19.261231506007658 ], [ -99.041510852067759, 19.261328064826664 ], [ -99.040969277666463, 19.261346772557818 ], [ -99.040543114211843, 19.26147639008099 ], [ -99.039278984952674, 19.261860789596053 ], [ -99.037810025739105, 19.262771475544415 ], [ -99.037131225763247, 19.263437685683261 ], [ -99.036711643424127, 19.263712905741038 ], [ -99.035011016406628, 19.265161656417295 ], [ -99.034985207550733, 19.265218708833029 ], [ -99.034855416690888, 19.265375595279128 ], [ -99.034116514173419, 19.265488886643976 ], [ -99.033814935955903, 19.265535124836642 ], [ -99.033266856480125, 19.265377567872655 ], [ -99.032663246844038, 19.266689305117779 ], [ -99.031058256802538, 19.264929644889136 ], [ -99.030838276285664, 19.264634394930788 ], [ -99.030528217320139, 19.264165566500434 ], [ -99.030460416341015, 19.263248136069187 ], [ -99.030422787645591, 19.263141106196763 ], [ -99.030273277541312, 19.262938275950813 ], [ -99.029812657143893, 19.262592655471842 ], [ -99.029558187825529, 19.262481525720752 ], [ -99.029293086628698, 19.262371735683601 ], [ -99.02788822686631, 19.262219385999103 ], [ -99.027192888059986, 19.26183410675911 ], [ -99.027111626825032, 19.261935556652908 ], [ -99.026851847819103, 19.261757876089131 ], [ -99.02646481745505, 19.261765925514293 ], [ -99.026032108709046, 19.261940756493292 ], [ -99.025834567518032, 19.262202286599351 ], [ -99.025380937911308, 19.262081885759279 ], [ -99.025074418646994, 19.262006955357766 ], [ -99.024812678006782, 19.261929046968202 ], [ -99.024342938389594, 19.261818086224373 ], [ -99.024049588699143, 19.261754285610191 ], [ -99.024008969352778, 19.261744326007125 ], [ -99.023622522946098, 19.261645149429398 ], [ -99.023320552262078, 19.26156765137225 ], [ -99.022893289109376, 19.261457995520693 ], [ -99.022527859530641, 19.261369505782337 ], [ -99.022003939823691, 19.261236126078813 ], [ -99.021755771103969, 19.261173191240676 ], [ -99.0217468793564, 19.261170935619017 ], [ -99.021503988217233, 19.261112855672238 ], [ -99.02129253840998, 19.261066487177715 ], [ -99.021087369869221, 19.261027626432632 ], [ -99.021024628695173, 19.261014416377627 ], [ -99.020744738781445, 19.260954226282252 ], [ -99.020510560060345, 19.260931706078058 ], [ -99.020318678818455, 19.26091659614826 ], [ -99.020318374342978, 19.260916646313508 ], [ -99.020050119355602, 19.260961216563125 ], [ -99.019817689536595, 19.261026275637629 ], [ -99.019734920081362, 19.261147847295071 ], [ -99.019296690503552, 19.260973076884468 ], [ -99.019066619823235, 19.2608922456626 ], [ -99.019021867218598, 19.260875621731511 ], [ -99.019021467869422, 19.260875473413165 ], [ -99.018984109840133, 19.260861596662149 ], [ -99.018900118885043, 19.260829657187429 ], [ -99.01882460367824, 19.260800932885424 ], [ -99.018666430025235, 19.260740766386007 ], [ -99.017936970078495, 19.260455787437486 ], [ -99.017563570505274, 19.260319077107187 ], [ -99.017414390258338, 19.260266935860397 ], [ -99.017278438778916, 19.260222926446474 ], [ -99.01726463002683, 19.260218456044925 ], [ -99.016895185110116, 19.260091765842589 ], [ -99.016851777267235, 19.260076882044757 ], [ -99.016617180980376, 19.259996433370379 ], [ -99.016560910565062, 19.259977136681844 ], [ -99.016507459584474, 19.259952556463883 ], [ -99.016451870388622, 19.259925638104793 ], [ -99.016381160272189, 19.259891397417203 ], [ -99.016146400724466, 19.259747627095425 ], [ -99.016074801254959, 19.259676306756784 ], [ -99.016056532943622, 19.259658105163499 ], [ -99.015947759761389, 19.259549726616818 ], [ -99.01563449575201, 19.259379928644233 ], [ -99.015552690070749, 19.259335587151988 ], [ -99.015347764352995, 19.259234597163402 ], [ -99.015198645639359, 19.259161108986607 ], [ -99.01485340126203, 19.258990966271988 ], [ -99.014435311436685, 19.258807656646759 ], [ -99.014181881566401, 19.258706596654442 ], [ -99.013909091781585, 19.258576286478213 ], [ -99.013714721197459, 19.258493846460016 ], [ -99.013435721379224, 19.258370816666694 ], [ -99.013209510577411, 19.258233047630206 ], [ -99.013005309382123, 19.258086735865795 ], [ -99.01295709168005, 19.258052186564964 ], [ -99.012840726396121, 19.257956032930963 ], [ -99.012826390988209, 19.257944187533742 ], [ -99.012669880441081, 19.257784287096893 ], [ -99.012517561614473, 19.257629106493727 ], [ -99.012177371526235, 19.257224906558069 ], [ -99.011977762206328, 19.256958647001813 ], [ -99.011842821839934, 19.256772256537928 ], [ -99.011764062192469, 19.256657217388749 ], [ -99.011821341543168, 19.256241736677755 ], [ -99.011690661435281, 19.256008226699741 ], [ -99.011316601969611, 19.255644887239484 ], [ -99.011279992455741, 19.255726197560477 ], [ -99.011022142267436, 19.255601617025022 ], [ -99.010817622215896, 19.255463597300533 ], [ -99.010685722509322, 19.255338787036106 ], [ -99.009850312733633, 19.254530187457679 ], [ -99.009804652838596, 19.254485337510058 ], [ -99.009233142273033, 19.253923878013975 ], [ -99.008573512481746, 19.253192567653869 ], [ -99.008337192331098, 19.252941937874297 ], [ -99.00812283275576, 19.252714997770642 ], [ -99.007758893153323, 19.252312537941169 ], [ -99.007611062664779, 19.252166398109729 ], [ -99.007037113277917, 19.251602987729662 ], [ -99.007275893192073, 19.251174538525529 ], [ -99.007412866751224, 19.250928794990823 ], [ -99.00747827923314, 19.250811437460133 ], [ -99.00749789291514, 19.250776248663492 ], [ -99.007681883317176, 19.251021028454719 ], [ -99.007939262698258, 19.250543139720445 ], [ -99.008257321930529, 19.250725108423069 ], [ -99.008431021464034, 19.250690939511014 ], [ -99.008644892602732, 19.250764788131843 ], [ -99.008814312212564, 19.250675737995831 ], [ -99.008875251827348, 19.250672199541935 ], [ -99.009057602386363, 19.250294088403706 ], [ -99.009201232128248, 19.249992138361741 ], [ -99.009344511930792, 19.249691629186685 ], [ -99.009494402702018, 19.249377789338368 ], [ -99.009497432727898, 19.2493687384484 ], [ -99.009500691097671, 19.249359019816758 ], [ -99.009592822197931, 19.24906798832102 ], [ -99.009707061037062, 19.24872682997184 ], [ -99.009760328758944, 19.24849103335508 ], [ -99.009762791779067, 19.248480129310156 ], [ -99.00979659265559, 19.248261658906568 ], [ -99.010129792576507, 19.247663109124602 ], [ -99.010344321968802, 19.247317939091882 ], [ -99.010451721129755, 19.247140078697942 ], [ -99.010503141824529, 19.247069568841265 ], [ -99.010618400857922, 19.247000188872029 ], [ -99.010813722555667, 19.247002649000624 ], [ -99.011064761393257, 19.2467191595067 ], [ -99.011115111974391, 19.246525430379837 ], [ -99.011137760999077, 19.246201279518186 ], [ -99.011124292088326, 19.24612853907712 ], [ -99.011183722321164, 19.246049889473035 ], [ -99.012288372158778, 19.24651098915048 ], [ -99.012377420887887, 19.246353939827824 ], [ -99.01238928150228, 19.246119999134514 ], [ -99.012460391978067, 19.245928789730538 ], [ -99.012701762168476, 19.245139629798246 ], [ -99.012467662061937, 19.245011399567044 ], [ -99.012557621663504, 19.244731140022093 ], [ -99.012819791436073, 19.244804289998275 ], [ -99.013909261109276, 19.245108259842269 ], [ -99.01394989042285, 19.244915449636594 ], [ -99.013964170594946, 19.244847740437809 ], [ -99.013987821088008, 19.244677429586861 ], [ -99.014014540879614, 19.244553340733727 ], [ -99.014048707369454, 19.244417608343614 ], [ -99.014055047933581, 19.244392417078998 ], [ -99.014065741416843, 19.244349940050675 ], [ -99.014105189986836, 19.244232419676671 ], [ -99.014140398921072, 19.24409968961751 ], [ -99.014145098809948, 19.244082066434679 ], [ -99.014166761505223, 19.244000760014877 ], [ -99.014295491156901, 19.243633769560464 ], [ -99.014320413689532, 19.243580723567064 ], [ -99.014361125441468, 19.243494068798068 ], [ -99.014388415253492, 19.243435985995465 ], [ -99.014441574082156, 19.243322840109577 ], [ -99.014523609421232, 19.243148234384595 ], [ -99.014631511410229, 19.242918570958171 ], [ -99.014841921590374, 19.242603450143498 ], [ -99.014927190667848, 19.242456740891409 ], [ -99.014946970022152, 19.242251940940253 ], [ -99.014975000633925, 19.242095400533032 ], [ -99.015055891010675, 19.241854280226601 ], [ -99.015274509654688, 19.241370570377143 ], [ -99.015398054942366, 19.241012821385052 ], [ -99.015407120638471, 19.240986571468088 ], [ -99.01548217123171, 19.240854091086323 ], [ -99.015550490026058, 19.240789571280406 ], [ -99.015609710389214, 19.24073673122756 ], [ -99.015687329776796, 19.240617992234228 ], [ -99.015734919892211, 19.240545190334288 ], [ -99.016024404841261, 19.240250617249043 ], [ -99.016460740681737, 19.239806608215716 ], [ -99.016441235989134, 19.239667172646534 ], [ -99.016477106330257, 19.239637167015793 ], [ -99.016712029720821, 19.23944064984801 ], [ -99.016772119195608, 19.239491536134867 ], [ -99.016999706392781, 19.239264325831748 ], [ -99.016999767828977, 19.239264264531318 ], [ -99.017221294450977, 19.239043104115741 ], [ -99.017304298366938, 19.238781779765176 ], [ -99.01733018460142, 19.238756154762441 ], [ -99.017370822371504, 19.238655823954602 ], [ -99.017391078789416, 19.238574185446545 ], [ -99.017487873017956, 19.238318915706877 ], [ -99.017748332824112, 19.238388506783647 ], [ -99.01774532803978, 19.238493241296609 ], [ -99.017841050467183, 19.238589673648644 ], [ -99.018311559783186, 19.238815228198266 ], [ -99.019210053353618, 19.239406577372929 ], [ -99.019365938192792, 19.23926356808807 ], [ -99.019405537305701, 19.239216828113253 ], [ -99.019445056833803, 19.239148529086012 ], [ -99.019742257921763, 19.239246908297666 ], [ -99.019803677607484, 19.239278287048723 ], [ -99.019899247432335, 19.239366787591237 ], [ -99.019986433078117, 19.239370264365867 ], [ -99.020148620946514, 19.239332688159617 ], [ -99.020339258467018, 19.239317536976451 ], [ -99.020547590522881, 19.239258153889583 ], [ -99.02116413813124, 19.239321018261048 ], [ -99.021306937442517, 19.239378257604685 ], [ -99.021724817630172, 19.239644337943645 ], [ -99.02211113685388, 19.239790568026287 ], [ -99.02347001929391, 19.240214351008383 ], [ -99.023503657238152, 19.240102147688567 ], [ -99.023586022796891, 19.239878806853415 ], [ -99.023653079529439, 19.239798680814076 ], [ -99.02372519358633, 19.239791803459706 ], [ -99.023861915767966, 19.239806987061186 ], [ -99.024704846201274, 19.240152247182277 ], [ -99.024835718519427, 19.240228707327422 ], [ -99.02499941081453, 19.240319277325508 ], [ -99.025163084969222, 19.240093969950077 ], [ -99.025232837880992, 19.24006557846872 ], [ -99.025290396298914, 19.24007239684213 ], [ -99.025501857073166, 19.240163387416114 ], [ -99.025571167358549, 19.240212657044403 ], [ -99.025676114800461, 19.240325157564985 ], [ -99.025712767039693, 19.240357017216002 ], [ -99.025774535949296, 19.240395026943517 ], [ -99.025840366642328, 19.240426127738594 ], [ -99.025917047115172, 19.240453017307146 ], [ -99.026062286263596, 19.240487077504731 ], [ -99.026135715794979, 19.240513277781684 ], [ -99.026261227443428, 19.240537182466316 ], [ -99.026333185780416, 19.240536486991509 ], [ -99.026404766083559, 19.240516843092728 ], [ -99.026458155719126, 19.240520018311841 ], [ -99.026504225880458, 19.240536537958775 ], [ -99.026561356179883, 19.240565337972058 ], [ -99.026605015267137, 19.240606138154913 ], [ -99.02665038645597, 19.240625227919093 ], [ -99.026746957870856, 19.240645891339081 ], [ -99.026948078513385, 19.240584197408893 ], [ -99.027032757883745, 19.240539357854022 ], [ -99.027073115759947, 19.240491137687741 ], [ -99.027289443995613, 19.240217766640392 ], [ -99.027286486362982, 19.240177849633849 ], [ -99.027273785730699, 19.240145369347744 ], [ -99.027154909535952, 19.240010018082646 ], [ -99.027514164604284, 19.239685858352704 ], [ -99.027580498867749, 19.239710233041855 ], [ -99.027631816377465, 19.239722588362515 ], [ -99.027679677768148, 19.239730977993688 ], [ -99.027718676353885, 19.239731649735504 ], [ -99.027764815549517, 19.239727428284894 ], [ -99.027793217929712, 19.239721397162995 ], [ -99.027843373176879, 19.239674237677026 ], [ -99.027900486371834, 19.239662027451001 ], [ -99.027913477940331, 19.239656787382032 ], [ -99.027919356056458, 19.239643568530699 ], [ -99.027928227099025, 19.239597228919376 ], [ -99.027940414610043, 19.239574019645652 ], [ -99.028000476756148, 19.239559028020246 ], [ -99.028013816307791, 19.239549817436529 ], [ -99.028024736314237, 19.23953022715413 ], [ -99.028032015273183, 19.239507189426494 ], [ -99.02803927474433, 19.239451908451425 ], [ -99.028045886671279, 19.239327419605488 ], [ -99.028058857411466, 19.239296990403247 ], [ -99.028167935607328, 19.239199859509029 ], [ -99.028215854807954, 19.239167557864683 ], [ -99.028271535393372, 19.239118258334226 ], [ -99.028310305823183, 19.239070707934722 ], [ -99.028360025071123, 19.238992360542301 ], [ -99.028421984330961, 19.238937618068586 ], [ -99.028478766250103, 19.238930257298176 ], [ -99.028564277630551, 19.238964561883073 ], [ -99.028613254711431, 19.238904048075394 ], [ -99.028695786217284, 19.238810589174644 ], [ -99.028786093585111, 19.238739688725158 ], [ -99.028859477978074, 19.238705057706493 ], [ -99.028893379548265, 19.238700274364405 ], [ -99.028938127353271, 19.238704286120367 ], [ -99.028962330701049, 19.238710667749029 ], [ -99.028988671988373, 19.238721188391324 ], [ -99.02905933547278, 19.238765904015008 ], [ -99.029083520518242, 19.238793154136342 ], [ -99.029098092218874, 19.238813334894967 ], [ -99.029107764692668, 19.238840346544151 ], [ -99.029117819253216, 19.238857800132187 ], [ -99.029126621124462, 19.238870236992636 ], [ -99.029168275495437, 19.238888029721974 ], [ -99.029297899707402, 19.238898877549126 ], [ -99.029335476964121, 19.238899716606607 ], [ -99.02935157253107, 19.238893240100872 ], [ -99.029362101754415, 19.238886657691928 ], [ -99.029373302618026, 19.238876658370298 ], [ -99.029391164673228, 19.238867822958692 ], [ -99.029409365122291, 19.238866039282733 ], [ -99.029474877940928, 19.238879352777765 ], [ -99.029503613751928, 19.238881726553455 ], [ -99.029546649701672, 19.238869762418066 ], [ -99.02955786555961, 19.238864148432658 ], [ -99.029592042099495, 19.238842908268769 ], [ -99.029611389185121, 19.238836046332008 ], [ -99.029630135817641, 19.238832223997008 ], [ -99.029652397168206, 19.238833618718743 ], [ -99.029671463447414, 19.238844969156766 ], [ -99.029709794473916, 19.238864693180702 ], [ -99.029764624745638, 19.238861790931065 ], [ -99.029786639661168, 19.238859002299073 ], [ -99.029815558817546, 19.238843257751711 ], [ -99.029892573229901, 19.238839778980939 ], [ -99.029923981204718, 19.238832817243672 ], [ -99.029970251997824, 19.238797871538381 ], [ -99.030018995426374, 19.238789861002633 ], [ -99.030114444890359, 19.238792209783341 ], [ -99.030157831893135, 19.238808675503147 ], [ -99.030221675740009, 19.238846738644042 ], [ -99.030248444794381, 19.23886993158871 ], [ -99.030342884335667, 19.238943628020767 ], [ -99.030455938183593, 19.23901003842553 ], [ -99.030489527882168, 19.239023673066139 ], [ -99.030515628536705, 19.23902047544756 ], [ -99.030543722979019, 19.239011580228414 ], [ -99.030564324000196, 19.238997603528116 ], [ -99.030588877830269, 19.238973738537688 ], [ -99.03060532833446, 19.238950103747964 ], [ -99.030622812852798, 19.238946506522783 ], [ -99.030666595193793, 19.238945542940229 ], [ -99.03070689725169, 19.238971471731841 ], [ -99.030735067567903, 19.238979047291725 ], [ -99.030768561480798, 19.238981237168261 ], [ -99.030808787613623, 19.238977308018523 ], [ -99.030875213694955, 19.238930357055239 ], [ -99.030966637090742, 19.238920143209732 ], [ -99.031039041575482, 19.238956087604635 ], [ -99.031126299079062, 19.238963701603232 ], [ -99.031212692285536, 19.239001691328756 ], [ -99.031268351151454, 19.239088124032506 ], [ -99.031517366258825, 19.239126580564424 ], [ -99.03149497357073, 19.239298483808771 ], [ -99.03151162344804, 19.239331695474121 ], [ -99.031552473830928, 19.239359700514999 ], [ -99.031522247628715, 19.239453540745135 ], [ -99.031883355244943, 19.239558398188368 ], [ -99.03209938526372, 19.239661616921321 ], [ -99.032524585446268, 19.23980591175728 ], [ -99.032277784531971, 19.240153363802115 ], [ -99.032129487442845, 19.240278327513451 ], [ -99.031226035657113, 19.240668214291912 ], [ -99.030984719301529, 19.241127386917093 ], [ -99.030907581515265, 19.241175412130733 ], [ -99.030815874698916, 19.241202232936747 ], [ -99.030565525876867, 19.241245698988461 ], [ -99.030539157420591, 19.241262648151228 ], [ -99.030525127711741, 19.241274201016342 ], [ -99.030444459345446, 19.241482836653638 ], [ -99.030428739248009, 19.241569206833077 ], [ -99.030480392294052, 19.241649867946215 ], [ -99.03050289565239, 19.241719812077715 ], [ -99.030501276897866, 19.241858549550503 ], [ -99.030404866761586, 19.242207466142776 ], [ -99.030498059974676, 19.242374226754816 ], [ -99.030506312665537, 19.242443720324182 ], [ -99.030394292067385, 19.242725551970953 ], [ -99.030328166960444, 19.243143074914716 ], [ -99.03035587299955, 19.243336481701359 ], [ -99.030335177446446, 19.243471223804232 ], [ -99.030241390513154, 19.243751910372019 ], [ -99.03011495088181, 19.244001115966388 ], [ -99.030283857618983, 19.244031044246604 ], [ -99.030347045212892, 19.24412924451261 ], [ -99.030816532234297, 19.244262586912726 ], [ -99.030997143020997, 19.244539439867118 ], [ -99.031264142968652, 19.244529775441766 ], [ -99.03127673872018, 19.244619908250382 ], [ -99.031551516942926, 19.244646569567475 ], [ -99.031587754183178, 19.244811907484433 ], [ -99.031548277152268, 19.245204618395963 ], [ -99.031572885222118, 19.245273458822933 ], [ -99.031562515465964, 19.245414338761314 ], [ -99.031378506076948, 19.245781197345849 ], [ -99.031494592564698, 19.245794357377136 ], [ -99.031412686931233, 19.246012876654479 ], [ -99.031195847031896, 19.245966853169659 ], [ -99.031167054115556, 19.246184875612045 ], [ -99.031999593638517, 19.246529208098284 ], [ -99.032245721405758, 19.246573762172272 ], [ -99.032297064721746, 19.246583055950577 ], [ -99.032407313068276, 19.246719718463329 ], [ -99.032851473685398, 19.246810728209912 ], [ -99.033160312239005, 19.246808319749782 ], [ -99.033376826101531, 19.246892130074926 ], [ -99.033703246559824, 19.246106938511474 ], [ -99.033867510483901, 19.245941713043621 ], [ -99.033879280481614, 19.245911460662708 ], [ -99.03390647382993, 19.245679869744745 ], [ -99.033936649323252, 19.245422858675212 ], [ -99.033925521960825, 19.245280720961951 ], [ -99.033959117281469, 19.245246613754052 ], [ -99.034316293215838, 19.245297044269623 ], [ -99.034796852105288, 19.245428509794529 ], [ -99.034813564517648, 19.245211450178068 ], [ -99.035119506428188, 19.245174935798474 ], [ -99.035393366039273, 19.244970679334994 ], [ -99.03620662254697, 19.244864799648401 ], [ -99.036691195171031, 19.244801710027307 ], [ -99.037057444525686, 19.244769959586776 ], [ -99.038337064694943, 19.244727084938461 ], [ -99.038258805958293, 19.245043388344705 ], [ -99.038288415981967, 19.245225486189003 ], [ -99.038362153251185, 19.245365059098969 ], [ -99.038351785521243, 19.245503098176808 ], [ -99.038421162395025, 19.246089226397743 ], [ -99.038586024468017, 19.246107769913024 ], [ -99.038615711300437, 19.246934660460155 ], [ -99.039034103546541, 19.246608251358346 ], [ -99.041049713992251, 19.245476818878473 ], [ -99.041654271138142, 19.24506965701417 ], [ -99.04189382250344, 19.244979567722442 ], [ -99.042184711775263, 19.244808256375002 ], [ -99.042242271869412, 19.244724108760632 ], [ -99.042288930424235, 19.244690137897535 ], [ -99.042362501403133, 19.24468001848458 ], [ -99.042490489192716, 19.244697724839902 ], [ -99.042586443647551, 19.244688607316959 ], [ -99.042748162489076, 19.244632545665116 ], [ -99.042841967601674, 19.244531743240486 ], [ -99.04293556252712, 19.244389298379229 ], [ -99.042988641662419, 19.24435509972847 ], [ -99.04322215546533, 19.244276481651347 ], [ -99.043373896377403, 19.244130134267795 ], [ -99.043507521130536, 19.24407173685772 ], [ -99.043616620106562, 19.244034126689471 ], [ -99.043986990012797, 19.243678368986554 ], [ -99.044268333517991, 19.243589228482897 ], [ -99.044502292441678, 19.243458614321437 ], [ -99.044727542116547, 19.243370808453321 ], [ -99.044843967133289, 19.243298549321167 ], [ -99.045483491793973, 19.242901624516463 ], [ -99.045608637860909, 19.24282626574097 ], [ -99.045793709655442, 19.242649019579691 ], [ -99.046211482775831, 19.242528537305837 ], [ -99.046306190942857, 19.242443879418641 ], [ -99.047111713574608, 19.241994540810847 ], [ -99.047856088972907, 19.241590007657592 ], [ -99.04812333156022, 19.241444767546302 ], [ -99.048445222589194, 19.24119461294239 ], [ -99.048902169269127, 19.240768289032957 ], [ -99.049038957698286, 19.240674727160215 ], [ -99.049448052458246, 19.240590020551465 ], [ -99.049882052940575, 19.240603930422353 ], [ -99.049953010737653, 19.24055525669645 ], [ -99.050000560060084, 19.24045850971002 ], [ -99.050078219575681, 19.240341221270519 ], [ -99.050738325597905, 19.239862414284215 ], [ -99.050910919208761, 19.239836554521105 ], [ -99.051102140746821, 19.239837087823979 ], [ -99.051190096023817, 19.239814829348855 ], [ -99.051345510062191, 19.239716546663701 ], [ -99.051389173908547, 19.239561288227758 ], [ -99.051833083651289, 19.239493324137968 ], [ -99.052341906739969, 19.239674495265358 ], [ -99.05266629592623, 19.239726394722005 ], [ -99.053333631386209, 19.240036984249528 ], [ -99.053717032855062, 19.240085398102739 ], [ -99.053758387859347, 19.240067006972595 ], [ -99.054389103864452, 19.240227310945176 ], [ -99.054417664024882, 19.240144505185828 ], [ -99.054969442358924, 19.240312236025094 ], [ -99.055117391738392, 19.239979880724739 ], [ -99.055509731283493, 19.240077361222991 ], [ -99.055485271132568, 19.240436967964424 ], [ -99.055705878424234, 19.240911588407499 ], [ -99.05574719080262, 19.241428307855649 ], [ -99.055768953810869, 19.241495852538083 ], [ -99.055769311415773, 19.241496960304691 ], [ -99.055769963228329, 19.241495886718933 ], [ -99.055826580008954, 19.241402937793708 ], [ -99.055931079254478, 19.24116330856701 ], [ -99.05609318979171, 19.240894129126506 ], [ -99.056259899287397, 19.240655047858471 ], [ -99.05633527966107, 19.24047595879324 ], [ -99.056388359656793, 19.240384730178221 ], [ -99.056446528517981, 19.240342889040459 ], [ -99.056621798851396, 19.240506529729142 ], [ -99.056788477102501, 19.240715505753098 ], [ -99.056825709436595, 19.240739967904879 ], [ -99.056869575500997, 19.240747367988252 ], [ -99.056913287318281, 19.240742306626409 ], [ -99.056968479710378, 19.24075292724277 ], [ -99.057011878862824, 19.24077332836368 ], [ -99.05707634899457, 19.240798677456599 ], [ -99.057143299189903, 19.240816257883317 ], [ -99.057217227255165, 19.240826143719861 ], [ -99.057298993011656, 19.240815601556257 ], [ -99.057348710053049, 19.240818018377819 ], [ -99.057426790604481, 19.240859328167087 ], [ -99.059668010476216, 19.243251650859886 ], [ -99.060335384816625, 19.243963998332887 ], [ -99.060078949552732, 19.244456246822089 ], [ -99.060072300388569, 19.244703656061116 ], [ -99.060132876117578, 19.244883155561766 ], [ -99.060706579243288, 19.24492684477045 ], [ -99.060734927344313, 19.244774079713991 ], [ -99.061226230818008, 19.244769294227986 ], [ -99.061719349313393, 19.244764517098691 ], [ -99.061941145938661, 19.244811979167338 ], [ -99.061941187873103, 19.244811980889381 ], [ -99.06236355799939, 19.244816649832323 ], [ -99.062196727359378, 19.245510355642693 ], [ -99.062141278067443, 19.245832686407145 ], [ -99.062110507875516, 19.246119824400793 ], [ -99.062323247657787, 19.246185325871576 ], [ -99.0625895079869, 19.246204726984491 ], [ -99.062719988993408, 19.246279058350652 ], [ -99.062706777409375, 19.246420684683287 ], [ -99.06283973049959, 19.246433476432273 ], [ -99.063356327032892, 19.245985787269404 ], [ -99.063419176994088, 19.246257354743754 ], [ -99.063742207134652, 19.246149656263249 ], [ -99.063916008803275, 19.246049014018613 ], [ -99.063949216835425, 19.2458977397933 ], [ -99.064088850278594, 19.245853508588741 ], [ -99.064126874631796, 19.24593481456785 ], [ -99.06426029876954, 19.245866655343523 ], [ -99.06441107387873, 19.245694025717146 ], [ -99.064353039233808, 19.245587587746385 ], [ -99.06424898526835, 19.245556525215722 ], [ -99.06418466961189, 19.245406794807952 ], [ -99.064207979221493, 19.24527367749937 ], [ -99.064304095267573, 19.245049087713667 ], [ -99.064203237944795, 19.244904438961381 ], [ -99.064194276753312, 19.24475190731572 ], [ -99.063945776975231, 19.24433141827911 ], [ -99.063873300533558, 19.244256786477216 ], [ -99.063728647869837, 19.244215286948041 ], [ -99.063560577360519, 19.244206076628934 ], [ -99.063300419419264, 19.244133306313802 ], [ -99.063722247134478, 19.243329647973866 ], [ -99.064005214523874, 19.242986307122926 ], [ -99.064288209914679, 19.242887128722895 ], [ -99.064411696199898, 19.242808926370301 ], [ -99.064530386054471, 19.242599326448126 ], [ -99.06462043663889, 19.242373726871087 ], [ -99.064626816209042, 19.242205227611716 ], [ -99.064587375848276, 19.241853417711567 ], [ -99.064356039008089, 19.241051859724351 ], [ -99.063978787597989, 19.24106222530451 ], [ -99.063972674996521, 19.240799430554699 ], [ -99.063840237856468, 19.240670167143765 ], [ -99.063783559616923, 19.240449248348234 ], [ -99.063871128180367, 19.240031648236041 ], [ -99.064018706074592, 19.239759127849865 ], [ -99.064011389522051, 19.239619358378633 ], [ -99.064049596458645, 19.239393368738366 ], [ -99.06408794565381, 19.239346676383398 ], [ -99.064118691395393, 19.239199495880676 ], [ -99.063943636721348, 19.239166234456047 ], [ -99.063471520982972, 19.239197415514049 ], [ -99.063459704519488, 19.239061238738824 ], [ -99.063122543235167, 19.23897668297694 ], [ -99.063206089438196, 19.238641283038536 ], [ -99.063338791465284, 19.238549104154377 ], [ -99.063339054925223, 19.238548918113406 ], [ -99.063339794364353, 19.238549130004078 ], [ -99.063607377539213, 19.238624926378741 ], [ -99.063801578752489, 19.238645728901506 ], [ -99.063802559775141, 19.238645840392522 ], [ -99.063802584434626, 19.238645758426248 ], [ -99.063865950082217, 19.238458763299562 ], [ -99.063929163517898, 19.238324708124363 ], [ -99.064013068950203, 19.238214628499986 ], [ -99.064119400423209, 19.23815959214912 ], [ -99.064268453211071, 19.238115607926552 ], [ -99.064587827559237, 19.237543879487927 ], [ -99.064771595701345, 19.237422616910404 ], [ -99.064916262811408, 19.237272964697659 ], [ -99.064999380459071, 19.237141255920637 ], [ -99.065130757863997, 19.237148939660013 ], [ -99.065197417840523, 19.237168529373317 ], [ -99.065342457452658, 19.237078983323087 ], [ -99.065928396036369, 19.236717218260498 ], [ -99.067216983798957, 19.235921616859617 ], [ -99.067751208191638, 19.23570484997942 ], [ -99.067920126895757, 19.235598586897254 ], [ -99.06811547695672, 19.235303200566626 ], [ -99.068213896263032, 19.235245769230819 ], [ -99.068777267281334, 19.235085337964023 ], [ -99.069422204917075, 19.23481738735352 ], [ -99.069778115268875, 19.23421445812544 ], [ -99.070029539085766, 19.234437255413649 ], [ -99.070132141107379, 19.234323476134517 ], [ -99.070189177991196, 19.234309373221649 ], [ -99.070394972065259, 19.234118699786606 ], [ -99.070625153364261, 19.233905430043986 ], [ -99.070999402445423, 19.233711651698957 ], [ -99.071226077550577, 19.233674100047143 ], [ -99.071309240906416, 19.233671850216183 ], [ -99.071458262893159, 19.233667817447518 ], [ -99.071637312910639, 19.233709044170183 ], [ -99.071807731154081, 19.23381180041428 ], [ -99.072015256729472, 19.233855473423034 ], [ -99.072015586204998, 19.233855543232451 ], [ -99.072016266386385, 19.233855493910717 ], [ -99.072242162312634, 19.233839056975089 ], [ -99.072406975946365, 19.233859873742585 ], [ -99.07274857170566, 19.233923930170945 ], [ -99.073327739801044, 19.233970603092761 ], [ -99.073831469749194, 19.233892767052115 ], [ -99.073991174627011, 19.233977138967045 ], [ -99.074403875448823, 19.234034558950281 ], [ -99.075169704188085, 19.23401533962889 ], [ -99.07527712615412, 19.233987461391703 ], [ -99.075457926628019, 19.233863802515238 ], [ -99.076569184167738, 19.233568079701076 ], [ -99.076749904255934, 19.233616969268766 ], [ -99.076865263167832, 19.233601139275351 ], [ -99.076945235032554, 19.233564790083189 ], [ -99.077022741666696, 19.233479661671716 ], [ -99.077731613119454, 19.233412608330447 ], [ -99.07763732462567, 19.234060201361554 ], [ -99.077644355214574, 19.234219759376984 ], [ -99.077676776673385, 19.234319120136451 ], [ -99.07738755553099, 19.235531342161046 ], [ -99.077287060765357, 19.235731591749676 ], [ -99.077095865939867, 19.235929730202454 ], [ -99.076940739388789, 19.236150871475417 ], [ -99.076480488165245, 19.236930025257426 ], [ -99.076400006187768, 19.237073941442318 ], [ -99.076376788887799, 19.237110992783432 ], [ -99.076121223882538, 19.237518836709871 ], [ -99.075822341014202, 19.238138080973606 ], [ -99.075751534765047, 19.238452232736961 ], [ -99.075712871658425, 19.238782580364933 ], [ -99.075713878317075, 19.23878260892327 ], [ -99.075829540351208, 19.238785881105347 ], [ -99.075973906839025, 19.239159445637462 ], [ -99.076076261557603, 19.239292791234742 ], [ -99.076096664123838, 19.239396877775551 ], [ -99.076177419768868, 19.239463621906392 ], [ -99.076192748089781, 19.239598359746125 ], [ -99.076282408173896, 19.239748823771436 ], [ -99.076272107316257, 19.239897201610358 ], [ -99.075930909826624, 19.239884383148912 ], [ -99.07593088225471, 19.239884423384797 ], [ -99.075898717328428, 19.239928217880504 ], [ -99.075853567761612, 19.239950359394545 ], [ -99.075841729751033, 19.24001209857472 ], [ -99.07579367321398, 19.240046526184504 ], [ -99.075628548067286, 19.239949840606108 ], [ -99.075363675240141, 19.239973475294747 ], [ -99.075082359945782, 19.23986379406341 ], [ -99.07508595661335, 19.240084881110917 ], [ -99.07534290550403, 19.240461157888845 ], [ -99.075471877444386, 19.240497698221578 ], [ -99.075546503965313, 19.240727080406032 ], [ -99.075424658947199, 19.240775396343917 ], [ -99.075479096542921, 19.240872230352924 ], [ -99.075613645190359, 19.241114956291 ], [ -99.075785296005293, 19.241298600284825 ], [ -99.075831076638835, 19.241351140737642 ], [ -99.075969260752245, 19.241485536727691 ], [ -99.076268175863035, 19.241711880402352 ], [ -99.076562993285208, 19.242018877859209 ], [ -99.076929276071908, 19.242274260161963 ], [ -99.077344749367739, 19.242348303831381 ], [ -99.077449232748208, 19.242366927041676 ], [ -99.078109663852203, 19.242610886740191 ], [ -99.078379972453519, 19.242705724872579 ], [ -99.078508614286037, 19.242735198517195 ], [ -99.078627325206696, 19.242757160313623 ], [ -99.078756184827583, 19.242768567775887 ], [ -99.078880093684944, 19.242768506313926 ], [ -99.079138772518135, 19.242722736887572 ], [ -99.079242494887367, 19.242693156676232 ], [ -99.079346232229767, 19.24265175518978 ], [ -99.079468634626679, 19.242586708398317 ], [ -99.079694741152139, 19.242421198811989 ], [ -99.080151745113795, 19.24197688009578 ], [ -99.080239321929298, 19.241801767937986 ], [ -99.080239602546357, 19.241708627557479 ], [ -99.080200443668716, 19.241514907801729 ], [ -99.080099341583733, 19.241292477638197 ], [ -99.079793904754041, 19.240862216649589 ], [ -99.0795798065854, 19.240463800295888 ], [ -99.080356514531047, 19.240109513345946 ], [ -99.080746570734917, 19.239798647615117 ], [ -99.080866904789787, 19.239741477487854 ], [ -99.081033950309561, 19.239713281812953 ], [ -99.081734878563566, 19.239762154021683 ], [ -99.082012694128949, 19.239746016286059 ], [ -99.082130974853683, 19.239720371323902 ], [ -99.082286572035372, 19.239667140470264 ], [ -99.082430805914669, 19.239670989647063 ], [ -99.08270161362249, 19.239745725340519 ], [ -99.082915923230885, 19.23977317033048 ], [ -99.083404870387341, 19.239710072646844 ], [ -99.08354921107329, 19.239743371340627 ], [ -99.0837486011783, 19.239737417283347 ], [ -99.083869924362062, 19.23969332746649 ], [ -99.083968754923532, 19.239640528654686 ], [ -99.084074810775689, 19.239554140887289 ], [ -99.084143174186877, 19.239464615141561 ], [ -99.084276870035424, 19.239340295185173 ], [ -99.084383742593062, 19.239264081948736 ], [ -99.084427684658365, 19.239197297923265 ], [ -99.084442057364143, 19.239052431275464 ], [ -99.084474575037703, 19.239001910323765 ], [ -99.084558378806577, 19.238936320064155 ], [ -99.084548978710288, 19.238916571747524 ], [ -99.084508927101723, 19.238899957882182 ], [ -99.084298344570797, 19.238897500215536 ], [ -99.084200803045235, 19.238980076988042 ], [ -99.084144949960745, 19.238999015359301 ], [ -99.084172720510608, 19.238778593790979 ], [ -99.084293966175238, 19.23869289616346 ], [ -99.084374592250597, 19.238502285225472 ], [ -99.084477489809217, 19.238336885168117 ], [ -99.084494993363506, 19.238299747595164 ], [ -99.084517157255959, 19.23823686103502 ], [ -99.084547859674942, 19.238114988756191 ], [ -99.084567880881281, 19.237943114936346 ], [ -99.084631856619581, 19.237838427772793 ], [ -99.084729903515054, 19.237717838735669 ], [ -99.084697550348096, 19.237702669164278 ], [ -99.084658573697453, 19.237691286488015 ], [ -99.084622993349328, 19.237690660121963 ], [ -99.084586423481397, 19.237706807249172 ], [ -99.08450082733053, 19.237769987283404 ], [ -99.084430944649711, 19.2378105816782 ], [ -99.084394618793652, 19.237820451306938 ], [ -99.084278735363526, 19.237818021258885 ], [ -99.084095116370008, 19.237532438837409 ], [ -99.084151694690448, 19.237400373954681 ], [ -99.084223968770701, 19.237231665765968 ], [ -99.084096551501986, 19.237183676868266 ], [ -99.084225189359032, 19.236840065303198 ], [ -99.084327707919698, 19.23686788326204 ], [ -99.084425260910095, 19.236840442016398 ], [ -99.084709428711577, 19.236715417549341 ], [ -99.084732025158445, 19.236685114430284 ], [ -99.08474575270634, 19.236675850266661 ], [ -99.084763648885115, 19.236663761981564 ], [ -99.084866352522056, 19.236525920436868 ], [ -99.084885184817892, 19.236492731511913 ], [ -99.084906673997565, 19.236430552274228 ], [ -99.085011893490204, 19.236253268828325 ], [ -99.085021658316037, 19.236222185207524 ], [ -99.085027212011994, 19.236188914751498 ], [ -99.085023330447967, 19.23611837983265 ], [ -99.085016674559284, 19.236093600161382 ], [ -99.085022319455604, 19.236063600293591 ], [ -99.085007712968348, 19.236027072217713 ], [ -99.084987581172243, 19.235896669933666 ], [ -99.084989398579907, 19.235871561011493 ], [ -99.085007606855214, 19.235837440467989 ], [ -99.085076827631994, 19.235642395862072 ], [ -99.085098676738056, 19.235602119634589 ], [ -99.085104233597761, 19.235575652357927 ], [ -99.085082879304068, 19.235537094160645 ], [ -99.085023968378508, 19.235469409778656 ], [ -99.08502516974535, 19.235431547100987 ], [ -99.085045145603587, 19.235368357517093 ], [ -99.085136058612335, 19.235210326651234 ], [ -99.085183091407302, 19.235195732294677 ], [ -99.085174392371854, 19.235163333682216 ], [ -99.085171384098786, 19.235101552192525 ], [ -99.085299802451786, 19.234889086822481 ], [ -99.08510205021733, 19.234798741209453 ], [ -99.084872114112983, 19.234678006650505 ], [ -99.084628093385746, 19.234492694322157 ], [ -99.084440402816583, 19.234299782846428 ], [ -99.084192009908165, 19.233939681429749 ], [ -99.084085073423353, 19.23374282808053 ], [ -99.083820940887804, 19.233391002880253 ], [ -99.083803965757824, 19.23331754074702 ], [ -99.083814475107687, 19.233299176389785 ], [ -99.083841076314783, 19.233296002845346 ], [ -99.083927809843416, 19.233359305430508 ], [ -99.084176414816767, 19.233623869951838 ], [ -99.084349169066797, 19.233964277443242 ], [ -99.084428789877578, 19.233945756481663 ], [ -99.084577781243823, 19.234030212775679 ], [ -99.084578649032196, 19.234030399859979 ], [ -99.084578789853566, 19.234030237689055 ], [ -99.084716746286404, 19.233837472310551 ], [ -99.085620642377151, 19.234202436689081 ], [ -99.085411372625259, 19.234651720222555 ], [ -99.086117676449248, 19.234913362038654 ], [ -99.086439174772636, 19.235066339321641 ], [ -99.086845511844729, 19.235256168903117 ], [ -99.086845930110783, 19.235256369044219 ], [ -99.086846523401775, 19.235256190234104 ], [ -99.086976766831214, 19.235206867946474 ], [ -99.087114061894113, 19.235001124466589 ], [ -99.08725743692932, 19.234843118931575 ], [ -99.087498582795575, 19.234509884613651 ], [ -99.087659308932345, 19.234138415177604 ], [ -99.087820507785892, 19.234012914879607 ], [ -99.088090380352668, 19.233370061302857 ], [ -99.08808261061192, 19.233090359354893 ], [ -99.087958831314296, 19.232912970070352 ], [ -99.087794459878793, 19.231700457987174 ], [ -99.087871193995923, 19.231712835399957 ], [ -99.089207510526407, 19.23191475681304 ], [ -99.089208430817678, 19.231914896865273 ], [ -99.089208518206661, 19.231914779865786 ], [ -99.089527258252659, 19.231482321088112 ], [ -99.089442724745624, 19.231409154612692 ], [ -99.089514349607867, 19.231330277685363 ], [ -99.089590299486062, 19.231114108396149 ], [ -99.089639946254195, 19.230682772128965 ], [ -99.089541024831775, 19.230356118826496 ], [ -99.089477573986969, 19.23023700865431 ], [ -99.089370820376985, 19.230116009942737 ], [ -99.089272107763463, 19.230036505430423 ], [ -99.089035189899008, 19.229885141372122 ], [ -99.088898259490534, 19.22980352713628 ], [ -99.088520742062954, 19.229668283761796 ], [ -99.087904509711194, 19.229616614478559 ], [ -99.087571922712783, 19.229536070887949 ], [ -99.087467329925104, 19.229481349168069 ], [ -99.087435243932944, 19.229427400216959 ], [ -99.087435161070687, 19.229427260908519 ], [ -99.087124980204095, 19.229467008672081 ], [ -99.086794991396943, 19.229582499918187 ], [ -99.086794753095219, 19.229582582294288 ], [ -99.086793984649006, 19.229582478678964 ], [ -99.086584753623711, 19.229554341781636 ], [ -99.08661703758726, 19.229392284227682 ], [ -99.086294050844302, 19.229354452760891 ], [ -99.086111598364312, 19.229266458076115 ], [ -99.085560652697623, 19.229083049730871 ], [ -99.084952710040753, 19.228840999709874 ], [ -99.084795813770256, 19.22922339978264 ], [ -99.084380195572862, 19.228950314778864 ], [ -99.083895004117821, 19.228558373113124 ], [ -99.083894551582901, 19.228558794714651 ], [ -99.083773827351735, 19.228671955872301 ], [ -99.08330864595915, 19.228344472894026 ], [ -99.082935465038958, 19.228194180312386 ], [ -99.082989463849515, 19.227997074919923 ], [ -99.083135869122401, 19.227815477050388 ], [ -99.083261502629256, 19.227625149957657 ], [ -99.083343901874557, 19.227352249670083 ], [ -99.083449503940798, 19.226811555080612 ], [ -99.08340669468592, 19.226802744497778 ], [ -99.083509352042995, 19.226312954857541 ], [ -99.083383011282635, 19.226286626869971 ], [ -99.083305437952262, 19.225560471030633 ], [ -99.083397779102413, 19.224306693905831 ], [ -99.083397784137418, 19.224306636926357 ], [ -99.083242390811847, 19.224311767611812 ], [ -99.083229972295683, 19.224145301107676 ], [ -99.082985027866627, 19.224072429493091 ], [ -99.082735939793196, 19.22356133552891 ], [ -99.082175705462689, 19.223189532379994 ], [ -99.081822364463477, 19.222678936361486 ], [ -99.082073304960687, 19.222501311122318 ], [ -99.082261574373433, 19.22236804313447 ], [ -99.082262213493536, 19.222367592532276 ], [ -99.082262579063624, 19.22236806889488 ], [ -99.082622738230171, 19.222837428442517 ], [ -99.082936331553654, 19.223099588803546 ], [ -99.083181147406791, 19.223250716455649 ], [ -99.083423617957493, 19.223270063574358 ], [ -99.083424623378519, 19.223270144605795 ], [ -99.083424625456502, 19.223270092099124 ], [ -99.083430238131868, 19.223104168967826 ], [ -99.083972273427008, 19.222559951914914 ], [ -99.084366547738213, 19.222426425949838 ], [ -99.08492874232553, 19.222530131378935 ], [ -99.08519929367715, 19.222700133080764 ], [ -99.085642261381679, 19.222609533338886 ], [ -99.08578344182942, 19.222695661385142 ], [ -99.085936611995038, 19.222612060106925 ], [ -99.085978952342344, 19.222565650583096 ], [ -99.086005000544176, 19.222506861651187 ], [ -99.08600821427639, 19.222420252381333 ], [ -99.086047214145452, 19.222234623777517 ], [ -99.086083060246494, 19.222197492034621 ], [ -99.086233405333289, 19.22213040269656 ], [ -99.086295471566729, 19.222118594445686 ], [ -99.086577902905802, 19.22213906112038 ], [ -99.086841772662993, 19.222233201950683 ], [ -99.086924011281027, 19.222249362492349 ], [ -99.087005899685906, 19.22225665758036 ], [ -99.087082302619805, 19.222255191064708 ], [ -99.08789340364423, 19.222106595187629 ], [ -99.088244173791551, 19.221955972241162 ], [ -99.08832530037219, 19.221900115268568 ], [ -99.088399109284964, 19.221717204223129 ], [ -99.088468744943171, 19.221645423171069 ], [ -99.088514341679485, 19.221647402437974 ], [ -99.088733031169326, 19.221704962157371 ], [ -99.088775572810817, 19.221739532932077 ], [ -99.088798520666657, 19.221773893443338 ], [ -99.088805981163205, 19.221817342114072 ], [ -99.088723842143111, 19.222189229094852 ], [ -99.088401781038513, 19.222353835320529 ], [ -99.088360812437955, 19.222585760049665 ], [ -99.088503302287165, 19.222822881155082 ], [ -99.089132148933615, 19.223543531305307 ], [ -99.089185600904187, 19.223591861316613 ], [ -99.089247771650449, 19.223622491704631 ], [ -99.089487631677926, 19.223713191617346 ], [ -99.089649259022451, 19.223851111935744 ], [ -99.089944663044633, 19.224042806927038 ], [ -99.09054920167921, 19.224003960906032 ], [ -99.090599462136439, 19.223992631795458 ], [ -99.090633832585283, 19.22397253005802 ], [ -99.090820660392126, 19.223560312481165 ], [ -99.09088145946734, 19.223512591180111 ], [ -99.090920322960756, 19.223433712735517 ], [ -99.091193968257855, 19.223176261977994 ], [ -99.091299185261249, 19.223121283367604 ], [ -99.091299742679965, 19.223120995135105 ], [ -99.091542011821218, 19.222821132057046 ], [ -99.091614689577852, 19.222711880682908 ], [ -99.091680571407352, 19.222528896749736 ], [ -99.091740268820033, 19.222255282938313 ], [ -99.091644442459753, 19.222003141614788 ], [ -99.091627674555212, 19.221813618896981 ], [ -99.091550540348649, 19.22169189340547 ], [ -99.091366213006992, 19.221503541777277 ], [ -99.091049740138843, 19.221349170748375 ], [ -99.091029633681686, 19.221278869111416 ], [ -99.0910750679367, 19.220963494652793 ], [ -99.091073149479143, 19.220847264473651 ], [ -99.091047170357967, 19.220710313051139 ], [ -99.091013829554186, 19.22063869644694 ], [ -99.090863939555874, 19.220484732940172 ], [ -99.090862541555708, 19.22048329630142 ], [ -99.090817302126865, 19.220389623612295 ], [ -99.090702188597888, 19.219752691780815 ], [ -99.09044242786824, 19.218992077476639 ], [ -99.090336919523537, 19.218683132587536 ], [ -99.090715072013012, 19.218739779282295 ], [ -99.091287215055473, 19.218993660913853 ], [ -99.091742059872161, 19.21919549104506 ], [ -99.09180183328165, 19.219199860614701 ], [ -99.091844932383978, 19.219174455723788 ], [ -99.092267736614218, 19.218348200694695 ], [ -99.092040285274393, 19.218235927026029 ], [ -99.091830327542468, 19.218144367176944 ], [ -99.091615564918627, 19.218046928925752 ], [ -99.091408765227882, 19.217953102806298 ], [ -99.091410922714203, 19.21791441223597 ], [ -99.091507694683045, 19.217645188097709 ], [ -99.091577222398172, 19.217455849536638 ], [ -99.09162908947124, 19.217306792699894 ], [ -99.091689364518786, 19.217160583162773 ], [ -99.091763365589458, 19.217088953108426 ], [ -99.091908541450877, 19.216948428858565 ], [ -99.092008603165965, 19.216811926766219 ], [ -99.092151363021813, 19.216477890211337 ], [ -99.092368624249332, 19.216213226534844 ], [ -99.092352532129112, 19.21612964791073 ], [ -99.092515573151175, 19.215937991959272 ], [ -99.092526304913875, 19.215869052291083 ], [ -99.092526309003958, 19.215556969235987 ], [ -99.092490340442083, 19.21525469361972 ], [ -99.092361644938791, 19.214741619514047 ], [ -99.092199273153099, 19.214252979533423 ], [ -99.092177069729132, 19.214161603461193 ], [ -99.092155900767622, 19.214074486348142 ], [ -99.092103660295805, 19.213937495079229 ], [ -99.092010926340677, 19.213783634651499 ], [ -99.091988386330229, 19.213717104628021 ], [ -99.09182979829788, 19.213205062256513 ], [ -99.091745136916316, 19.212931711647382 ], [ -99.091671298657801, 19.212778097444765 ], [ -99.091571494958856, 19.212574678419291 ], [ -99.091490256806992, 19.212426415390691 ], [ -99.091386371532607, 19.212186657272518 ], [ -99.091308770998339, 19.211996235398761 ], [ -99.091193507014381, 19.21178310720703 ], [ -99.0911362213308, 19.211689897365211 ], [ -99.091006805191796, 19.211579234710587 ], [ -99.09094550675843, 19.211329983685054 ], [ -99.090866318046665, 19.211044999103258 ], [ -99.090928831013983, 19.211025500736536 ], [ -99.090957692187956, 19.211016497195899 ], [ -99.09170937095567, 19.210917208488262 ], [ -99.09205737473313, 19.210902982447607 ], [ -99.092384041751174, 19.21088962746153 ], [ -99.09292167079839, 19.210915887535673 ], [ -99.093173242143834, 19.210927057690554 ], [ -99.093381241723051, 19.210961608496621 ], [ -99.093534470581304, 19.211005827440026 ], [ -99.093677572210382, 19.211076037253374 ], [ -99.09376254336216, 19.211136202190538 ], [ -99.094001630998505, 19.211305487866863 ], [ -99.094128029367084, 19.211412869982226 ], [ -99.09419663054004, 19.21147114861515 ], [ -99.0942874008269, 19.211521548075524 ], [ -99.094388670779324, 19.211550317635968 ], [ -99.094477270930483, 19.211550267298172 ], [ -99.094553200539082, 19.211535827286898 ], [ -99.094646830890625, 19.211490138729879 ], [ -99.094735401550963, 19.211430027615194 ], [ -99.094826471041785, 19.211357917022799 ], [ -99.094892241762992, 19.211280438158038 ], [ -99.094937781838283, 19.211217967710997 ], [ -99.094968100699077, 19.211148288187896 ], [ -99.094988321443992, 19.211071398536745 ], [ -99.095048473593096, 19.210197882045136 ], [ -99.095056860116003, 19.210076098906136 ], [ -99.095062753342276, 19.209905902032762 ], [ -99.095068550969089, 19.209738488285268 ], [ -99.095091240390843, 19.209587138036564 ], [ -99.095151900616486, 19.209435768390943 ], [ -99.095245470721963, 19.2092561481467 ], [ -99.095406667393078, 19.20901274575521 ], [ -99.095547381738015, 19.208800268278903 ], [ -99.095603841291037, 19.208715009187191 ], [ -99.09567935158536, 19.208625057741415 ], [ -99.095766770593286, 19.20857546769756 ], [ -99.095848441793194, 19.208553038288773 ], [ -99.095966410860711, 19.208551258259785 ], [ -99.096115261338113, 19.208570119356082 ], [ -99.096265499968567, 19.208595888695733 ], [ -99.096425089992223, 19.208623809139478 ], [ -99.096543059862796, 19.208649198473282 ], [ -99.096672060054672, 19.20866194789625 ], [ -99.096769671524939, 19.208661567670298 ], [ -99.096865431161618, 19.20865097781282 ], [ -99.096988241570912, 19.208627867720843 ], [ -99.097130980516098, 19.208589839082002 ], [ -99.097936630595612, 19.208327087842832 ], [ -99.097954075753862, 19.208321884188948 ], [ -99.098129700041511, 19.208269498642512 ], [ -99.098261349404297, 19.208235318103593 ], [ -99.09834294058254, 19.208223779106298 ], [ -99.098402830766091, 19.208218059554223 ], [ -99.098480769956637, 19.208212319099257 ], [ -99.098811779902903, 19.208212138592618 ], [ -99.098887870052522, 19.208208498646059 ], [ -99.098937400337718, 19.208206518890304 ], [ -99.099029690148981, 19.208193688493349 ], [ -99.099102270633651, 19.208179939315283 ], [ -99.099155540035568, 19.208161437762662 ], [ -99.099204830233361, 19.208144398044258 ], [ -99.099243570044862, 19.208231948086365 ], [ -99.09926621097911, 19.208588469480386 ], [ -99.099319100949359, 19.208749299295231 ], [ -99.09939417759189, 19.208870578986591 ], [ -99.099666606612033, 19.209110408951378 ], [ -99.099694230528272, 19.209155754945382 ], [ -99.099738869872269, 19.209229030721382 ], [ -99.099819780531291, 19.209475517635031 ], [ -99.099877180400526, 19.20956771679235 ], [ -99.100384119129728, 19.210071835844502 ], [ -99.100532549078167, 19.210191657705241 ], [ -99.100685410319699, 19.210283860189961 ], [ -99.10146811859147, 19.210580597488697 ], [ -99.101714379755037, 19.210691548404544 ], [ -99.102041239454778, 19.210734767261918 ], [ -99.10215351985515, 19.210786198159454 ], [ -99.102356899504855, 19.210846857389154 ], [ -99.102569089308332, 19.211097177734068 ], [ -99.102884068992282, 19.21109889736044 ], [ -99.103045859167011, 19.211192977521023 ], [ -99.103173369406548, 19.211297637241142 ], [ -99.103303068994421, 19.211420168248992 ], [ -99.1033998097504, 19.211553577892698 ], [ -99.10345888868126, 19.211701608227216 ], [ -99.103518088739762, 19.212664487511361 ], [ -99.103560041995934, 19.212766466203956 ], [ -99.103973839835874, 19.213972597355191 ], [ -99.103963009088972, 19.214051766752323 ], [ -99.104032369194584, 19.214615086940078 ], [ -99.104135369071841, 19.214977297374919 ], [ -99.104171499651613, 19.215044537454613 ], [ -99.104269428369918, 19.215121504478208 ], [ -99.104302518262983, 19.215221337294178 ], [ -99.104757028860803, 19.215824037163419 ], [ -99.105146797104055, 19.216115100411486 ], [ -99.105385997054867, 19.216224147387678 ], [ -99.105437221951675, 19.216278271966473 ], [ -99.105568732066942, 19.216894207344659 ], [ -99.105971132870224, 19.217339299368234 ], [ -99.106033336512553, 19.21749393605387 ], [ -99.106031147738051, 19.217946315827653 ], [ -99.105877535782184, 19.218513116135181 ], [ -99.105904853730493, 19.218553163776598 ], [ -99.106098540003288, 19.218647298330207 ], [ -99.106280534595143, 19.21869902467456 ], [ -99.1063990005579, 19.218795565487646 ], [ -99.106518762077144, 19.21904385595289 ], [ -99.106525438362127, 19.219312972442534 ], [ -99.106525431894283, 19.219313097342699 ], [ -99.106477589181026, 19.219404267854273 ], [ -99.106413581886642, 19.219681809575864 ], [ -99.106413499062825, 19.219682206616216 ], [ -99.106413517206036, 19.219682250450688 ], [ -99.106423048137074, 19.219747692158279 ], [ -99.107707069961265, 19.220415794257512 ], [ -99.107967038579702, 19.220273841479788 ], [ -99.107958242346811, 19.220236423884316 ], [ -99.108093796884887, 19.220225723796993 ], [ -99.108462654534904, 19.220259146110969 ], [ -99.108480069540278, 19.220224817163711 ], [ -99.108597678529179, 19.220304173580246 ], [ -99.108671030766786, 19.220372133110825 ], [ -99.108718928581212, 19.220264652646787 ], [ -99.108753783978884, 19.220090364194519 ], [ -99.108988031388208, 19.220308660042651 ], [ -99.109326279308476, 19.220684076874576 ], [ -99.109298986422374, 19.220761790477109 ], [ -99.109278688263956, 19.220804622152905 ], [ -99.109352949808638, 19.220933579868312 ], [ -99.109419164098313, 19.220946032911193 ], [ -99.109480355316848, 19.220937936486646 ], [ -99.10956110036625, 19.220906711675621 ], [ -99.109629775866935, 19.220840027861641 ], [ -99.109928347733671, 19.220946276488089 ], [ -99.109970298215288, 19.220924345116064 ], [ -99.110003836490193, 19.220876535727502 ], [ -99.110867123181563, 19.218211729659583 ], [ -99.111291229925797, 19.218832780449134 ], [ -99.111417083903532, 19.219017076928509 ], [ -99.111436118654765, 19.219021998194489 ], [ -99.112796086891308, 19.219572685685701 ], [ -99.115632025197812, 19.220532375158847 ], [ -99.115682545586807, 19.220607516021499 ], [ -99.116300296010351, 19.220838630269423 ], [ -99.116742665435979, 19.221185835863114 ], [ -99.116751115377383, 19.221250995371513 ], [ -99.116647862188472, 19.221478841435271 ], [ -99.116592635633154, 19.221699885943213 ], [ -99.116615605460893, 19.221823694709393 ], [ -99.116606486352708, 19.221893195335653 ], [ -99.116451206643461, 19.221862635208836 ], [ -99.115957235392401, 19.221911065200658 ], [ -99.115854145126434, 19.221897885139501 ], [ -99.115701316479644, 19.221916204862882 ], [ -99.115669656510505, 19.221934485881466 ], [ -99.115671636209854, 19.221964315749247 ], [ -99.11571782605283, 19.222044826125746 ], [ -99.115729265051925, 19.22209194513972 ], [ -99.115724426338829, 19.222138945217459 ], [ -99.115667285147538, 19.222275835119497 ], [ -99.115540996001869, 19.222392595777052 ], [ -99.115391996416832, 19.222493856036948 ], [ -99.115335806545488, 19.222581026055718 ], [ -99.115253915679517, 19.222641966200538 ], [ -99.115083945396691, 19.222690914921646 ], [ -99.115040916763448, 19.222733055754095 ], [ -99.115013395680293, 19.222774576093453 ], [ -99.114996235641868, 19.222959855221337 ], [ -99.1148896328924, 19.22330530105728 ], [ -99.114824795598508, 19.223466865686966 ], [ -99.114755136668293, 19.223573195053323 ], [ -99.114692296331214, 19.223635694970397 ], [ -99.114619465868799, 19.223690295880527 ], [ -99.114561535295692, 19.223724835147451 ], [ -99.114457001586842, 19.223763663074141 ], [ -99.11424720581077, 19.223794024627445 ], [ -99.114117977207542, 19.223785735181039 ], [ -99.114032495583629, 19.223764364348092 ], [ -99.113931285583774, 19.22370568456364 ], [ -99.113871235506252, 19.223713264692403 ], [ -99.11379496723363, 19.22374671561893 ], [ -99.113765655651235, 19.223777375146295 ], [ -99.113737835674328, 19.223841435721578 ], [ -99.113667436368161, 19.223898575923158 ], [ -99.113543946264542, 19.223980535805321 ], [ -99.113461855639883, 19.224001135414056 ], [ -99.113402996949119, 19.224005145040657 ], [ -99.113339935405548, 19.224051535576901 ], [ -99.113276909308624, 19.224124964728329 ], [ -99.113167686766062, 19.224296665064831 ], [ -99.1129594296345, 19.224933609528524 ], [ -99.112723207174511, 19.225312235130286 ], [ -99.11268505630585, 19.225419804241721 ], [ -99.112707085651465, 19.225428064093069 ], [ -99.112686006617778, 19.225484491121996 ], [ -99.112520527022198, 19.225927440626329 ], [ -99.113035633149579, 19.226116135953468 ], [ -99.113043581664243, 19.226241697147415 ], [ -99.113203123255701, 19.226388053966602 ], [ -99.113535020794814, 19.226471363186445 ], [ -99.113845461223036, 19.226493888834856 ], [ -99.114570899798125, 19.226618184079399 ], [ -99.115038846600001, 19.226625978588 ], [ -99.115067221748149, 19.226518589771008 ], [ -99.115094238952935, 19.226501165877139 ], [ -99.115126621570866, 19.226488807461671 ], [ -99.115405801445419, 19.226462971130491 ], [ -99.115471669185837, 19.226404112586188 ], [ -99.115526809234467, 19.226385776404097 ], [ -99.115923762029055, 19.226162247184721 ], [ -99.116163399200246, 19.226284663908 ], [ -99.116068735983163, 19.226173003860868 ], [ -99.115976115038663, 19.225967054152665 ], [ -99.115797631042355, 19.225330217251262 ], [ -99.115697266372123, 19.224942574484267 ], [ -99.115660514937673, 19.224516494464051 ], [ -99.115629066417227, 19.224438595678382 ], [ -99.115492255688352, 19.224327394922945 ], [ -99.115481794852982, 19.224259165279392 ], [ -99.115485536612127, 19.224179255379457 ], [ -99.115507256434114, 19.224131642780879 ], [ -99.115558036476656, 19.224075944240738 ], [ -99.115682035309575, 19.223992425104928 ], [ -99.11589253672274, 19.223890624337599 ], [ -99.116222308578429, 19.223730926826537 ], [ -99.116342496616554, 19.223655915799814 ], [ -99.116443686750145, 19.223546174531752 ], [ -99.116477316246048, 19.223492085109452 ], [ -99.116496967863498, 19.223263216127474 ], [ -99.11652045514532, 19.223183897275064 ], [ -99.116580095611454, 19.222982485823643 ], [ -99.116710315232069, 19.222829835723616 ], [ -99.116810806156636, 19.222782285189631 ], [ -99.117157792692524, 19.222712011842031 ], [ -99.11722586861697, 19.222670729239123 ], [ -99.117589286006819, 19.222450346168426 ], [ -99.11777959480419, 19.222292205428921 ], [ -99.117805885420751, 19.222240685456349 ], [ -99.117818777562931, 19.221902591204621 ], [ -99.117835515848896, 19.221463625189525 ], [ -99.117602235138435, 19.221138225730503 ], [ -99.117604795998034, 19.221013685272453 ], [ -99.117591494723612, 19.220952055284521 ], [ -99.117471429427056, 19.220729535322654 ], [ -99.117497472002285, 19.220049406713407 ], [ -99.117044082164711, 19.219168111876193 ], [ -99.116956296619549, 19.218821496141821 ], [ -99.116855336080164, 19.218557610273248 ], [ -99.116803466490893, 19.218422035952273 ], [ -99.116349635121992, 19.21847866601378 ], [ -99.116143565285668, 19.218479485768913 ], [ -99.115632414297721, 19.218199306949327 ], [ -99.115405406097352, 19.21818585612036 ], [ -99.115241256131156, 19.218145096211636 ], [ -99.115203516442975, 19.218355437001275 ], [ -99.11518957588973, 19.21838746661491 ], [ -99.115165136395277, 19.218414026468547 ], [ -99.115131425371629, 19.218428406843497 ], [ -99.11473914667036, 19.218449636166849 ], [ -99.114637936058259, 19.218490575811799 ], [ -99.114147457087412, 19.218541086532664 ], [ -99.113948805652541, 19.218542777136307 ], [ -99.11347249622149, 19.218482577008761 ], [ -99.11341309641692, 19.218460207047233 ], [ -99.113355086866008, 19.218336316156797 ], [ -99.113669085816454, 19.217911310454454 ], [ -99.113782625879068, 19.217797806222222 ], [ -99.115217647235767, 19.217078840217464 ], [ -99.11541850217067, 19.217060811088295 ], [ -99.115614496184151, 19.217064935777145 ], [ -99.116192316798504, 19.217099825920574 ], [ -99.116290935040439, 19.217091397221317 ], [ -99.116607166467972, 19.216965496256009 ], [ -99.117069864753702, 19.216699236300752 ], [ -99.117145065693592, 19.216610316657317 ], [ -99.117244235658447, 19.216522256970727 ], [ -99.117462007317243, 19.216416282495477 ], [ -99.1184222048837, 19.215941636288026 ], [ -99.118696434535678, 19.215772287379576 ], [ -99.119099314505135, 19.215489096207325 ], [ -99.119272205863709, 19.215246226513308 ], [ -99.119318915806602, 19.214994737505624 ], [ -99.119346544381315, 19.214608488068066 ], [ -99.1193771655132, 19.214548037519585 ], [ -99.119451424210666, 19.214487087916737 ], [ -99.119625595181418, 19.214477776825067 ], [ -99.119708655468685, 19.214513837299968 ], [ -99.11974025509376, 19.214577056940556 ], [ -99.119788854074272, 19.215142087379046 ], [ -99.119805934829003, 19.21519376705762 ], [ -99.11984851412366, 19.215248656577529 ], [ -99.11991319421287, 19.215284147029511 ], [ -99.119991492234377, 19.215297027058917 ], [ -99.120091894683242, 19.215287266485635 ], [ -99.120244975543031, 19.215143396846919 ], [ -99.120381855674182, 19.21494733700327 ], [ -99.120794826019761, 19.21418410111621 ], [ -99.12021066510394, 19.213957408112911 ], [ -99.120206944979969, 19.213330917171547 ], [ -99.119757995047223, 19.213159037149257 ], [ -99.119745935659054, 19.212926347626389 ], [ -99.1198680359078, 19.212660207741575 ], [ -99.119919735135923, 19.212391497973897 ], [ -99.11996409422872, 19.212025288049624 ], [ -99.119941335372758, 19.211585148606801 ], [ -99.119551604874644, 19.210873808905752 ], [ -99.119523775636168, 19.210711607246715 ], [ -99.11948633540743, 19.21063591725482 ], [ -99.119276722995394, 19.210399398618648 ], [ -99.118514296034419, 19.209047978841191 ], [ -99.11847933591693, 19.208936778974159 ], [ -99.118479296142937, 19.208875269003762 ], [ -99.118661085092285, 19.208365487943926 ], [ -99.118925923414395, 19.207760979739611 ], [ -99.119044254270605, 19.207403368179186 ], [ -99.119049665767363, 19.207297458103259 ], [ -99.118982715725252, 19.207163868803885 ], [ -99.118972886124979, 19.207062029140843 ], [ -99.119043775179946, 19.206864868781953 ], [ -99.119172454677098, 19.206707888939842 ], [ -99.119223594805533, 19.206679339810943 ], [ -99.119433295059892, 19.206695938184584 ], [ -99.119605404288421, 19.206695718281054 ], [ -99.119863455077763, 19.206805519464698 ], [ -99.120080545680054, 19.206869688423151 ], [ -99.120261834469915, 19.206025318546118 ], [ -99.121341803884135, 19.206208459575315 ], [ -99.122044841958427, 19.20626978058494 ], [ -99.122406160096574, 19.206308728180378 ], [ -99.122226933840111, 19.206000195321419 ], [ -99.122175249782217, 19.205812387382519 ], [ -99.122213157996214, 19.20554450517438 ], [ -99.121578575232661, 19.204938549126229 ], [ -99.121464315196377, 19.204859119446322 ], [ -99.121371315519227, 19.204762340239832 ], [ -99.121309093724633, 19.204672919064603 ], [ -99.12127305382738, 19.204533428637802 ], [ -99.121271793853836, 19.204342318916204 ], [ -99.121220625248085, 19.204245918893402 ], [ -99.121103945130898, 19.204139081212411 ], [ -99.121056054868959, 19.204052038767276 ], [ -99.121027863785699, 19.203986859455224 ], [ -99.120931994177198, 19.203896149569598 ], [ -99.120871764248591, 19.203627949169586 ], [ -99.120465935604173, 19.203059919160573 ], [ -99.120360624539913, 19.202966499456828 ], [ -99.120276294636909, 19.202915489003132 ], [ -99.120123635048984, 19.202857199171884 ], [ -99.11962628441178, 19.202833540140709 ], [ -99.119522665843846, 19.202812459871637 ], [ -99.119427654162948, 19.202775970457161 ], [ -99.119173684388244, 19.202584399407531 ], [ -99.118997916013896, 19.202503750593493 ], [ -99.11892951477158, 19.202415089455652 ], [ -99.118894625353576, 19.202392599113924 ], [ -99.118737455592168, 19.202350670277632 ], [ -99.118681894465055, 19.202314369950571 ], [ -99.118643595048184, 19.202219919897825 ], [ -99.118614835415741, 19.202187240395034 ], [ -99.118578464392044, 19.202163659925361 ], [ -99.118377514891932, 19.202100210273215 ], [ -99.118237715206789, 19.202007659974878 ], [ -99.118103344544906, 19.201959240664699 ], [ -99.117833795717829, 19.201808090758256 ], [ -99.117793025847874, 19.201794659743619 ], [ -99.117682605585728, 19.201785830889829 ], [ -99.117643535267618, 19.201767340839105 ], [ -99.117619426381438, 19.201742831058418 ], [ -99.117592902528401, 19.201697431018079 ], [ -99.117554294865727, 19.201666630648052 ], [ -99.117434895830911, 19.201653739991851 ], [ -99.115524995951247, 19.20076752040184 ], [ -99.115044456000419, 19.200600010684962 ], [ -99.114752085833288, 19.20054677105178 ], [ -99.114514577217037, 19.200476341033138 ], [ -99.114348165615837, 19.200386840691632 ], [ -99.114203976030609, 19.200246671224772 ], [ -99.113854175651127, 19.200035569777835 ], [ -99.113859978057661, 19.199905443104839 ], [ -99.113830026390943, 19.199729703094754 ], [ -99.113986994989091, 19.199393520424287 ], [ -99.114003915392146, 19.199327070015485 ], [ -99.113963516383748, 19.199109103399245 ], [ -99.113958467897504, 19.199006033032759 ], [ -99.114009977046877, 19.198694300552944 ], [ -99.114009930286016, 19.198647891514806 ], [ -99.113939807243511, 19.198541091019351 ], [ -99.113694027031258, 19.198334029521583 ], [ -99.113767011575135, 19.197931518897057 ], [ -99.113857071791642, 19.197653167153057 ], [ -99.113871145775136, 19.197502672049946 ], [ -99.113745929174996, 19.197182491192521 ], [ -99.113751285269743, 19.197065599568763 ], [ -99.113779696229798, 19.19644621057833 ], [ -99.113949975618524, 19.195625901712742 ], [ -99.11399096553788, 19.195569781217209 ], [ -99.114041965876737, 19.19506935183799 ], [ -99.113980763488541, 19.194573834668763 ], [ -99.113980014688551, 19.194567770452924 ], [ -99.114143665893948, 19.194071831128404 ], [ -99.11421196683149, 19.19401209270691 ], [ -99.114400766797559, 19.193478972414134 ], [ -99.114400849463877, 19.193478310844036 ], [ -99.11446833682119, 19.192939122690291 ], [ -99.114518135395826, 19.192207073131492 ], [ -99.114663902194138, 19.191310192863199 ], [ -99.11466555996266, 19.191299991045167 ], [ -99.114871686546564, 19.190371923408406 ], [ -99.115017805728371, 19.188707272279302 ], [ -99.115252176922311, 19.189067233189821 ], [ -99.115419457050621, 19.189273342483371 ], [ -99.115486006118857, 19.18932260374585 ], [ -99.115569315828594, 19.18936304256161 ], [ -99.116551936340159, 19.189421172278919 ], [ -99.116878694851962, 19.189498492643317 ], [ -99.116920806045897, 19.189526672719396 ], [ -99.116962916291556, 19.189573643749135 ], [ -99.117258625954562, 19.190101953671231 ], [ -99.117246395437519, 19.19017175280942 ], [ -99.11712156484144, 19.190362953296574 ], [ -99.11712466650394, 19.190412663470639 ], [ -99.117157335572898, 19.190449983462106 ], [ -99.117319136171361, 19.190524202791188 ], [ -99.117745974733253, 19.190961472933605 ], [ -99.117915975607445, 19.190981372247233 ], [ -99.118249686235728, 19.191162092403104 ], [ -99.118353964831712, 19.191289672079765 ], [ -99.118372085250286, 19.191371012749169 ], [ -99.118393806862926, 19.191578915059967 ], [ -99.118400605235038, 19.191685322589699 ], [ -99.118451565760736, 19.191833442081954 ], [ -99.118881256063119, 19.192637632327727 ], [ -99.118917936146005, 19.192687603056861 ], [ -99.11893705543585, 19.192736432285333 ], [ -99.118941885635579, 19.192849901321296 ], [ -99.118960964992354, 19.192901612501341 ], [ -99.119035765965748, 19.193017661918976 ], [ -99.11905016538887, 19.193112981897308 ], [ -99.119772144735009, 19.193229372564119 ], [ -99.119788884167193, 19.193213441203131 ] ] ], [ [ [ -99.14577316909633, 19.234319592139894 ], [ -99.145629047924359, 19.234319531859285 ], [ -99.145550138460962, 19.234367792903996 ], [ -99.145490488227225, 19.234417063117295 ], [ -99.145390539285188, 19.234453313384478 ], [ -99.14532439889372, 19.234435423483063 ], [ -99.145212789622349, 19.234367132788563 ], [ -99.145054278443936, 19.234334931889208 ], [ -99.144912089180878, 19.234337852809649 ], [ -99.144836599411832, 19.234381492412393 ], [ -99.144796657969493, 19.234448992020479 ], [ -99.144774479405299, 19.234477132798823 ], [ -99.144682989532356, 19.234500192010884 ], [ -99.144444849443332, 19.234521972304019 ], [ -99.144830168838666, 19.235193491995364 ], [ -99.145031629667244, 19.235543371600187 ], [ -99.145930378244273, 19.237236264649585 ], [ -99.146147728805232, 19.237645661887463 ], [ -99.146160968541224, 19.237671361322523 ], [ -99.146327138889291, 19.237990131831225 ], [ -99.147008218310873, 19.239296531316899 ], [ -99.147158488699986, 19.239593230982887 ], [ -99.147333878854752, 19.239949941384054 ], [ -99.147512138965041, 19.24025633111663 ], [ -99.147352458836082, 19.240362482221425 ], [ -99.147129058367071, 19.240417650438914 ], [ -99.147009927975319, 19.240426450566691 ], [ -99.146888817915325, 19.240406991614204 ], [ -99.146675509062533, 19.240333890516638 ], [ -99.146575648186612, 19.240252691986683 ], [ -99.14648747659993, 19.240145921716195 ], [ -99.146416219081871, 19.24005963116748 ], [ -99.146402246082715, 19.240037639632334 ], [ -99.146380612506562, 19.240003591357869 ], [ -99.146300327958187, 19.23987723219777 ], [ -99.146228553733167, 19.239549927903848 ], [ -99.146208739114854, 19.239459572379886 ], [ -99.146186475455437, 19.239428652344696 ], [ -99.146112629191123, 19.239326091056807 ], [ -99.146053088987642, 19.239325540868482 ], [ -99.14559707854356, 19.239322191145995 ], [ -99.145336998758239, 19.239382680729548 ], [ -99.145137288224859, 19.239469371075561 ], [ -99.1447534479653, 19.239547860664022 ], [ -99.144390548264113, 19.239622066840724 ], [ -99.144169529723825, 19.239667260879592 ], [ -99.144003799475627, 19.239681600607184 ], [ -99.143940559410254, 19.240157171265764 ], [ -99.143939426571109, 19.240165706908257 ], [ -99.143936619332635, 19.240186861210258 ], [ -99.143939247546584, 19.240240021859172 ], [ -99.143955092519931, 19.240560473076414 ], [ -99.143961892583562, 19.240697987876167 ], [ -99.143967229516946, 19.240805930673247 ], [ -99.143969678289054, 19.240870561428302 ], [ -99.143972280718046, 19.24092404325777 ], [ -99.143995375114628, 19.241398938422119 ], [ -99.143998359080186, 19.241460291503813 ], [ -99.144024019067842, 19.241699250995691 ], [ -99.144049729576736, 19.242035430746817 ], [ -99.144061365528742, 19.242205809696422 ], [ -99.14406840265822, 19.242308827251787 ], [ -99.144073048462289, 19.242376860907513 ], [ -99.144082451786332, 19.242488130624366 ], [ -99.144085096141453, 19.242519418348561 ], [ -99.1440880492394, 19.242554360344634 ], [ -99.144109229610606, 19.242605829959306 ], [ -99.144110544848189, 19.242615982019618 ], [ -99.144121359524931, 19.242699430973303 ], [ -99.144144874609935, 19.242881301670874 ], [ -99.144159553162609, 19.24299483655291 ], [ -99.144159658196173, 19.242995650309105 ], [ -99.144183949804315, 19.243183345882485 ], [ -99.144197785276788, 19.243290234796181 ], [ -99.144232159187936, 19.243555830888546 ], [ -99.144243708317148, 19.24365785037098 ], [ -99.144245229281154, 19.243997851408626 ], [ -99.144243275784731, 19.244175458104966 ], [ -99.144243189678917, 19.24418324983608 ], [ -99.144239072340667, 19.244210700584038 ], [ -99.144184138346446, 19.244576910778765 ], [ -99.144247709195525, 19.244737369816811 ], [ -99.143658089846085, 19.244615740201674 ], [ -99.143330380114563, 19.244487201831571 ], [ -99.143307708605988, 19.244478310882187 ], [ -99.142323769006751, 19.244156140953496 ], [ -99.142228529495171, 19.243866449634538 ], [ -99.142195339154114, 19.243831262267705 ], [ -99.142051909600738, 19.24367920059785 ], [ -99.141997739109598, 19.24364144982291 ], [ -99.141707000229474, 19.243591621137679 ], [ -99.141648430437328, 19.243578330319924 ], [ -99.141699030348249, 19.243651129937497 ], [ -99.141701109944435, 19.243676941204299 ], [ -99.141645420185952, 19.243744860204345 ], [ -99.141613770559587, 19.243751760829301 ], [ -99.141135819632737, 19.243600740403458 ], [ -99.141088049722597, 19.243589540144967 ], [ -99.141039359291455, 19.243584930758402 ], [ -99.14037640084841, 19.243591829951452 ], [ -99.140323830043315, 19.243625020097351 ], [ -99.140278289987762, 19.243671080764116 ], [ -99.140217429268603, 19.243800430983693 ], [ -99.140182630362347, 19.243848420097457 ], [ -99.13999616075553, 19.244189930438015 ], [ -99.139581733719965, 19.244869015652732 ], [ -99.1389138205476, 19.245963449196726 ], [ -99.138282089696347, 19.245723089515725 ], [ -99.138242999850519, 19.2456786505889 ], [ -99.138010431465375, 19.245210399450446 ], [ -99.137929230616109, 19.244935030254016 ], [ -99.137837620085961, 19.244358129794822 ], [ -99.137798490076761, 19.244293930304423 ], [ -99.137756569981065, 19.244078170229965 ], [ -99.137656769826762, 19.2433541609286 ], [ -99.137672080921334, 19.242900200488744 ], [ -99.13786696147821, 19.241981460136294 ], [ -99.137911200956339, 19.241934480508135 ], [ -99.138075290650221, 19.241621461394772 ], [ -99.138221307394318, 19.241147653996617 ], [ -99.138456569629, 19.240393740715181 ], [ -99.138507518394235, 19.24032766487003 ], [ -99.138220112804532, 19.240216461091624 ], [ -99.138017351526543, 19.23985092997593 ], [ -99.138017817930105, 19.239850976868837 ], [ -99.138189587662751, 19.239868250388099 ], [ -99.138395790083052, 19.238786074970214 ], [ -99.137906154267554, 19.238726571010229 ], [ -99.137637135230534, 19.238641502883112 ], [ -99.137180673740914, 19.238558187372828 ], [ -99.137408288934964, 19.238416909065823 ], [ -99.137802438832622, 19.238089537614684 ], [ -99.138192058586299, 19.236965408442394 ], [ -99.13834867929954, 19.236451066037557 ], [ -99.138405285899267, 19.236265168773283 ], [ -99.138436003243527, 19.23618125691188 ], [ -99.138575421355924, 19.235957382957356 ], [ -99.138854493531241, 19.235970035856159 ], [ -99.138931615200931, 19.235770238098056 ], [ -99.139123265616675, 19.23580198083425 ], [ -99.139667044471807, 19.235891345968369 ], [ -99.140155601270294, 19.235922558818192 ], [ -99.140292292590374, 19.235970794335387 ], [ -99.14051432750081, 19.235998641608568 ], [ -99.140750282282283, 19.236028233466755 ], [ -99.140845248888198, 19.235996258653344 ], [ -99.140888868604932, 19.235981570625256 ], [ -99.140928884436391, 19.235991890205678 ], [ -99.140971581297435, 19.236009807407335 ], [ -99.141008260510475, 19.236061213648927 ], [ -99.141005173866986, 19.236391945129697 ], [ -99.141041921993335, 19.236431257774942 ], [ -99.141081418220182, 19.236437528592166 ], [ -99.14116651336289, 19.236426072030827 ], [ -99.14126824809702, 19.236375302670339 ], [ -99.142484509766376, 19.235693931567759 ], [ -99.142531848948991, 19.235589682563411 ], [ -99.14281259869739, 19.235339542762251 ], [ -99.14297725896968, 19.235247052152179 ], [ -99.143184429211942, 19.235230312447904 ], [ -99.143461478252007, 19.235189833303838 ], [ -99.143664865506636, 19.235146802178587 ], [ -99.143766909578844, 19.235084373457443 ], [ -99.143732626346804, 19.234547418559 ], [ -99.143725765951601, 19.234439962316788 ], [ -99.143707565428514, 19.234145800293746 ], [ -99.143706942056511, 19.234076915652409 ], [ -99.14370651004144, 19.234029107805405 ], [ -99.143718024245544, 19.233914495911552 ], [ -99.14372878338942, 19.233807416585208 ], [ -99.143727848994672, 19.233597803405289 ], [ -99.143697877177914, 19.233403093342709 ], [ -99.143920276817568, 19.233305839904421 ], [ -99.143731434662442, 19.232816849276762 ], [ -99.143064622947549, 19.23052314480281 ], [ -99.143049158590287, 19.230358054496492 ], [ -99.143049210514064, 19.230205240334623 ], [ -99.143068493998967, 19.230037810684628 ], [ -99.143093582621105, 19.229894461310035 ], [ -99.143165616763469, 19.22967042058518 ], [ -99.143214321034193, 19.229552166194491 ], [ -99.143345948523873, 19.229326779846609 ], [ -99.14365412819717, 19.229574494533168 ], [ -99.143687658553006, 19.229794132935986 ], [ -99.143902078422016, 19.230039053125015 ], [ -99.14413485827771, 19.230237173230709 ], [ -99.144354029837601, 19.230333854034644 ], [ -99.145280139536197, 19.230522573751877 ], [ -99.150093927196423, 19.230750483171843 ], [ -99.150399253214488, 19.230301458074301 ], [ -99.150549010677423, 19.230004384227037 ], [ -99.15061249371746, 19.229800249784081 ], [ -99.150766279027394, 19.229609778585758 ], [ -99.150829168416792, 19.229583655706104 ], [ -99.151015605215349, 19.229606857429854 ], [ -99.151856157718413, 19.230059260193443 ], [ -99.151852617917115, 19.230065432881876 ], [ -99.151813567317433, 19.230208424125657 ], [ -99.151786017985032, 19.23047819391606 ], [ -99.151773197047333, 19.230662023300649 ], [ -99.151769941457232, 19.23067357833672 ], [ -99.151747374893631, 19.230753671435867 ], [ -99.151732386883936, 19.230806864056149 ], [ -99.151617227488856, 19.231073632987677 ], [ -99.151604640739478, 19.231088982877946 ], [ -99.151546321807558, 19.23116010266186 ], [ -99.151518686723008, 19.231193803702464 ], [ -99.151358277941526, 19.231350963222354 ], [ -99.151264835866755, 19.231447321227506 ], [ -99.151224967736312, 19.231488434237907 ], [ -99.151162706936773, 19.231576492922535 ], [ -99.151094550776818, 19.231760539428731 ], [ -99.151091386704437, 19.231769082904798 ], [ -99.150968367201912, 19.231905372689372 ], [ -99.150924937006451, 19.231938933218142 ], [ -99.150893676702026, 19.231981092851175 ], [ -99.150858247463589, 19.232080564022379 ], [ -99.150844188001074, 19.232231883683937 ], [ -99.150770338427591, 19.23226383365488 ], [ -99.15072993682432, 19.232287569774222 ], [ -99.150686533887139, 19.232313070259192 ], [ -99.150644080236759, 19.232364045795602 ], [ -99.15060947769571, 19.232425716930649 ], [ -99.150569523161295, 19.232598510678351 ], [ -99.150567568365503, 19.232651832429177 ], [ -99.150578307781558, 19.232915662907057 ], [ -99.150593926829643, 19.233080282759538 ], [ -99.150571908136996, 19.233164682435007 ], [ -99.150512568122849, 19.233208173869844 ], [ -99.150469107578147, 19.233410942122557 ], [ -99.150483398217176, 19.23352799289724 ], [ -99.150517537378022, 19.233669222083819 ], [ -99.15055302714326, 19.233752093481247 ], [ -99.150649506871545, 19.233974972242478 ], [ -99.150696456562031, 19.23406246299443 ], [ -99.150729387953646, 19.234203082344504 ], [ -99.15073993423573, 19.234268561952319 ], [ -99.150740092050157, 19.234269544297845 ], [ -99.150740140984368, 19.234269849631492 ], [ -99.150737888637408, 19.234386278435636 ], [ -99.150708382056052, 19.234544560270862 ], [ -99.150686744621126, 19.234588338503503 ], [ -99.150670832007535, 19.234620533977523 ], [ -99.150638475723397, 19.234617750760556 ], [ -99.150517907034086, 19.234607381118739 ], [ -99.150471813755416, 19.234590516008904 ], [ -99.150470218367033, 19.234535422974385 ], [ -99.150456596799572, 19.234410823357923 ], [ -99.150434646532489, 19.234291513323093 ], [ -99.150379247756206, 19.234230661950107 ], [ -99.150301536639091, 19.234191093117936 ], [ -99.150243246673867, 19.234175343106056 ], [ -99.150126567983264, 19.23416771197763 ], [ -99.150018198007331, 19.234178632676677 ], [ -99.149773768572771, 19.234158092883796 ], [ -99.149654388492323, 19.234129232141814 ], [ -99.149605687463719, 19.234092508230127 ], [ -99.149587817452087, 19.23407903227956 ], [ -99.149537937185968, 19.234031432413271 ], [ -99.149490621421265, 19.233989454556827 ], [ -99.149399425749635, 19.233979325139149 ], [ -99.149281410061391, 19.234035039770557 ], [ -99.149219718594452, 19.234136339684166 ], [ -99.149305226772043, 19.234397174076161 ], [ -99.149350387365246, 19.234534933508368 ], [ -99.14935858397331, 19.234559932142357 ], [ -99.149289515937468, 19.23471061390703 ], [ -99.149002459131594, 19.235004979610697 ], [ -99.148943449602271, 19.235073357816709 ], [ -99.148911318744368, 19.235134031770482 ], [ -99.148865864757681, 19.235219865147563 ], [ -99.148852255648734, 19.23524556457399 ], [ -99.148817387803831, 19.235341799248797 ], [ -99.148783036806378, 19.235427648427585 ], [ -99.14877178841779, 19.235455760679702 ], [ -99.148734238664872, 19.23554186291982 ], [ -99.148677912135625, 19.235569721769998 ], [ -99.148573306077253, 19.235592513910191 ], [ -99.14847808695005, 19.235611506005217 ], [ -99.148413043298419, 19.235645061833093 ], [ -99.148353363998496, 19.235691279526165 ], [ -99.148316663522323, 19.235803863352519 ], [ -99.148311299904833, 19.235906428209343 ], [ -99.148285526944818, 19.235978802486709 ], [ -99.148258995839853, 19.236053309629643 ], [ -99.148187068256888, 19.236195239723056 ], [ -99.148126227609751, 19.236193862155201 ], [ -99.147993457251516, 19.236122952221734 ], [ -99.147958590282244, 19.236055843190332 ], [ -99.147959369089136, 19.23605317799975 ], [ -99.147980047773814, 19.235982401724407 ], [ -99.14803519847554, 19.235887809629578 ], [ -99.148058577195059, 19.235824604035166 ], [ -99.148076843967146, 19.235775219609998 ], [ -99.14810496951668, 19.235699182536671 ], [ -99.148128059758079, 19.235521603667003 ], [ -99.148147642621666, 19.235326491206614 ], [ -99.148153601266401, 19.235267125916842 ], [ -99.148299721060283, 19.235164525531751 ], [ -99.148372139309771, 19.235093617650531 ], [ -99.148398963115156, 19.235035369451897 ], [ -99.148397252627291, 19.235010553055275 ], [ -99.148394787561955, 19.234974761817142 ], [ -99.148347945593287, 19.234887283140022 ], [ -99.148013090354468, 19.234575601575976 ], [ -99.147925917695247, 19.234516087830283 ], [ -99.147743527192617, 19.234479367159949 ], [ -99.147669186220611, 19.234454706059772 ], [ -99.147545043457143, 19.234413522882566 ], [ -99.1475122652772, 19.234407570953923 ], [ -99.147370700347537, 19.234381866048668 ], [ -99.147190030183523, 19.234351734720786 ], [ -99.14689997339913, 19.234303358770518 ], [ -99.146874783217726, 19.234296433931515 ], [ -99.146815628667838, 19.234280173393774 ], [ -99.146688078871179, 19.234245111175898 ], [ -99.14650523263596, 19.234196575436528 ], [ -99.146428346509907, 19.234179689689977 ], [ -99.146330889891928, 19.234177581237514 ], [ -99.146203278187869, 19.234222512116904 ], [ -99.146051939588418, 19.234234561981456 ], [ -99.145972815319624, 19.234251022793462 ], [ -99.145932582031904, 19.23428268009236 ], [ -99.145867398972484, 19.234314512579321 ], [ -99.14577316909633, 19.234319592139894 ] ] ], [ [ [ -99.104115658401639, 19.199407779832374 ], [ -99.104188669112517, 19.199364301581738 ], [ -99.104717899677098, 19.199043490366218 ], [ -99.104792008318086, 19.198961341575686 ], [ -99.104836548240158, 19.198863229880143 ], [ -99.104843288552956, 19.198763411102242 ], [ -99.104816629095978, 19.198653270707016 ], [ -99.104771239356964, 19.198558041739915 ], [ -99.104717778297044, 19.198490470609986 ], [ -99.104601178682543, 19.19842294033338 ], [ -99.104526813291756, 19.198416853579275 ], [ -99.104519733200547, 19.198416801107697 ], [ -99.104412086849521, 19.19841598446207 ], [ -99.104392097534273, 19.19841583290977 ], [ -99.104469640742209, 19.197997453555519 ], [ -99.104731108865309, 19.198017097601781 ], [ -99.10526894487711, 19.198057503559411 ], [ -99.105274897067616, 19.198057951101735 ], [ -99.106076974318356, 19.198118203106873 ], [ -99.106078399384756, 19.19805111407511 ], [ -99.106077517397196, 19.19804684645046 ], [ -99.106069247423264, 19.198006833367508 ], [ -99.106054166804739, 19.197956688024934 ], [ -99.106034885723659, 19.197914130101111 ], [ -99.105983936980351, 19.19784220292307 ], [ -99.106279789637597, 19.197844380044362 ], [ -99.107882867010048, 19.198663670660302 ], [ -99.108070408809112, 19.198788951199401 ], [ -99.108074896949574, 19.198824140937798 ], [ -99.10978039597272, 19.199470429768414 ], [ -99.110430407689364, 19.199732411770345 ], [ -99.110138537407934, 19.200004800451524 ], [ -99.110061597099403, 19.200121399941828 ], [ -99.109882837573451, 19.200535640738188 ], [ -99.109651458317373, 19.200906000672688 ], [ -99.110010146507307, 19.201157800134414 ], [ -99.110299006722798, 19.20136832035211 ], [ -99.110542537111456, 19.201484999839785 ], [ -99.110598406496194, 19.201721839876424 ], [ -99.110272777770774, 19.202048770348814 ], [ -99.110038266749086, 19.202068429612936 ], [ -99.109994177987545, 19.202110339215839 ], [ -99.109994397184281, 19.202411350049221 ], [ -99.110096337518641, 19.202539609866395 ], [ -99.110138566466176, 19.202647599941002 ], [ -99.110130297420568, 19.202790171032895 ], [ -99.11011382729896, 19.202959629676169 ], [ -99.110079687900424, 19.203032659116044 ], [ -99.110019897253039, 19.203093519681641 ], [ -99.109947607976736, 19.203127889988863 ], [ -99.109594347322954, 19.203752239205546 ], [ -99.108952856914314, 19.203431999933787 ], [ -99.108850467208114, 19.203514919521339 ], [ -99.108784087727642, 19.203511640481853 ], [ -99.108628228226323, 19.20355326966498 ], [ -99.108504687882984, 19.203546659655171 ], [ -99.108334027335971, 19.203474039495035 ], [ -99.107449887117966, 19.2029034701848 ], [ -99.107071466642324, 19.202709082185326 ], [ -99.106932378584872, 19.202608669360615 ], [ -99.10590451211749, 19.201222477235127 ], [ -99.1056640293382, 19.201118570043445 ], [ -99.105631948100012, 19.201051720671131 ], [ -99.10557540641193, 19.200674497670271 ], [ -99.105567779063207, 19.200594810616902 ], [ -99.104664890321672, 19.200702524562207 ], [ -99.103234139563526, 19.200618240884992 ], [ -99.102409500099398, 19.20069034069628 ], [ -99.102239259365831, 19.200659090335574 ], [ -99.102265430105774, 19.200625350470045 ], [ -99.102392169019964, 19.200461890953086 ], [ -99.102621569630244, 19.200308240353834 ], [ -99.10310619922285, 19.20001541005384 ], [ -99.103260238145182, 19.199923320236334 ], [ -99.104072938795682, 19.199433500959206 ], [ -99.104115658401639, 19.199407779832374 ] ] ] ] } }
]
}
